dirname,Names,filename,ID,Name,Lat,Lon,Alt,Source,Link,Vbl,Stat,Units,start_date,end_date,Meta
Aachen,Aachen | Aix-la-Chapelle | Aken,ECAD_Aachen_18910101-20110331_ta_daily_qc.tsv,TG_SOUID_102318,Aachen,50.783889,6.095,202,ECA&D,knmi-ecad-assets-prd.s3.amazonaws.com/download/ECA_nonblend_tg.zip,ta,mean,C,1891-1-1,2011-3-31,Mean temperature 0-0 UT | QC software=dataresqc v1.1.1
Aalesund,Ålesund | Alesund | Aalesund,METNO_Alesund_18640101-18661230_p_subdaily.tsv,Ålesund,Ålesund,62.4755,6.1508,6.0,frost.met.no,DOI 10.5281/zenodo.5940391,p,point,hPa,1864-1-1,1866-12-30,PTC=Y | PGC=? | Station number SN60950
Aarau,Aarau,CHIMES_Aarau_Bronner_18260401-18301231_p_subdaily_qc.tsv,AG01_Aarau_Bronner,Aarau,47.393,8.043,384,CHIMES,https://doi.org/10.5194/cp-15-1345-2019,p,point,hPa,1826-4-1,1830-12-31,Observer=Franz Xaver Bronner | PTC=Y | PGC=Y | QC software=dataresqc v1.0.3
Aarau,Aarau,CHIMES_Aarau_Zschogge_18070101-18651231_ta_subdaily_qc.tsv,AG01_Aarau_Zschogge,Aarau,47.393,8.043,384,CHIMES,https://doi.org/10.5194/cp-15-1345-2019,ta,point,C,1807-1-1,1865-12-31,"Observer=Heinrich Zschokke,Theodor Zschokke | QC software=dataresqc v1.0.3"
Aarau,Aarau,CHIMES_Aarau_Zschogge_18570401-18651231_rr_subdaily_qc.tsv,AG01_Aarau_Zschogge,Aarau,47.393,8.043,384,CHIMES,https://doi.org/10.5194/cp-15-1345-2019,rr,sum,mm,1857-4-1,1865-12-31,Observer=Theodor Zschokke | QC software=dataresqc v1.1.1
Aarau,Aarau,CHIMES_Aarau_Zschogge_18070101-18651231_p_subdaily_qc.tsv,AG01_Aarau_Zschogge,Aarau,47.393,8.043,384,CHIMES,https://doi.org/10.5194/cp-15-1345-2019,p,point,hPa,1807-1-1,1865-12-31,"Observer=Heinrich Zschokke,Theodor Zschokke | PTC=Y | PGC=Y | QC software=dataresqc v1.0.3"
Aarau,Aarau,CHIMES_Aarau_Bronner_18260401-18301231_ta_subdaily_qc.tsv,AG01_Aarau_Bronner,Aarau,47.393,8.043,384,CHIMES,https://doi.org/10.5194/cp-15-1345-2019,ta,point,C,1826-4-1,1830-12-31,Observer=Franz Xaver Bronner | QC software=dataresqc v1.0.3
Aas,As | Ås | Aas,METNO_Aas_18850101-19661231_p_subdaily.tsv,Ås (NMBU),Ås (NMBU),59.6605,10.7818,92.0,frost.met.no,DOI 10.5281/zenodo.5940391,p,point,hPa,1885-1-1,1966-12-31,PTC=Y | PGC=? | Station number SN17850
Aas,As | Ås | Aas,GHCNd_Gronbaek-Allingskovgard_18740901-20181231_rr_daily.tsv,DA000021430,GRONBAEK-ALLINGSKOVGARD,56.2831,9.6167,25,GHCN-D,,rr,sum,mm,1874-9-1,2018-12-31,
Aberdeen,Aberdeen | Obar Dheathain | Aiberdeen,WRDv2-2_Aberdeen_UK-hourly-books_18740101-18861231_p_subdaily.tsv,ABERDEEN,Aberdeen,57.1667,-2.1,27,UK-HOURLY-BOOKS,https://github.com/ed-hawkins/weather-rescue-data/tree/master/hourly_uk,p,point,hPa,1874-1-1,1886-12-31,"Transcription project led by Lisa Alexander, converted by Jiahao Gu and Ed Hawkins"
Aberdeen,Aberdeen | Obar Dheathain | Aiberdeen,WRDv2-2_Aberdeen_18610301-18750331_ta_barometer_subdaily.tsv,DWRUK_ABERDEEN,Aberdeen Observatory,57.16413,-2.10082,20,DWR_UKMO,DOI 10.5281/zenodo.5940391,ta,point,C,1861-3-1,1875-3-31,
Aberdeen,Aberdeen | Obar Dheathain | Aiberdeen,WRDv2-2_Aberdeen_18611211-18750331_rr_daily_qc.tsv,DWRUK_ABERDEEN,Aberdeen Observatory,57.164128,-2.100822,14,DWR_UKMO,DOI 10.5281/zenodo.5940391,rr,sum,mm,1861-12-11,1875-3-31,QC software=dataresqc v1.1.1
Aberdeen,Aberdeen | Obar Dheathain | Aiberdeen,WRDv2-2_Aberdeen_18610301-18750331_ta_subdaily_qc.tsv,DWRUK_ABERDEEN,Aberdeen Observatory,57.164128,-2.100822,20,DWR_UKMO,DOI 10.5281/zenodo.5940391,ta,point,C,1861-3-1,1875-3-31,QC software=dataresqc v1.1.1
Aberdeen,Aberdeen | Obar Dheathain | Aiberdeen,WRDv2-2_Aberdeen_18720114-18750331_Tx_daily_qc.tsv,DWRUK_ABERDEEN,Aberdeen Observatory,57.16413,-2.10082,20,DWR_UKMO,DOI 10.5281/zenodo.5940391,Tx,maximum,C,1872-1-14,1875-3-31,QC software=dataresqc v1.1.1
Aberdeen,Aberdeen | Obar Dheathain | Aiberdeen,WRDv2-2_Aberdeen_18720114-18750331_Tn_daily_qc.tsv,DWRUK_ABERDEEN,Aberdeen Observatory,57.16413,-2.10082,20,DWR_UKMO,DOI 10.5281/zenodo.5940391,Tn,minimum,C,1872-1-14,1875-3-31,QC software=dataresqc v1.1.1
Aberdeen,Aberdeen | Obar Dheathain | Aiberdeen,EMULATE_Aberdeen_18610101-18771231_p_subdaily.tsv,ABERDEEN,ABERDEEN,57.2,-2.2,20,EMULATE,DOI 10.5281/zenodo.5940391,p,point,hPa,1861-1-1,1877-12-31,
Aberdeen,Aberdeen | Obar Dheathain | Aiberdeen,CRU_Aberdeen_18610101-19951231_p_daily.tsv,WMO-3091,Aberdeen,57.16,-2.1,33,CRU,https://sites.uea.ac.uk/cru/,p,mean,hPa,1861-1-1,1995-12-31,PGC=N | PTC=N
Aberdeen,Aberdeen | Obar Dheathain | Aiberdeen,WRDv2-2_Aberdeen_18610301-18750331_p_subdaily.tsv,DWRUK_ABERDEEN,Aberdeen Observatory,57.164128,-2.100822,20,DWR_UKMO,DOI 10.5281/zenodo.5940391,p,point,hPa,1861-3-1,1875-3-31,PTC=Y | PGC=N
AiPetri,Ai-Petri,ECAD_AiPetri_18950912-20121231_ta_daily_qc.tsv,TG_SOUID_105523,AiPetri,44.47,34.07,1180,ECA&D,knmi-ecad-assets-prd.s3.amazonaws.com/download/ECA_nonblend_tg.zip,ta,mean,C,1895-9-12,2012-12-31,Mean temperature 18-18 UT | QC software=dataresqc v1.1.1
Akureyri,Akureyri | Akuyeri,WRDv2-2_Akureyri_18510101-18541023_p_subdaily.tsv,Akuyeri,Akureyri,65.68,-18.1066,0,Trausti Jónsson,DOI 10.5281/zenodo.5940391,p,point,hPa,1851-1-1,1854-10-23,PTC=Y | PGC=Y | orig.longitude=341.9200 | orig.name=Akureyri
Alange,Alange,EMOSSv2_Alange_18680701-18680930_rh_subdaily_qc.tsv,BAALAN2,Extremadura-Alange,38.784444,-6.243611,323,"Vaquero, José Manuel; Bravo-Paredes, Nieves; Obregón, María Angeles; Sánchez-Carrasco, Víctor Manuel; Valente, Maria Antónia; Trigo, Ricardo M; Domínguez-Castro, Fernando; Montero-Martín, Javier; Vaquero-Martínez, Javier; Antón, Manuel; García, José Agustín; Gallego, María Cruz (2020): Early meteorological records from BAALAN1 (1866). PANGAEA.",https://doi.pangaea.de/10.1594/PANGAEA.925805,rh,point,%,1868-7-1,1868-9-30,Instrument=Saussure hygrometer | QC software=dataresqc v1.1.1
Alange,Alange,EMOSSv2_Alange_18820624-18840930_dd_daily_qc.tsv,BAALAN4,Extremadura-Alange,38.784444,-6.243611,323,"Vaquero, José Manuel; Bravo-Paredes, Nieves; Obregón, María Angeles; Sánchez-Carrasco, Víctor Manuel; Valente, Maria Antónia; Trigo, Ricardo M; Domínguez-Castro, Fernando; Montero-Martín, Javier; Vaquero-Martínez, Javier; Antón, Manuel; García, José Agustín; Gallego, María Cruz (2020): Early meteorological records from BAALAN1 (1866). PANGAEA.",https://doi.pangaea.de/10.1594/PANGAEA.925805,dd,mean,degree,1882-6-24,1884-9-30,QC software=dataresqc v1.1.1
Alange,Alange,EMOSSv2_Alange_18850624-18930930_dd_subdaily_qc.tsv,BAALAN4,Extremadura-Alange,38.784444,-6.243611,323,"Vaquero, José Manuel; Bravo-Paredes, Nieves; Obregón, María Angeles; Sánchez-Carrasco, Víctor Manuel; Valente, Maria Antónia; Trigo, Ricardo M; Domínguez-Castro, Fernando; Montero-Martín, Javier; Vaquero-Martínez, Javier; Antón, Manuel; García, José Agustín; Gallego, María Cruz (2020): Early meteorological records from BAALAN1 (1866). PANGAEA.",https://doi.pangaea.de/10.1594/PANGAEA.925805,dd,point,degree,1885-6-24,1893-9-30,QC software=dataresqc v1.1.1
Alange,Alange,EMOSSv2_Alange_18820624-18930930_ta_subdaily_qc.tsv,BAALAN4,Extremadura-Alange,38.784444,-6.243611,323,"Vaquero, José Manuel; Bravo-Paredes, Nieves; Obregón, María Angeles; Sánchez-Carrasco, Víctor Manuel; Valente, Maria Antónia; Trigo, Ricardo M; Domínguez-Castro, Fernando; Montero-Martín, Javier; Vaquero-Martínez, Javier; Antón, Manuel; García, José Agustín; Gallego, María Cruz (2020): Early meteorological records from BAALAN1 (1866). PANGAEA.",https://doi.pangaea.de/10.1594/PANGAEA.925805,ta,point,C,1882-6-24,1893-9-30,Instrument=Reaumur thermometer | QC software=dataresqc v1.1.1
Alange,Alange,EMOSSv2_Alange_18770702-18770930_p_daily_qc.tsv,BAALAN3,Extremadura-Alange,38.784444,-6.243611,323,"Vaquero, José Manuel; Bravo-Paredes, Nieves; Obregón, María Angeles; Sánchez-Carrasco, Víctor Manuel; Valente, Maria Antónia; Trigo, Ricardo M; Domínguez-Castro, Fernando; Montero-Martín, Javier; Vaquero-Martínez, Javier; Antón, Manuel; García, José Agustín; Gallego, María Cruz (2020): Early meteorological records from BAALAN1 (1866). PANGAEA.",https://doi.pangaea.de/10.1594/PANGAEA.925805,p,point,hPa,1877-7-2,1877-9-30,PTC=Y | PGC=N | QC software=dataresqc v1.1.1
Alange,Alange,EMOSSv2_Alange_18680701-18680930_ta_subdaily_qc.tsv,BAALAN2,Extremadura-Alange,38.784444,-6.243611,323,"Vaquero, José Manuel; Bravo-Paredes, Nieves; Obregón, María Angeles; Sánchez-Carrasco, Víctor Manuel; Valente, Maria Antónia; Trigo, Ricardo M; Domínguez-Castro, Fernando; Montero-Martín, Javier; Vaquero-Martínez, Javier; Antón, Manuel; García, José Agustín; Gallego, María Cruz (2020): Early meteorological records from BAALAN1 (1866). PANGAEA.",https://doi.pangaea.de/10.1594/PANGAEA.925805,ta,point,C,1868-7-1,1868-9-30,Instrument=Thermometer | QC software=dataresqc v1.1.1
Alange,Alange,EMOSSv2_Alange_18680701-18680930_p_subdaily_qc.tsv,BAALAN2,Extremadura-Alange,38.784444,-6.243611,323,"Vaquero, José Manuel; Bravo-Paredes, Nieves; Obregón, María Angeles; Sánchez-Carrasco, Víctor Manuel; Valente, Maria Antónia; Trigo, Ricardo M; Domínguez-Castro, Fernando; Montero-Martín, Javier; Vaquero-Martínez, Javier; Antón, Manuel; García, José Agustín; Gallego, María Cruz (2020): Early meteorological records from BAALAN1 (1866). PANGAEA.",https://doi.pangaea.de/10.1594/PANGAEA.925805,p,point,hPa,1868-7-1,1868-9-30,PGC=N | PTC=Y | QC software=dataresqc v1.1.1
Alange,Alange,EMOSSv2_Alange_18890624-18930921_p_subdaily_qc.tsv,BAALAN4,Extremadura-Alange,38.784444,-6.243611,323,"Vaquero, José Manuel; Bravo-Paredes, Nieves; Obregón, María Angeles; Sánchez-Carrasco, Víctor Manuel; Valente, Maria Antónia; Trigo, Ricardo M; Domínguez-Castro, Fernando; Montero-Martín, Javier; Vaquero-Martínez, Javier; Antón, Manuel; García, José Agustín; Gallego, María Cruz (2020): Early meteorological records from BAALAN1 (1866). PANGAEA.",https://doi.pangaea.de/10.1594/PANGAEA.925805,p,point,hPa,1889-6-24,1893-9-21,PTC=Y | PGC=N | QC software=dataresqc v1.1.1
Alange,Alange,EMOSSv2_Alange_18660701-18660930_p_subdaily_qc.tsv,BAALAN1,Extremadura-Alange,38.784444,-6.243611,323,"Vaquero, José Manuel; Bravo-Paredes, Nieves; Obregón, María Angeles; Sánchez-Carrasco, Víctor Manuel; Valente, Maria Antónia; Trigo, Ricardo M; Domínguez-Castro, Fernando; Montero-Martín, Javier; Vaquero-Martínez, Javier; Antón, Manuel; García, José Agustín; Gallego, María Cruz (2020): Early meteorological records from BAALAN1 (1866). PANGAEA.",https://doi.pangaea.de/10.1594/PANGAEA.925805,p,point,hPa,1866-7-1,1866-9-30,PGC=N | PTC=Y | QC software=dataresqc v1.1.1
Alange,Alange,EMOSSv2_Alange_18660701-18660930_rh_subdaily.tsv,BAALAN1,Extremadura-Alange,38.784444,-6.243611,323,"Vaquero, José Manuel; Bravo-Paredes, Nieves; Obregón, María Angeles; Sánchez-Carrasco, Víctor Manuel; Valente, Maria Antónia; Trigo, Ricardo M; Domínguez-Castro, Fernando; Montero-Martín, Javier; Vaquero-Martínez, Javier; Antón, Manuel; García, José Agustín; Gallego, María Cruz (2020): Early meteorological records from BAALAN1 (1866). PANGAEA.",https://doi.pangaea.de/10.1594/PANGAEA.925805,rh,point,relative units,1866-7-1,1866-9-30,Instrument=Saussure hygrometer
Alange,Alange,EMOSSv2_Alange_18660701-18660930_ta_subdaily_qc.tsv,BAALAN1,Extremadura-Alange,38.784444,-6.243611,323,"Vaquero, José Manuel; Bravo-Paredes, Nieves; Obregón, María Angeles; Sánchez-Carrasco, Víctor Manuel; Valente, Maria Antónia; Trigo, Ricardo M; Domínguez-Castro, Fernando; Montero-Martín, Javier; Vaquero-Martínez, Javier; Antón, Manuel; García, José Agustín; Gallego, María Cruz (2020): Early meteorological records from BAALAN1 (1866). PANGAEA.",https://doi.pangaea.de/10.1594/PANGAEA.925805,ta,point,C,1866-7-1,1866-9-30,Instrument=Thermometer | QC software=dataresqc v1.1.1
Alexandria,Alexandria | al-Iskandariyya | Aleksandria,EMULATE_Alexandria_18760101-18811231_p_subdaily.tsv,ALEXANDRIA,ALEXANDRIA,31.2,29.91,1,EMULATE,DOI 10.5281/zenodo.5940391,p,point,hPa,1876-1-1,1881-12-31,
Algiers,Algiers | Dzayer | Alger,MEDARE_Algiers-Ville-Universite_18770409-19381228_rr_daily.tsv,60369,Algiers-Ville-Universite,36.78,3.07,59,Medare,https://www.idare-portal.org/data/medare,rr,sum,mm,1877-4-9,1938-12-28,
Algiers,Algiers | Dzayer | Alger,EMULATE_Algiers_18720303-18811231_p_subdaily.tsv,ALGIERS,ALGIERS,36.75,3.06,10,EMULATE,DOI 10.5281/zenodo.5940391,p,point,hPa,1872-3-3,1881-12-31,
Algiers,Algiers | Dzayer | Alger,MEDARE_Algiers-Ville-Universite_18770408-19381230_p_daily.tsv,60369,Algiers-Ville-Universite,36.78,3.07,59,Medare,https://www.idare-portal.org/data/medare,p,mean,hPa,1877-4-8,1938-12-30,PGC=N | PTC=N | Orig.res=subdaily | Diurnal cycle=N
Algiers,Algiers | Dzayer | Alger,MEDARE_Algiers-Cap-Caxine_18780101-18791231_rr_daily.tsv,60374,Algiers-Cap_Caxine,36.8,3.04,38,Medare,https://www.idare-portal.org/data/medare,rr,sum,mm,1878-1-1,1879-12-31,
Alkmaar,Alkmaar,KNMI_Alkmaar_17410501-17481130_ta_subdaily_qc.tsv,KNMI-Alkmaar,Alkmaar,52.63,4.75,1,KNMI,https://www.knmi.nl/nederland-nu/klimatologie/daggegevens/antieke-waarnemingen,ta,point,C,1741-5-1,1748-11-30,QC software=dataresqc v1.1.1
Alkmaar,Alkmaar,KNMI_Alkmaar_17410501-17481130_dd_subdaily_qc.tsv,KNMI-Alkmaar,Alkmaar,52.63,4.75,1,KNMI,https://www.knmi.nl/nederland-nu/klimatologie/daggegevens/antieke-waarnemingen,dd,point,degree,1741-5-1,1748-11-30,QC software=dataresqc v1.1.1
Alkmaar,Alkmaar,KNMI_Alkmaar_17410501-17481130_rr_subdaily_qc.tsv,KNMI-Alkmaar,Alkmaar,52.63,4.75,1,KNMI,https://www.knmi.nl/nederland-nu/klimatologie/daggegevens/antieke-waarnemingen,rr,point,mm,1741-5-1,1748-11-30,QC software=dataresqc v1.1.1
Althorp,Althorp,Brugnara_Althorp_18160101-18171130_ta_subdaily.tsv,Althorp,Yuri_Althorp,52.28,-1.0,105,"Brugnara, Y., Auchmann, R., Brönnimann, S., Allan, R. J., Auer, I., Barriendos, M., Bergström, H., Bhend, J., Brázdil, R., Compo, G. P., Cornes, R. C., Dominguez-Castro, F., van Engelen, A. F. V., Filipiak, J., Holopainen, J., Jourdain, S., Kunz, M., Luterbacher, J., Maugeri, M., Mercalli, L., Moberg, A., Mock, C. J., Pichard, G., Řezníčková, L., van der Schrier, G., Slonosky, V., Ustrnul, Z., Valente, M. A., Wypych, A., and Yin, X.: A collection of sub-daily pressure and temperature observations for the early instrumental period with a focus on the `year without a summer` 1816, Clim. Past, 11, 1027–1047, 2015.",https://doi.org/10.5194/cp-11-1027-2015,ta,point,C,1816-1-1,1817-11-30,
Althorp,Althorp,Brugnara_Althorp_18160101-18171130_p_subdaily.tsv,Althorp,Yuri_Althorp,52.28,-1.0,105,"Brugnara, Y., Auchmann, R., Brönnimann, S., Allan, R. J., Auer, I., Barriendos, M., Bergström, H., Bhend, J., Brázdil, R., Compo, G. P., Cornes, R. C., Dominguez-Castro, F., van Engelen, A. F. V., Filipiak, J., Holopainen, J., Jourdain, S., Kunz, M., Luterbacher, J., Maugeri, M., Mercalli, L., Moberg, A., Mock, C. J., Pichard, G., Řezníčková, L., van der Schrier, G., Slonosky, V., Ustrnul, Z., Valente, M. A., Wypych, A., and Yin, X.: A collection of sub-daily pressure and temperature observations for the early instrumental period with a focus on the `year without a summer` 1816, Clim. Past, 11, 1027–1047, 2015.",https://doi.org/10.5194/cp-11-1027-2015,p,point,hPa,1816-1-1,1817-11-30,PTC=Y | PGC=Y
Amsterdam,Amsterdam,KNMI_Amsterdam_17620101-17781231_p_subdaily_qc.tsv,KNMI-52_Amsterdam,Amsterdam,52.367984,4.903561,1,KNMI,https://www.knmi.nl/nederland-nu/klimatologie/daggegevens/antieke-waarnemingen,p,point,hPa,1762-1-1,1778-12-31,PTC=Y | PGC=Y | QC software=dataresqc v1.1.1
Amsterdam,Amsterdam,KNMI_Amsterdam_17620101-17781231_ta_subdaily_qc.tsv,KNMI-52_Amsterdam,Amsterdam,52.367984,4.903561,1,KNMI,https://www.knmi.nl/nederland-nu/klimatologie/daggegevens/antieke-waarnemingen,ta,point,C,1762-1-1,1778-12-31,QC software=dataresqc v1.1.1
Amsterdam,Amsterdam,KNMI_Amsterdam2_17790101-17851231_p_subdaily_qc.tsv,KNMI-53_Amsterdam,Amsterdam2,52.367984,4.903561,1,KNMI,https://www.knmi.nl/nederland-nu/klimatologie/daggegevens/antieke-waarnemingen,p,point,hPa,1779-1-1,1785-12-31,PTC=Y | PGC=Y | QC software=dataresqc v1.1.1
Amsterdam,Amsterdam,KNMI_Amsterdam2_17790101-17851231_dd_subdaily_qc.tsv,KNMI-53_Amsterdam,Amsterdam2,52.367984,4.903561,1,KNMI,https://www.knmi.nl/nederland-nu/klimatologie/daggegevens/antieke-waarnemingen,dd,point,degree,1779-1-1,1785-12-31,QC software=dataresqc v1.1.1
Amsterdam,Amsterdam,KNMI_Amsterdam2_17790101-17851231_ta_subdaily_qc.tsv,KNMI-53_Amsterdam,Amsterdam2,52.367984,4.903561,1,KNMI,https://www.knmi.nl/nederland-nu/klimatologie/daggegevens/antieke-waarnemingen,ta,point,C,1779-1-1,1785-12-31,QC software=dataresqc v1.1.1
Amsterdam,Amsterdam,KNMI_Amsterdam_17620101-17781231_dd_subdaily_qc.tsv,KNMI-52_Amsterdam,Amsterdam,52.367984,4.903561,1,KNMI,https://www.knmi.nl/nederland-nu/klimatologie/daggegevens/antieke-waarnemingen,dd,point,degree,1762-1-1,1778-12-31,QC software=dataresqc v1.1.1
Andechs,Andechs,PALAEO-RA_Andechs_17810101-17921231_w_subdaily.tsv,Palatine-Society_Andechs,Andechs,47.97,11.16666,710,PALAEO-RA,,w,point,0-4,1781-1-1,1792-12-31,"Observer=Kettel, Hochholzer"
Andechs,Andechs,PALAEO-RA_Andechs_17810101-17921231_dd_subdaily_qc.tsv,Palatine-Society_Andechs,Andechs,47.97,11.16666,710,PALAEO-RA,,dd,point,degree,1781-1-1,1792-12-31,"Observer=Kettel, Hochholzer | QC software=dataresqc v1.1.1"
Andechs,Andechs,PALAEO-RA_Andechs_17870101-17881231_p_daily_qc.tsv,Palatine-Society_Andechs,Andechs,47.97,11.16666,710,PALAEO-RA,,p,mean,hPa,1787-1-1,1788-12-31,Observer=Kettel | PGC=Y | PTC=Y | Instrument=Palatine Society | QC software=dataresqc v1.1.1
Andechs,Andechs,PALAEO-RA_Andechs_17810213-17921231_ta_subdaily_qc.tsv,Palatine-Society_Andechs,Andechs,47.97,11.16666,710,PALAEO-RA,,ta,point,C,1781-2-13,1792-12-31,"Observer=Kettel, Hochholzer | Instrument=Palatine Society | QC software=dataresqc v1.1.0"
Andechs,Andechs,PALAEO-RA_Andechs_17870101-17881231_ta_daily_qc.tsv,Palatine-Society_Andechs,Andechs,47.97,11.16666,710,PALAEO-RA,,ta,mean,C,1787-1-1,1788-12-31,Observer=Kettel | QC software=dataresqc v1.1.1
Andechs,Andechs,PALAEO-RA_Andechs_17810101-17921231_p_subdaily_qc.tsv,Palatine-Society_Andechs,Andechs,47.97,11.16666,710,PALAEO-RA,,p,point,hPa,1781-1-1,1792-12-31,"Observer=Kettel, Hochholzer | PGC=Y | PTC=Y | Instrument=Palatine Society | QC software=dataresqc v1.1.1"
Andenes,Andenes | Ánddanjárga ,ECAD_Andenes_18670710-19720331_ta_daily_qc.tsv,TG_SOUID_157206,Andenes,69.323333,16.12,5,ECA&D,knmi-ecad-assets-prd.s3.amazonaws.com/download/ECA_nonblend_tg.zip,ta,mean,C,1867-7-10,1972-3-31,Mean temperature calculated as average of 24 hourly values (0 - 0 UTC) | QC software=dataresqc v1.1.1
Andenes,Andenes | Ánddanjárga ,GHCNd_Andenes_19090901-19720330_rr_daily.tsv,NOE00157204,ANDENES,69.3233,16.12,5,GHCN-D,,rr,sum,mm,1909-9-1,1972-3-30,
Angra,Angra Angra do Heroísmo | the Very Noble | Loyal and Ever Steadfast City of Angra do Heroísmo,EMULATE_Angra_18710901-18780331_p_subdaily.tsv,ANGRA,ANGRA,38.66,-27.23,48,EMULATE,DOI 10.5281/zenodo.5940391,p,point,hPa,1871-9-1,1878-3-31,
Arad,Arad,GHCNd_Arad_18800101-20160331_rr_daily.tsv,ROE00100829,ARAD,46.1331,21.35,117,GHCN-D,,rr,sum,mm,1880-1-1,2016-3-31,
Ardrossan,Ardrossan | Àird Rosain | Ardrussan,WRDv2-2_Ardrossan_18610301-18750331_ta_subdaily.tsv,DWRUK_ARDROSSAN,Ardrossan,55.64029,-4.81653,2,DWR_UKMO,DOI 10.5281/zenodo.5940391,ta,point,C,1861-3-1,1875-3-31,Alias=Eglinton Arms Hotel
Ardrossan,Ardrossan | Àird Rosain | Ardrussan,WRDv2-2_Ardrossan_18720114-18750331_Tx_daily.tsv,DWRUK_ARDROSSAN,Ardrossan,55.64029,-4.81653,2,DWR_UKMO,DOI 10.5281/zenodo.5940391,Tx,maximum,C,1872-1-14,1875-3-31,Alias=Eglinton Arms Hotel
Ardrossan,Ardrossan | Àird Rosain | Ardrussan,WRDv2-2_Ardrossan_18610301-18750331_p_subdaily.tsv,DWRUK_ARDROSSAN,Ardrossan,55.64029,-4.81653,2,DWR_UKMO,DOI 10.5281/zenodo.5940391,p,point,hPa,1861-3-1,1875-3-31,PTC=Y | PGC=N | Alias=Eglinton Arms Hotel
Ardrossan,Ardrossan | Àird Rosain | Ardrussan,WRDv2-2_Ardrossan_18610301-18750331_ta_barometer_subdaily.tsv,DWRUK_ARDROSSAN,Ardrossan,55.64029,-4.81653,2,DWR_UKMO,DOI 10.5281/zenodo.5940391,ta,point,C,1861-3-1,1875-3-31,Alias=Eglinton Arms Hotel
Ardrossan,Ardrossan | Àird Rosain | Ardrussan,WRDv2-2_Ardrossan_18611212-18750331_rr_daily.tsv,DWRUK_ARDROSSAN,Ardrossan,55.64029,-4.81653,3.05,DWR_UKMO,DOI 10.5281/zenodo.5940391,rr,sum,mm,1861-12-12,1875-3-31,Alias=Eglinton Arms Hotel
Ardrossan,Ardrossan | Àird Rosain | Ardrussan,WRDv2-2_Ardrossan_18720114-18750331_Tn_daily.tsv,DWRUK_ARDROSSAN,Ardrossan,55.64029,-4.81653,2,DWR_UKMO,DOI 10.5281/zenodo.5940391,Tn,minimum,C,1872-1-14,1875-3-31,Alias=Eglinton Arms Hotel
Arkhangelsk,Arhangelsk | Arkhangelsk,GHCNd_Arhangelsk_18810101-20180131_rr_daily.tsv,RSM00022550,ARHANGELSK,64.5,40.7331,8,GHCN-D,,rr,sum,mm,1881-1-1,2018-1-31,
Armagh,Armagh | Ard Mhacha | Airmag,WRDv2-2_Armagh_18740101-18831231_p_subdaily.tsv,ARMAGH,Armagh,54.35,-6.65,63,UK-HOURLY-BOOKS,https://github.com/ed-hawkins/weather-rescue-data/tree/master/hourly_uk,p,point,hPa,1874-1-1,1883-12-31,"Transcription project led by Lisa Alexander, converted by Jiahao Gu and Ed Hawkins"
Armagh,Armagh | Ard Mhacha | Airmag,CRU_Armagh_18500101-20010930_p_daily.tsv,WMO-47811,Armagh,54.35,-6.65,63,CRU,https://sites.uea.ac.uk/cru/,p,mean,hPa,1850-1-1,2001-9-30,PGC=N | PTC=N
Armagh,Armagh | Ard Mhacha | Airmag,Brugnara_Armagh_18150101-18180228_p_subdaily_qc.tsv,Armagh,Yuri_Armagh,54.3533,6.6483,64,"Butler, C. J., García Suárez, A. M., Coughlin, A. D. S., & Morrell, C. (2005). Air temperatures at Armagh observatory, northern Ireland, from 1796 to 2002. International Journal of Climatology: A Journal of the Royal Meteorological Society, 25(8), 1055-1079.",DOI: 10.1002/joc.1148,p,point,hPa,1815-1-1,1818-2-28,PTC=Y | PGC=Y | QC software=dataresqc v1.1.1
Armagh,Armagh | Ard Mhacha | Airmag,GHCNd_Armagh_18380101-20011231_rr_daily.tsv,UK000047811,ARMAGH,54.35,-6.65,62,GHCN-D,,rr,sum,mm,1838-1-1,2001-12-31,
Armagh,Armagh | Ard Mhacha | Airmag,ECAD_Armagh_18440101-20241231_ta_daily_qc.tsv,TG_SOUID_146811,ArmaghObservatory,54.35,-6.65,62,ECA&D,knmi-ecad-assets-prd.s3.amazonaws.com/download/ECA_nonblend_tg.zip,ta,mean,C,1844-1-1,2024-12-31,Mean temperature calculated as average of TN and TX | QC software=dataresqc v1.1.1
Armagh,Armagh | Ard Mhacha | Airmag,Brugnara_Armagh_18150101-18180228_ta_subdaily_qc.tsv,Armagh,Yuri_Armagh,54.3533,6.6483,64,"Butler, C. J., García Suárez, A. M., Coughlin, A. D. S., & Morrell, C. (2005). Air temperatures at Armagh observatory, northern Ireland, from 1796 to 2002. International Journal of Climatology: A Journal of the Royal Meteorological Society, 25(8), 1055-1079.",DOI: 10.1002/joc.1148,ta,point,C,1815-1-1,1818-2-28,QC software=dataresqc v1.1.1
Astana,Astana,GHCNd_Astana_18810101-20051231_rr_daily.tsv,KZ000035188,ASTANA,51.1331,71.3667,350,GHCN-D,,rr,sum,mm,1881-1-1,2005-12-31,
Astrakan,Astrakan,GHCNd_Astrakan_18810101-20171231_rr_daily.tsv,RSM00034880,ASTRAKAN,46.2831,48.05,-23,GHCN-D,,rr,sum,mm,1881-1-1,2017-12-31,
Athens,Athens | Athênai | Atenas,CRU_Athens_18530713-18821231_p_daily.tsv,WMO-16717,Athens,37.96,23.72,107,CRU,https://sites.uea.ac.uk/cru/,p,mean,hPa,1853-7-13,1882-12-31,PGC=N | PTC=N
Athy,Athy | Baile Átha Í,ILMMT_Athy_18501201-18520430_Tx_daily_qc.tsv,ILMMT-Athy,Athy,53.0,-6.967,61,"Mateus, C., Potito, A., & Curley, M. (2020). Reconstruction of a long‐term historical daily maximum and minimum air temperature network dataset for Ireland (1831‐1968). Geoscience Data Journal, 7(2), 102-115.",https://www.edepositireland.ie/entities/publication/7271837d-dbe6-463f-b103-422f42a15446,Tx,maximum,C,1850-12-1,1852-4-30,Observer=Alfred Haughton | Data source=RIA Manuscripts 12M16. | QC software=dataresqc v1.1.1
Athy,Athy | Baile Átha Í,ILMMT_Athy_18501201-18520430_Tn_daily_qc.tsv,ILMMT-Athy,Athy,53.0,-6.967,61,"Mateus, C., Potito, A., & Curley, M. (2020). Reconstruction of a long‐term historical daily maximum and minimum air temperature network dataset for Ireland (1831‐1968). Geoscience Data Journal, 7(2), 102-115.",https://www.edepositireland.ie/entities/publication/7271837d-dbe6-463f-b103-422f42a15446,Tn,minimum,C,1850-12-1,1852-4-30,Observer=Alfred Haughton | Data source=RIA Manuscripts 12M16. | QC software=dataresqc v1.1.1
Atyrau,Atyrau,GHCNd_Atyrau_18810101-20051231_rr_daily.tsv,KZ000035700,ATYRAU,47.1167,51.9167,-22,GHCN-D,,rr,sum,mm,1881-1-1,2005-12-31,
Augsburg,Augsburg | Ougschburg,PALAEO-RA_Augsburg_18130101-18171231_ta_subdaily_qc.tsv,Augsburg,Augsburg,48.35,10.8833,500,PALAEO-RA,,ta,point,C,1813-1-1,1817-12-31,Observer=Stark | QC software=dataresqc v1.1.1
Augsburg,Augsburg | Ougschburg,PALAEO-RA_Augsburg_18130101-18171231_p_subdaily_qc.tsv,Augsburg,Augsburg,48.35,10.8833,500,PALAEO-RA,,p,point,hPa,1813-1-1,1817-12-31,Observer=Stark | PGC=Y | PTC=Y | QC software=dataresqc v1.1.1
Avignon,Avignon | Avinhon | Avignoun | Avenio,Brugnara_Avignon_18160101-18161231_p_subdaily_qc.tsv,Avignon,Yuri_Avignon,43.949,4.811,51,"Guérin, J. (1839). Observations météorologiques faites à Avignon; suivies d'un tableau monographique des taches du soleil. Imprimerie de Jacquet et Joudou. Archives nationales, Observations climatologiques et pluviométriques des postes climatologiques bénévoles, classés par département : Seine à Yonne (Cote: 19820184/73/2).",,p,point,hPa,1816-1-1,1816-12-31,PTC=Y | PGC=Y | QC software=dataresqc v1.1.1
Avignon,Avignon | Avinhon | Avignoun | Avenio,Brugnara_Avignon_18160101-18161231_ta_subdaily_qc.tsv,Avignon,Yuri_Avignon,43.949,4.811,51,"Guérin, J. (1839). Observations météorologiques faites à Avignon; suivies d'un tableau monographique des taches du soleil. Imprimerie de Jacquet et Joudou. Archives nationales, Observations climatologiques et pluviométriques des postes climatologiques bénévoles, classés par département : Seine à Yonne (Cote: 19820184/73/2).",,ta,point,C,1816-1-1,1816-12-31,QC software=dataresqc v1.1.1
Avully,Avully | Avulie,GCOS_Avully_17780708-17861231_ta_subdaily_qc.tsv,Avully,Avully,46.16955,6.00038,424,GCOS,https://doi.pangaea.de/10.1594/PANGAEA.948258,ta,point,C,1778-7-8,1786-12-31,Observer=Mallet | QC software=dataresqc v1.1.1
Avully,Avully | Avulie,GCOS_Avully_17850101-17861231_rr_daily.tsv,Avully,Avully,46.16955,6.00038,424,GCOS,https://doi.pangaea.de/10.1594/PANGAEA.948258,rr,sum,mm,1785-1-1,1786-12-31,Observer=Mallet
Avully,Avully | Avulie,GCOS_Avully_17780708-17861229_p_subdaily.tsv,Avully,Avully,46.16955,6.00038,424,GCOS,https://doi.pangaea.de/10.1594/PANGAEA.948258,p,point,hPa,1778-7-8,1786-12-29,Observer=Mallet | PGC=Y | PTC=Y
Avully,Avully | Avulie,GCOS_Avully_17780901-17850115_rr_subdaily_qc.tsv,Avully,Avully,46.16955,6.00038,424,GCOS,https://doi.pangaea.de/10.1594/PANGAEA.948258,rr,sum,mm,1778-9-1,1785-1-15,Observer=Mallet | QC software=dataresqc v1.1.1
BadMuskau,Bad Muskau | Mužakow | Muskau | Mużaków | Mužakov,GHCNd_Bad-Muskau_18870601-20190730_rr_daily.tsv,GME00126358,BAD MUSKAU,51.5675,14.7006,125,GHCN-D,,rr,sum,mm,1887-6-1,2019-7-30,
Badajoz,Badajoz,EMOSSv2_Badajoz_18300201-18330715_dd_subdaily_qc.tsv,BABADA6,Extremadura-Badajoz,38.9,-6.9625,185,"Vaquero, José Manuel; Bravo-Paredes, Nieves; Obregón, María Angeles; Sánchez-Carrasco, Víctor Manuel; Valente, Maria Antónia; Trigo, Ricardo M; Domínguez-Castro, Fernando; Montero-Martín, Javier; Vaquero-Martínez, Javier; Antón, Manuel; García, José Agustín; Gallego, María Cruz (2020): Early meteorological records from BAALAN1 (1866). PANGAEA.",https://doi.pangaea.de/10.1594/PANGAEA.925805,dd,point,degree,1830-2-1,1833-7-15,QC software=dataresqc v1.1.1
Badajoz,Badajoz,EMOSSv2_Badajoz_18300201-18330715_ta_subdaily_qc.tsv,BABADA6,Extremadura-Badajoz,38.9,-6.9625,185,"Vaquero, José Manuel; Bravo-Paredes, Nieves; Obregón, María Angeles; Sánchez-Carrasco, Víctor Manuel; Valente, Maria Antónia; Trigo, Ricardo M; Domínguez-Castro, Fernando; Montero-Martín, Javier; Vaquero-Martínez, Javier; Antón, Manuel; García, José Agustín; Gallego, María Cruz (2020): Early meteorological records from BAALAN1 (1866). PANGAEA.",https://doi.pangaea.de/10.1594/PANGAEA.925805,ta,point,C,1830-2-1,1833-7-15,QC software=dataresqc v1.1.1
Badajoz,Badajoz,EMOSSv2_Badajoz_18801025-18890707_ta_daily_qc.tsv,BABADA2,Extremadura-Badajoz,38.9,-6.9625,185,"Vaquero, José Manuel; Bravo-Paredes, Nieves; Obregón, María Angeles; Sánchez-Carrasco, Víctor Manuel; Valente, Maria Antónia; Trigo, Ricardo M; Domínguez-Castro, Fernando; Montero-Martín, Javier; Vaquero-Martínez, Javier; Antón, Manuel; García, José Agustín; Gallego, María Cruz (2020): Early meteorological records from BAALAN1 (1866). PANGAEA.",https://doi.pangaea.de/10.1594/PANGAEA.925805,ta,mean,C,1880-10-25,1889-7-7,QC software=dataresqc v1.1.1
Badajoz,Badajoz,EMOSSv2_Badajoz_18300201-18330715_p_subdaily_qc.tsv,BABADA6,Extremadura-Badajoz,38.9,-6.9625,185,"Vaquero, José Manuel; Bravo-Paredes, Nieves; Obregón, María Angeles; Sánchez-Carrasco, Víctor Manuel; Valente, Maria Antónia; Trigo, Ricardo M; Domínguez-Castro, Fernando; Montero-Martín, Javier; Vaquero-Martínez, Javier; Antón, Manuel; García, José Agustín; Gallego, María Cruz (2020): Early meteorological records from BAALAN1 (1866). PANGAEA.",https://doi.pangaea.de/10.1594/PANGAEA.925805,p,point,hPa,1830-2-1,1833-7-15,PTC=Y | PGC=N | assumed English inch (25.4mmHg) | QC software=dataresqc v1.1.1
Badajoz,Badajoz,EMOSSv2_Badajoz_18801025-18890709_dd_daily_qc.tsv,BABADA2,Extremadura-Badajoz,38.9,-6.9625,185,"Vaquero, José Manuel; Bravo-Paredes, Nieves; Obregón, María Angeles; Sánchez-Carrasco, Víctor Manuel; Valente, Maria Antónia; Trigo, Ricardo M; Domínguez-Castro, Fernando; Montero-Martín, Javier; Vaquero-Martínez, Javier; Antón, Manuel; García, José Agustín; Gallego, María Cruz (2020): Early meteorological records from BAALAN1 (1866). PANGAEA.",https://doi.pangaea.de/10.1594/PANGAEA.925805,dd,mean,degree,1880-10-25,1889-7-9,QC software=dataresqc v1.1.1
Badajoz,Badajoz,EMOSSv2_Badajoz_18801025-18890707_p_daily_qc.tsv,BABADA2,Extremadura-Badajoz,38.9,-6.9625,185,"Vaquero, José Manuel; Bravo-Paredes, Nieves; Obregón, María Angeles; Sánchez-Carrasco, Víctor Manuel; Valente, Maria Antónia; Trigo, Ricardo M; Domínguez-Castro, Fernando; Montero-Martín, Javier; Vaquero-Martínez, Javier; Antón, Manuel; García, José Agustín; Gallego, María Cruz (2020): Early meteorological records from BAALAN1 (1866). PANGAEA.",https://doi.pangaea.de/10.1594/PANGAEA.925805,p,mean,hPa,1880-10-25,1889-7-7,PTC=Y | PGC=N | QC software=dataresqc v1.1.1
Baghdad,Baghdad,PALAEO-RA_Baghdad_17821213-17840120_ta_subdaily_qc.tsv,Asia_Baghdad,Baghdad,33.315241,44.366067,34,PALAEO-RA,,ta,point,C,1782-12-13,1784-1-20,Observer=Beauchamp | Exposure=NE | QC software=dataresqc v1.1.0
Baghdad,Baghdad,PALAEO-RA_Baghdad_17821216-17840120_p_subdaily_qc.tsv,Asia_Baghdad,Baghdad,33.315241,44.366067,34,PALAEO-RA,,p,point,hPa,1782-12-16,1784-1-20,Observer=Beauchamp | PTC=N | PGC=Y | QC software=dataresqc v1.1.0
Baghdad,Baghdad,PALAEO-RA_Baghdad_17830105-17840118_dd_subdaily_qc.tsv,Asia_Baghdad,Baghdad,33.315241,44.366067,34,PALAEO-RA,,dd,point,degree,1783-1-5,1784-1-18,Observer=Beauchamp | QC software=dataresqc v1.1.1
Baghdad,Baghdad,EMULATE_Baghdad_18690901-18761130_p_subdaily.tsv,BAGHDAD,BAGHDAD,33.31,44.36,34,EMULATE,DOI 10.5281/zenodo.5940391,p,point,hPa,1869-9-1,1876-11-30,
Bajramaly,Bajramaly | Baýramaly | Bayram-Ali | Bairam Ali | Bahrām Ali,GHCNd_Bajramaly_18910201-19981231_rr_daily.tsv,TX000038895,BAJRAMALY,37.6,62.1831,240,GHCN-D,,rr,sum,mm,1891-2-1,1998-12-31,
Baku,Baku,GHCNd_Baku_18810801-19920131_rr_daily.tsv,AJ000037850,BAKU,40.4,49.8,47,GHCN-D,,rr,sum,mm,1881-8-1,1992-1-31,
Bamberg,Bamberg | Babenberg | Bambärch,GHCNd_Bamberg-Sternwarte_18790101-19581230_rr_daily.tsv,GME00125014,BAMBERG (STERNWARTE),49.8856,10.8894,282,GHCN-D,,rr,sum,mm,1879-1-1,1958-12-30,
Bamberg,Bamberg | Babenberg | Bambärch,GHCNd_Bamberg_18790201-20190730_rr_daily.tsv,GM000004063,BAMBERG,49.8753,10.9217,240,GHCN-D,,rr,sum,mm,1879-2-1,2019-7-30,
BannosDeMontemayor,Baños de Montemayor | Bannos de Montemayor | Banos de Montemayor,EMOSSv2_Baños-de-Montemayor_18830601-18870930_ta_subdaily_qc.tsv,CCMONT1,Extremadura-Baños_de_Montemayor,40.320155,-5.857607,703,"Vaquero, José Manuel; Bravo-Paredes, Nieves; Obregón, María Angeles; Sánchez-Carrasco, Víctor Manuel; Valente, Maria Antónia; Trigo, Ricardo M; Domínguez-Castro, Fernando; Montero-Martín, Javier; Vaquero-Martínez, Javier; Antón, Manuel; García, José Agustín; Gallego, María Cruz (2020): Early meteorological records from BAALAN1 (1866). PANGAEA.",https://doi.pangaea.de/10.1594/PANGAEA.925805,ta,point,C,1883-6-1,1887-9-30,QC software=dataresqc v1.1.1
Barcelona,Barcelona,WeaR_Barcelona_17881101-17890228_p_daily.tsv,Barcelona,Barcelona,41.39,2.16,35,WeaR,DOI: 10.5194/cp-18-2545-2022,p,mean,hPa,1788-11-1,1789-2-28,Observer=Salvà | PGC=Y
Barcelona,Barcelona,WeaR_Barcelona_17881101-17890228_ta_daily.tsv,Barcelona,Barcelona,41.39,2.15,35,WeaR,https://doi.org/10.1344/b3w.2.1997.25028,ta,mean,C,1788-11-1,1789-2-28,Observer=F. Salvà
Barcelona,Barcelona,Bolzern_Barcelona_18000101-18251231_ta_subdaily_qc.tsv,Barcelona,Barcelona,41.390205,2.154007,12,"Bolzern, M. Der sommer des jahres ohne sommer in verschiedenen städten europas (2015). Frühlingssemester 2015.220. Leitung: Stefan Brönnimann; Betreuung: Renate Auchmann. Abgabe: 2015-08-21",,ta,point,C,1800-1-1,1825-12-31,QC software=dataresqc v1.1.1
Barcelona,Barcelona,CRU_Barcelona_18500101-20021231_p_daily_qc.tsv,WMO-8181,Barcelona,41.5,2.01,40,CRU,https://sites.uea.ac.uk/cru/,p,mean,hPa,1850-1-1,2002-12-31,PGC=N | PTC=N | QC software=dataresqc v1.1.1
Barcelona,Barcelona,Barriendos_Barcelona_18110101-18201231_p_daily_qc.tsv,Barcelona,Barriendos_Barcelona,41.382751,2.17273,20,"Rodríguez, R., et al. `Long pressure series for Barcelona (Spain). Daily reconstruction and monthly homogenization.` International Journal of Climatology: A Journal of the Royal Meteorological Society 21.13 (2001): 1693-1704.",,p,point,hPa,1811-1-1,1820-12-31,"Observer=Dr.F.Salva | location=Petritxol Street, nr. 11, top of buildiing | PTC=? | PGC=? | QC software=dataresqc v1.1.1"
Basel,Basel | Bâle | Basilea,GCOS_Basel_Fuerstenberger_18260401-18321228_p_subdaily_qc.tsv,Basel_Fuerstenberger,Basel,47.56085,7.58222,270,GCOS,https://doi.pangaea.de/10.1594/PANGAEA.948258,p,point,hPa,1826-4-1,1832-12-28,"Observer=Fuerstenberger | PGC=Y | PTC=Y | Address=Hebelstrasse 22 (18260401-18271231); Schlüsselberg 13 (18280106-18281022); Nadelberg 37 (18281023-18321231) | Coords=(47.56085,7.58222,18260401-18271231); (47.55686,7.59057,18280106-18281022); (47.55724,7.58560,18281023-18321231) | QC software=dataresqc v1.1.1"
Basel,Basel | Bâle | Basilea,GCOS_Basel_Kaufmann_18620601-18631012_p_subdaily_qc.tsv,Basel_Kaufmann,Basel,47.5576,7.59025,260,GCOS,https://doi.pangaea.de/10.1594/PANGAEA.948258,p,point,hPa,1862-6-1,1863-10-12,Observer=Kaufmann | PGC=Y | PTC=Y | QC software=dataresqc v1.1.0
Basel,Basel | Bâle | Basilea,GCOS_Basel_Huber_17890117-18010101_ta_oben_subdaily_qc.tsv,Basel_Huber,Basel,47.55477,7.59771,270,GCOS,https://doi.pangaea.de/10.1594/PANGAEA.948258,ta,point,C,1789-1-17,1801-1-1,Observer=Huber | Address=Haus n.1327 | Pos=oben | QC software=dataresqc v1.1.1
Basel,Basel | Bâle | Basilea,GCOS_Basel_Huber_18020511-18291024_ta_vorne_subdaily_qc.tsv,Basel_Huber,Basel,47.55662,7.59158,270,GCOS,https://doi.pangaea.de/10.1594/PANGAEA.948258,ta,point,C,1802-5-11,1829-10-24,Observer=Huber | Address=Haus n.1373 | Pos=vorne | QC software=dataresqc v1.1.0
Basel,Basel | Bâle | Basilea,GCOS_Basel_Burckhardt_18250915-18271226_ta_subdaily_qc.tsv,Basel_Burckhardt,Basel,47.55777,7.58828,280,GCOS,https://doi.pangaea.de/10.1594/PANGAEA.948258,ta,point,C,1825-9-15,1827-12-26,Observer=Burckhardt | QC software=dataresqc v1.1.1
Basel,Basel | Bâle | Basilea,GCOS_Basel_dAnnone_17550601-18040916_ta_subdaily_qc.tsv,Basel_dAnnone,Basel,47.55633,7.5857,280,GCOS,https://doi.pangaea.de/10.1594/PANGAEA.948258,ta,point,C,1755-6-1,1804-9-16,Observer=d'Annone | QC software=dataresqc v1.1.0
Basel,Basel | Bâle | Basilea,GCOS_Basel_Merian_18280101-18361115_rh_subdaily_qc.tsv,Basel_Merian,Basel,47.56267,7.58445,268,GCOS,https://doi.pangaea.de/10.1594/PANGAEA.948258,rh,point,%,1828-1-1,1836-11-15,"Observer=Merian | Address=Spitalstrasse 14 (18280101-18331023); Freie Strasse 23 (18331023-18361115) | Coords=(47.56267,7.58445,18280101-18331023); (47.55722,7.58909,18331023-18361115) | QC software=dataresqc v1.1.0"
Basel,Basel | Bâle | Basilea,GCOS_Basel_Fuerstenberger_18260401-18321228_ta_subdaily_qc.tsv,Basel_Fuerstenberger,Basel,47.56085,7.58222,270,GCOS,https://doi.pangaea.de/10.1594/PANGAEA.948258,ta,point,C,1826-4-1,1832-12-28,"Observer=Fuerstenberger | Address=Hebelstrasse 22 (18260401-18271231); Schlüsselberg 13 (18280106-18281022); Nadelberg 37 (18281023-18321231) | Coords=(47.56085,7.58222,18260401-18271231); (47.55686,7.59057,18280106-18281022); (47.55724,7.58560,18281023-18321231) | QC software=dataresqc v1.1.1"
Basel,Basel | Bâle | Basilea,GCOS_Basel_Wolleb_17770405-17850531_p_subdaily_qc.tsv,Basel_Wolleb,Basel,47.55936,7.58848,255,GCOS,https://doi.pangaea.de/10.1594/PANGAEA.948258,p,point,hPa,1777-4-5,1785-5-31,Observer=Wolleb | PGC=Y | PTC=N | QC software=dataresqc v1.1.1
Basel,Basel | Bâle | Basilea,GCOS_Basel_Ryhiner_17660101-17721231_ta_subdaily_qc.tsv,Basel_Ryhiner,Basel,47.55777,7.58828,280,GCOS,https://doi.pangaea.de/10.1594/PANGAEA.948258,ta,point,C,1766-1-1,1772-12-31,Observer=Ryhiner | QC software=dataresqc v1.1.0
Basel,Basel | Bâle | Basilea,GCOS_Basel_Schneider_18380601-18460909_p_subdaily_qc.tsv,Basel_Schneider,Basel,47.55594,7.59196,270,GCOS,https://doi.pangaea.de/10.1594/PANGAEA.948258,p,point,hPa,1838-6-1,1846-9-9,Observer=Schneider | PGC=Y | PTC=Y | QC software=dataresqc v1.1.1
Basel,Basel | Bâle | Basilea,GCOS_Basel_Merian_18281024-18631231_Tn_daily_qc.tsv,Basel_Merian,Basel,47.56267,7.58445,268,GCOS,https://doi.pangaea.de/10.1594/PANGAEA.948258,Tn,min,C,1828-10-24,1863-12-31,"Observer=Merian | Address=Spitalstrasse 14 (18281024-18331023); Freie Strasse 23 (18331024-18370919); Münsterplatz 12 (18370920-18631231) | Coords=(47.56267,7.58445,18281024-18331023); (47.55722,7.58909,18331024-18370919); (47.55543,7.59152,18370920-18631231) | QC software=dataresqc v1.1.0"
Basel,Basel | Bâle | Basilea,GCOS_Basel_Fuerstenberger_18260401-18281102_Tn_daily_qc.tsv,Basel_Fuerstenberger,Basel,47.56085,7.58222,270,GCOS,https://doi.pangaea.de/10.1594/PANGAEA.948258,Tn,min,C,1826-4-1,1828-11-2,"Observer=Fuerstenberger | Address=Hebelstrasse 22 (18260401-18271231); Schlüsselberg 13 (18280106-18281022); Nadelberg 37 (18281023-18321231) | cords=(47.56085,7.58222, 18260401-18271231); (47.55686,7.59057, 18280106-18281022); (47.55724, 7.58560,18281023-18321231) | QC software=dataresqc v1.1.1"
Basel,Basel | Bâle | Basilea,GCOS_Basel_Zwinger_17550101-17550531_p_subdaily_qc.tsv,Basel_Zwinger,Basel,47.558,7.588,280,GCOS,https://doi.pangaea.de/10.1594/PANGAEA.948258,p,point,hPa,1755-1-1,1755-5-31,Observer=Zwinger | PGC=Y | PTC=N | QC software=dataresqc v1.1.1
Basel,Basel | Bâle | Basilea,GCOS_Basel_Merian_18280101-18631231_ta_subdaily_qc.tsv,Basel_Merian,Basel,47.56267,7.58445,268,GCOS,https://doi.pangaea.de/10.1594/PANGAEA.948258,ta,point,C,1828-1-1,1863-12-31,Observer=Merian | Address=Spitalstrasse 14 | QC software=dataresqc v1.1.0
Basel,Basel | Bâle | Basilea,GCOS_Basel_Socin_17830616-17961231_ta_subdaily_qc.tsv,Basel_Socin,Basel,47.55981,7.58603,264,GCOS,https://doi.pangaea.de/10.1594/PANGAEA.948258,ta,point,C,1783-6-16,1796-12-31,Observer=Socin | QC software=dataresqc v1.1.1
Basel,Basel | Bâle | Basilea,GCOS_Basel_Zwinger_17550101-17550531_ta_subdaily_qc.tsv,Basel_Zwinger,Basel,47.558,7.588,280,GCOS,https://doi.pangaea.de/10.1594/PANGAEA.948258,ta,point,C,1755-1-1,1755-5-31,Observer=Zwinger | QC software=dataresqc v1.1.1
Basel,Basel | Bâle | Basilea,GCOS_Basel_Fuerstenberger_18260401-18280606_ta_bis_subdaily_qc.tsv,Basel_Fuerstenberger,Basel,47.56085,7.58222,270,GCOS,https://doi.pangaea.de/10.1594/PANGAEA.948258,ta,point,C,1826-4-1,1828-6-6,"Observer=Fuerstenberger | Instrument=thermograph | Address=Hebelstrasse 22 (18260401-18271229); Schlüsselberg 13 (18280106-18281012) | Coords=(47.56085,7.58222,18260401-18271229); (47.55686,7.59057,18280106-18281012) | QC software=dataresqc v1.1.0"
Basel,Basel | Bâle | Basilea,GCOS_Basel_Kaufmann_18620601-18631012_ta_subdaily_qc.tsv,Basel_Kaufmann,Basel,47.5576,7.59025,260,GCOS,https://doi.pangaea.de/10.1594/PANGAEA.948258,ta,point,C,1862-6-1,1863-10-12,Observer=Kaufmann | QC software=dataresqc v1.1.0
Basel,Basel | Bâle | Basilea,GCOS_Basel_Socin_17830616-17961231_p_subdaily_qc.tsv,Basel_Socin,Basel,47.55981,7.58603,264,GCOS,https://doi.pangaea.de/10.1594/PANGAEA.948258,p,point,hPa,1783-6-16,1796-12-31,Observer=Socin | PGC=Y | PTC=N | QC software=dataresqc v1.1.0
Basel,Basel | Bâle | Basilea,GCOS_Basel_Huber_17890101-18020510_ta_subdaily_qc.tsv,Basel_Huber,Basel,47.55477,7.59771,270,GCOS,https://doi.pangaea.de/10.1594/PANGAEA.948258,ta,point,C,1789-1-1,1802-5-10,Observer=Huber | Address=Haus n.1327 | QC software=dataresqc v1.1.0
Basel,Basel | Bâle | Basilea,GCOS_Basel_Huber_17890101-18020510_ta_unten_subdaily_qc.tsv,Basel_Huber,Basel,47.55477,7.59771,270,GCOS,https://doi.pangaea.de/10.1594/PANGAEA.948258,ta,point,C,1789-1-1,1802-5-10,Observer=Huber | Address=Haus n.1327 | Pos=unten | QC software=dataresqc v1.1.1
Basel,Basel | Bâle | Basilea,GCOS_Basel_Huber_17890101-18291024_p_subdaily_qc.tsv,Basel_Huber,Basel,47.55477,7.59771,270,GCOS,https://doi.pangaea.de/10.1594/PANGAEA.948258,p,point,hPa,1789-1-1,1829-10-24,"Observer=Huber | PGC=Y | PTC=Y | Address=Haus n.1327 (17890101-18020510); Haus n.1373 (18020511-18291024, coords. 47.55662, 7.59158) | QC software=dataresqc v1.1.0"
Basel,Basel | Bâle | Basilea,GCOS_Basel_Merian_18281024-18631231_Tx_daily_qc.tsv,Basel_Merian,Basel,47.56267,7.58445,268,GCOS,https://doi.pangaea.de/10.1594/PANGAEA.948258,Tx,max,C,1828-10-24,1863-12-31,"Observer=Merian | Address=Spitalstrasse 14 (18281024-18331023); Freie Strasse 23 (18331024-18370919); Münsterplatz 12 (18370920-18631231) | Coords=(47.56267,7.58445,18281024-18331023); (47.55722,7.58909,18331024-18370919); (47.55543,7.59152,18370920-18631231) | QC software=dataresqc v1.1.1"
Basel,Basel | Bâle | Basilea,GCOS_Basel_Ryhiner_17660101-17721231_p_subdaily_qc.tsv,Basel_Ryhiner,Basel,47.55777,7.58828,280,GCOS,https://doi.pangaea.de/10.1594/PANGAEA.948258,p,point,hPa,1766-1-1,1772-12-31,Observer=Ryhiner | PGC=Y | PTC=N | QC software=dataresqc v1.1.1
Basel,Basel | Bâle | Basilea,GCOS_Basel_Wolleb_17770405-17850531_ta_subdaily_qc.tsv,Basel_Wolleb,Basel,47.55936,7.58848,255,GCOS,https://doi.pangaea.de/10.1594/PANGAEA.948258,ta,point,C,1777-4-5,1785-5-31,Observer=Wolleb | QC software=dataresqc v1.1.1
Basel,Basel | Bâle | Basilea,GCOS_Basel_dAnnone_17550601-18040916_p_subdaily_qc.tsv,Basel_dAnnone,Basel,47.55633,7.5857,280,GCOS,https://doi.pangaea.de/10.1594/PANGAEA.948258,p,point,hPa,1755-6-1,1804-9-16,Observer=d'Annone | PGC=Y | PTC=N | QC software=dataresqc v1.1.0
Basel,Basel | Bâle | Basilea,GCOS_Basel_Huber_18020511-18291018_ta_hinten_subdaily_qc.tsv,Basel_Huber,Basel,47.55662,7.59158,270,GCOS,https://doi.pangaea.de/10.1594/PANGAEA.948258,ta,point,C,1802-5-11,1829-10-18,Observer=Huber | Address=Haus n.1373 | Pos=hinten | QC software=dataresqc v1.1.0
Basel,Basel | Bâle | Basilea,GCOS_Basel_Fuerstenberger_18260401-18281102_Tx_daily_qc.tsv,Basel_Fuerstenberger,Basel,47.56085,7.58222,270,GCOS,https://doi.pangaea.de/10.1594/PANGAEA.948258,Tx,max,C,1826-4-1,1828-11-2,"Observer=Fuerstenberger | Address=Hebelstrasse 22 (18260401-18270909); Schlüsselberg 13 (18280106-18280712); Nadelberg 37 (18281101-18281102) | Coords=(47.56085,7.58222,18260401-18270909); (47.55686,7.59057,18280106-18280712); (47.55724,7.58560,18281101-18281102) | QC software=dataresqc v1.1.1"
Basel,Basel | Bâle | Basilea,GCOS_Basel_Merian_18280101-18631231_p_subdaily_qc.tsv,Basel_Merian,Basel,47.56267,7.58445,268,GCOS,https://doi.pangaea.de/10.1594/PANGAEA.948258,p,point,hPa,1828-1-1,1863-12-31,"Observer=Merian | PGC=Y | PTC=Y | Address=Spitalstrasse 14 (18280101-18331031); Freie Strasse 23 (18331101-18370930); Münsterplatz 12 (18371001-18631231) | Coords=(47.56267,7.58445,18280101-18331031); (47.55722,7.58909,18331101-18370930); (47.55543,7.59152,18371001-18631231) | QC software=dataresqc v1.1.0"
Basel,Basel | Bâle | Basilea,GCOS_Basel_Burckhardt_18250915-18271226_p_subdaily_qc.tsv,Basel_Burckhardt,Basel,47.55777,7.58828,280,GCOS,https://doi.pangaea.de/10.1594/PANGAEA.948258,p,point,hPa,1825-9-15,1827-12-26,Observer=Burckhardt | PGC=Y | PTC=N | QC software=dataresqc v1.1.0
Basel,Basel | Bâle | Basilea,GCOS_Basel_Schneider_18380601-18460909_ta_subdaily_qc.tsv,Basel_Schneider,Basel,47.55594,7.59196,270,GCOS,https://doi.pangaea.de/10.1594/PANGAEA.948258,ta,point,C,1838-6-1,1846-9-9,Observer=Schneider | QC software=dataresqc v1.1.0
Bassora,Bassora | al-Baṣrah | Basra | Basrah,PALAEO-RA_Bassora_17840217-17840630_ta_subdaily_qc.tsv,Asia_Bassora,Bassora,30.508103,47.783489,5,PALAEO-RA,,ta,point,C,1784-2-17,1784-6-30,Observer=Beauchamp | QC software=dataresqc v1.1.1
Bassora,Bassora | al-Baṣrah | Basra | Basrah,PALAEO-RA_Bassora_17840217-17840630_dd_subdaily_qc.tsv,Asia_Bassora,Bassora,30.508103,47.783489,5,PALAEO-RA,,dd,point,degree,1784-2-17,1784-6-30,Observer=Beauchamp | QC software=dataresqc v1.1.1
Bassora,Bassora | al-Baṣrah | Basra | Basrah,EMULATE_Bassora_18690901-18790630_p_subdaily.tsv,BASRA,BASRA,30.51,47.78,5,EMULATE,DOI 10.5281/zenodo.5940391,p,point,hPa,1869-9-1,1879-6-30,
Bassora,Bassora | al-Baṣrah | Basra | Basrah,PALAEO-RA_Bassora_17840312-17840630_p_subdaily_qc.tsv,Asia_Bassora,Bassora,30.508103,47.783489,5,PALAEO-RA,,p,point,hPa,1784-3-12,1784-6-30,Observer=Beauchamp | PTC=N | PGC=Y | QC software=dataresqc v1.1.1
Bayonne,Bayonne | Baiona,WRDv2-2_Bayonne_18610830-18630626_p_subdaily.tsv,DWRUK_BAYONNE,Bayonne,43.53,-1.52,4,DWR_UKMO,DOI 10.5281/zenodo.5940391,p,point,hPa,1861-8-30,1863-6-26,
Bayonne,Bayonne | Baiona,WRDv2-2_Bayonne_18610830-18630626_ta_subdaily.tsv,DWRUK_BAYONNE,Bayonne,43.53,-1.52,4,DWR_UKMO,DOI 10.5281/zenodo.5940391,ta,point,C,1861-8-30,1863-6-26,
Beatenberg,Beatenberg | Baatebärg | Baatebaerg,CHIMES_Beatenberg_18600701-18631130_p_subdaily_qc.tsv,BE04_Beatenberg,Beatenberg,46.698,7.794,1150,CHIMES,https://doi.org/10.5194/cp-15-1345-2019,p,point,hPa,1860-7-1,1863-11-30,Observer=Rudolf Krähenbühl | PTC=Y | PGC=Y | QC software=dataresqc v1.1.1
Beatenberg,Beatenberg | Baatebärg | Baatebaerg,CHIMES_Beatenberg_18600701-18631130_ta_subdaily_qc.tsv,BE04_Beatenberg,Beatenberg,46.698,7.794,1150,CHIMES,https://doi.org/10.5194/cp-15-1345-2019,ta,point,C,1860-7-1,1863-11-30,Observer=Rudolf Krähenbühl | QC software=dataresqc v1.1.1
Beirut,Beirut | Bayrūt | Paris of the Middle East,CRU_Beirut_18690901-18811231_p_daily.tsv,WMO-40100,Beirut,33.82,35.48,19,CRU,https://sites.uea.ac.uk/cru/,p,mean,hPa,1869-9-1,1881-12-31,PGC=N | PTC=N
Beirut,Beirut | Bayrūt | Paris of the Middle East,EMULATE_Beirut_18690901-18761231_p_subdaily.tsv,BEIRUT,BEIRUT,33.89,35.5,0,EMULATE,DOI 10.5281/zenodo.5940391,p,point,hPa,1869-9-1,1876-12-31,
Belfast,Belfast | Béal Feirste | Bilfawst,ILMMT_Belfast_18510401-18520131_Tn_daily.tsv,ILMMT-Belfast,Belfast,54.581,-5.939,18,"Mateus, C., Potito, A., & Curley, M. (2020). Reconstruction of a long‐term historical daily maximum and minimum air temperature network dataset for Ireland (1831‐1968). Geoscience Data Journal, 7(2), 102-115.",https://www.edepositireland.ie/entities/publication/7271837d-dbe6-463f-b103-422f42a15446,Tn,minimum,C,1851-4-1,1852-1-31,"Observer=Prof. Thomas Andrews | Location=Queen's College, Belfast | DataSource=RIA Manuscripts 12M16 & 24 O 39/JOD/3"
Belfast,Belfast | Béal Feirste | Bilfawst,ILMMT_Belfast_18510401-18520131_Tx_daily.tsv,ILMMT-Belfast,Belfast,54.581,-5.939,18,"Mateus, C., Potito, A., & Curley, M. (2020). Reconstruction of a long‐term historical daily maximum and minimum air temperature network dataset for Ireland (1831‐1968). Geoscience Data Journal, 7(2), 102-115.",https://www.edepositireland.ie/entities/publication/7271837d-dbe6-463f-b103-422f42a15446,Tx,maximum,C,1851-4-1,1852-1-31,"Observer=Prof. Thomas Andrews | Location=Queen's College, Belfast | DataSource=RIA Manuscripts 12M16 & 24 O 39/JOD/3"
Bellinzona,Bellinzona | Belinzóna,CHIMES_Bellinzona_18261101-18321031_p_subdaily_qc.tsv,TI02_Bellinzona,Bellinzona,46.19108,9.02262,230,CHIMES,https://doi.org/10.5194/cp-15-1345-2019,p,point,hPa,1826-11-1,1832-10-31,"Observer=Pater Thomas Inderbitzin,Padre Plazidus Gmeinder | PTC=Y | PGC=Y | QC software=dataresqc v1.0.3"
Bellinzona,Bellinzona | Belinzóna,CHIMES_Bellinzona_18261101-18321031_ta_subdaily_qc.tsv,TI02_Bellinzona,Bellinzona,46.19108,9.02262,230,CHIMES,https://doi.org/10.5194/cp-15-1345-2019,ta,point,C,1826-11-1,1832-10-31,"Observer=Pater Thomas Inderbitzin,Padre Plazidus Gmeinder | QC software=dataresqc v1.0.3"
Belmullet,Blacksod Lighthouse | Fód Dubh | Blacksod Point | Belmullet | Béal an Mhuirthead,ILMMT_Belmullet_18840930-19201231_Tx_daily_qc.tsv,ILMMT-Belmullet,Belmullet,54.223,-9.988,5,"Mateus, C., Potito, A., & Curley, M. (2020). Reconstruction of a long‐term historical daily maximum and minimum air temperature network dataset for Ireland (1831‐1968). Geoscience Data Journal, 7(2), 102-115.",https://www.edepositireland.ie/entities/publication/7271837d-dbe6-463f-b103-422f42a15446,Tx,maximum,C,1884-9-30,1920-12-31,"Observer=Mary J. Tolan (1884-1896), Edward Tolan (1890-1891), Emily Tolan (1896-1899), Joseph Hodge (1899), A. Marshall (1899-1904), James Heddon (1904-1906), Esceter (1906-1908), William Barry (1909-1913), Charles Sammels (1913-1914), Arthur J. Read (1914-1918), James Cole (1918-1919), A. Stone (1919), C. Kelly (1919-1920), S. J. Palmer (1920) | Instrument=Stevenson thermometer screen (1884-1920), Max thermometer (1884-1920), Min thermometer (1884-1920). | Location=relocation on 25 September 1899 to 54°6’N 10°4’W | QC software=dataresqc v1.1.1"
Belmullet,Blacksod Lighthouse | Fód Dubh | Blacksod Point | Belmullet | Béal an Mhuirthead,ILMMT_Belmullet_18841001-19201231_Tn_daily_qc.tsv,ILMMT-Belmullet,Belmullet,54.223,-9.988,5,"Mateus, C., Potito, A., & Curley, M. (2020). Reconstruction of a long‐term historical daily maximum and minimum air temperature network dataset for Ireland (1831‐1968). Geoscience Data Journal, 7(2), 102-115.",https://www.edepositireland.ie/entities/publication/7271837d-dbe6-463f-b103-422f42a15446,Tn,minimum,C,1884-10-1,1920-12-31,"Observer=Mary J. Tolan (1884-1896), Edward Tolan (1890-1891), Emily Tolan (1896-1899), Joseph Hodge (1899), A. Marshall (1899-1904), James Heddon (1904-1906), Esceter (1906-1908), William Barry (1909-1913), Charles Sammels (1913-1914), Arthur J. Read (1914-1918), James Cole (1918-1919), A. Stone (1919), C. Kelly (1919-1920), S. J. Palmer (1920) | Instrument=Stevenson thermometer screen (1884-1920), Max thermometer (1884-1920), Min thermometer (1884-1920). | Location=relocation on 25 September 1899 to 54°6’N 10°4’W | QC software=dataresqc v1.1.1"
BenNevis,Ben Nevis | Beinn Nibheis,WRDv2-2_Ben-Nevis_18831201-19040930_Tx_daily_qc.tsv,BEN NEVIS SUMMIT OBSERVATORY,Weather-Rescue-Data-v2-2_Ben-Nevis,56.8,-5.0,1345,Ed Hawkins. (2024). ed-hawkins/weather-rescue-data: Weather Rescue Data v2.2 (v2.2). Zenodo.,https://doi.org/10.5281/zenodo.11001125,Tx,maximum,C,1883-12-1,1904-9-30,QC software=dataresqc v1.1.1
BenNevis,Ben Nevis | Beinn Nibheis,WRDv2-2_Ben-Nevis_18840701-19040930_rr_daily_qc.tsv,BEN NEVIS SUMMIT OBSERVATORY,Weather-Rescue-Data-v2-2_Ben-Nevis,56.8,-5.0,1345,Ed Hawkins. (2024). ed-hawkins/weather-rescue-data: Weather Rescue Data v2.2 (v2.2). Zenodo.,https://doi.org/10.5281/zenodo.11001125,rr,sum,mm,1884-7-1,1904-9-30,QC software=dataresqc v1.1.1
BenNevis,Ben Nevis | Beinn Nibheis,WRDv2-2_Ben-Nevis_18831201-19040930_p_subdaily_qc.tsv,BEN NEVIS SUMMIT OBSERVATORY,Weather-Rescue-Data-v2-2_Ben-Nevis,56.8,-5.0,1345,Ed Hawkins. (2024). ed-hawkins/weather-rescue-data: Weather Rescue Data v2.2 (v2.2). Zenodo.,https://doi.org/10.5281/zenodo.11001125,p,point,hPa,1883-12-1,1904-9-30,PTC=Y | PGC=Y | QC software=dataresqc v1.1.1
BenNevis,Ben Nevis | Beinn Nibheis,WRDv2-2_Ben-Nevis_18840701-19040930_rr_subdaily_qc.tsv,BEN NEVIS SUMMIT OBSERVATORY,Weather-Rescue-Data-v2-2_Ben-Nevis,56.8,-5.0,1345,Ed Hawkins. (2024). ed-hawkins/weather-rescue-data: Weather Rescue Data v2.2 (v2.2). Zenodo.,https://doi.org/10.5281/zenodo.11001125,rr,point,mm,1884-7-1,1904-9-30,QC software=dataresqc v1.1.1
BenNevis,Ben Nevis | Beinn Nibheis,WRDv2-2_Ben-Nevis_18831201-19040930_Tn_daily_qc.tsv,BEN NEVIS SUMMIT OBSERVATORY,Weather-Rescue-Data-v2-2_Ben-Nevis,56.8,-5.0,1345,Ed Hawkins. (2024). ed-hawkins/weather-rescue-data: Weather Rescue Data v2.2 (v2.2). Zenodo.,https://doi.org/10.5281/zenodo.11001125,Tn,minimum,C,1883-12-1,1904-9-30,QC software=dataresqc v1.1.1
BenNevis,Ben Nevis | Beinn Nibheis,WRDv2-2_Ben-Nevis_18841006-19040930_w_subdaily.tsv,BEN NEVIS SUMMIT OBSERVATORY,Weather-Rescue-Data-v2-2_Ben-Nevis,56.8,-5.0,1345,Ed Hawkins. (2024). ed-hawkins/weather-rescue-data: Weather Rescue Data v2.2 (v2.2). Zenodo.,https://doi.org/10.5281/zenodo.11001125,w,point,Ben Nevis scale,1884-10-6,1904-9-30,
BenNevis,Ben Nevis | Beinn Nibheis,WRDv2-2_Ben-Nevis_18831207-19040930_rh_subdaily.tsv,BEN NEVIS SUMMIT OBSERVATORY,Weather-Rescue-Data-v2-2_Ben-Nevis,56.8,-5.0,1345,Ed Hawkins. (2024). ed-hawkins/weather-rescue-data: Weather Rescue Data v2.2 (v2.2). Zenodo.,https://doi.org/10.5281/zenodo.11001125,rh,point,%,1883-12-7,1904-9-30,
BenNevis,Ben Nevis | Beinn Nibheis,WRDv2-2_Ben-Nevis_18831201-19040930_ta_subdaily_qc.tsv,BEN NEVIS SUMMIT OBSERVATORY,Weather-Rescue-Data-v2-2_Ben-Nevis,56.8,-5.0,1345,Ed Hawkins. (2024). ed-hawkins/weather-rescue-data: Weather Rescue Data v2.2 (v2.2). Zenodo.,https://doi.org/10.5281/zenodo.11001125,ta,point,C,1883-12-1,1904-9-30,QC software=dataresqc v1.1.1
Bergen,Bergen,PALAEO-RA_Bergen_17410901-17460531_dd_subdaily_qc.tsv,KNMI-Bergen,Bergen,52.67,4.72,1,KNMI,https://www.knmi.nl/nederland-nu/klimatologie/daggegevens/antieke-waarnemingen,dd,point,degree,1741-9-1,1746-5-31,QC software=dataresqc v1.1.1
Bergen,Bergen,PALAEO-RA_Bergen_17410904-17460518_rr_subdaily_qc.tsv,KNMI-Bergen,Bergen,52.67,4.72,1,KNMI,https://www.knmi.nl/nederland-nu/klimatologie/daggegevens/antieke-waarnemingen,rr,point,mm,1741-9-4,1746-5-18,QC software=dataresqc v1.1.1
Bergen,Bergen,PALAEO-RA_Bergen_17410901-17460531_ta_subdaily_qc.tsv,KNMI-Bergen,Bergen,52.67,4.72,1,KNMI,https://www.knmi.nl/nederland-nu/klimatologie/daggegevens/antieke-waarnemingen,ta,point,C,1741-9-1,1746-5-31,QC software=dataresqc v1.1.1
Berlin,Berlin,PALAEO-RA_Berlin_Lambert_17691216-17770925_ta_subdaily_qc.tsv,Berlin_Lambert,Berlin,52.5656,13.3106,36,PALAEO-RA,,ta,point,C,1769-12-16,1777-9-25,Observer=Lambert
Berlin,Berlin,PALAEO-RA_Berlin_Gronau_17750101-18080211_dd_subdaily_qc.tsv,Berlin_Gronau,Berlin,52.5656,13.3106,36,PALAEO-RA,,dd,point,degree,1775-1-1,1808-2-11,Observer=Gronau
Berlin,Berlin,PALAEO-RA_Berlin_Beguelin-Achard_17810701-17861231_p_subdaily_qc.tsv,Palatine-Society_Berlin,Berlin,52.5656,13.3106,45,PALAEO-RA,,p,point,hPa,1781-7-1,1786-12-31,"Observer=Beguelin, Achard | PGC=Y | PTC=Y | Instrument=Palatine Society | QC software=dataresqc v1.1.1"
Berlin,Berlin,GHCNd_Berlin-Dahlem-Lfag_18760101-19621231_rr_daily.tsv,GME00127486,BERLIN-DAHLEM (LFAG),52.4578,13.3014,55,GHCN-D,,rr,sum,mm,1876-1-1,1962-12-31,
Berlin,Berlin,PALAEO-RA_Berlin_Beguelin-Achard_17810701-17881231_dd_subdaily_qc.tsv,Palatine-Society_Berlin,Berlin,52.5656,13.3106,45,PALAEO-RA,,dd,point,degree,1781-7-1,1788-12-31,"Observer=Beguelin, Achard | QC software=dataresqc v1.1.1"
Berlin,Berlin,PALAEO-RA_Berlin_Kirch_17210217-17341227_dd_subdaily_qc.tsv,Europe_Berlin_1,Berlin,52.5656,13.3106,36,PALAEO-RA,,dd,point,degree,1721-2-17,1734-12-27,Observer=Kirch | QC software=dataresqc v1.1.1
Berlin,Berlin,PALAEO-RA_Berlin_Achard_17880101-17881231_p_daily_qc.tsv,Palatine-Society_Berlin,Berlin,52.5656,13.3106,45,PALAEO-RA,,p,mean,hPa,1788-1-1,1788-12-31,Observer=Achard | PGC=Y | PTC=Y | Instrument=Palatine Society | QC software=dataresqc v1.1.1
Berlin,Berlin,PALAEO-RA_Berlin_Lambert_17691216-17770925_p_subdaily_qc.tsv,Berlin_Lambert,Berlin,52.5656,13.3106,36,PALAEO-RA,,p,point,hPa,1769-12-16,1777-9-25,Observer=Lambert | PTC=Y | PGC=Y | QC software=dataresqc v1.1.0
Berlin,Berlin,PALAEO-RA_Berlin_Jablonski_17250112-17270111_dd_subdaily_qc.tsv,Berlin_Jablonski,Berlin,52.5656,13.3106,36,PALAEO-RA,,dd,point,degree,1725-1-12,1727-1-11,Observer=Jablonski
Berlin,Berlin,PALAEO-RA_Berlin_Gronau_17750101-18080630_p_subdaily_qc.tsv,Berlin_Gronau,Berlin,52.5656,13.3106,36,PALAEO-RA,,p,point,hPa,1775-1-1,1808-6-30,Observer=Gronau | PTC=N | PGC=Y
Berlin,Berlin,PALAEO-RA_Berlin_Gronau_17750101-18080630_ta_subdaily_qc.tsv,Berlin_Gronau,Berlin,52.5656,13.3106,36,PALAEO-RA,,ta,point,C,1775-1-1,1808-6-30,Observer=Gronau | QC software=dataresqc v1.1.0
Berlin,Berlin,PALAEO-RA_Berlin_17210123-17701231_p_subdaily_qc.tsv,Europe_Berlin_1,Berlin,52.5656,13.3106,36,PALAEO-RA,,p,point,hPa,1721-1-23,1770-12-31,Observer=Kirch | PTC=N | PGC=Y | QC software=dataresqc v1.1.0
Berlin,Berlin,PALAEO-RA_Berlin_Kirch_17200101-17740430_ta_subdaily_qc.tsv,Europe_Berlin_1,Berlin,52.5656,13.3106,36,PALAEO-RA,,ta,point,unknown,1720-1-1,1774-4-30,Observer=Kirch | QC software=dataresqc v1.1.1
Berlin,Berlin,PALAEO-RA_Berlin_Achard_17880101-17881231_ta_daily_qc.tsv,Palatine-Society_Berlin,Berlin,52.5656,13.3106,45,PALAEO-RA,,ta,mean,C,1788-1-1,1788-12-31,Observer=Achard | QC software=dataresqc v1.1.1
Berlin,Berlin,PALAEO-RA_Berlin_Beguelin-Achard_17810701-17861231_ta_subdaily_qc.tsv,Palatine-Society_Berlin,Berlin,52.5656,13.3106,45,PALAEO-RA,,ta,point,C,1781-7-1,1786-12-31,"Observer=Beguelin, Achard | Instrument=Palatine Society | QC software=dataresqc v1.1.0"
Berlin,Berlin,PALAEO-RA_Berlin_Lenke_17090101-17090430_ta_daily.tsv,Lenke-Berlin,Berlin,43.2965,5.36978,44,"Untersuchung der ältesten Temperaturmessungen mit Hilfe des strengen Winters 1708-1709, Walter Lenke",,ta,point,C,1709-1-1,1709-4-30,coords=approx
Berlin,Berlin,PALAEO-RA_Berlin_Jablonski_17250112-17270111_p_subdaily_qc.tsv,Berlin_Jablonski,Berlin,52.5656,13.3106,36,PALAEO-RA,,p,point,hPa,1725-1-12,1727-1-11,Observer=Jablonski | PTC=N | PGC=Y
Berlin,Berlin,PALAEO-RA_Berlin_Kirch_17210123-17701231_p_subdaily_qc.tsv,Europe_Berlin_1,Berlin,52.5656,13.3106,36,PALAEO-RA,,p,point,hPa,1721-1-23,1770-12-31,Observer=Kirch | PTC=N | PGC=Y | QC software=dataresqc v1.1.0
Bern,Bern,GCOS_Bern_Trechsel_18260401-18490930_ta_subdaily_qc.tsv,Bern_Trechsel,Bern,46.94694,7.450515,548,GCOS,https://doi.pangaea.de/10.1594/PANGAEA.948258,ta,point,C,1826-4-1,1849-9-30,"Observer=Trechsel | Coords=(46.94694,7.450515,548m,18440101-18461231); (46.948056,542m,7.451607,18480101-18490930) | QC software=dataresqc v1.1.0"
Bern,Bern,GCOS_Bern_Studer_17791220-17850427_p_subdaily_qc.tsv,Bern_Studer,Bern,46.947933,7.439289,540,GCOS,https://doi.pangaea.de/10.1594/PANGAEA.948258,p,point,hPa,1779-12-20,1785-4-27,Observer=Studer | PGC=Y | PTC=N | QC software=dataresqc v1.1.0
Bern,Bern,GCOS_Bern_Studer_18051104-18270709_p_bis_subdaily_qc.tsv,Bern_Studer,Bern,46.947933,7.439289,540,GCOS,https://doi.pangaea.de/10.1594/PANGAEA.948258,p,point,hPa,1805-11-4,1827-7-9,Observer=Studer | PGC=Y | PTC=Y | QC software=dataresqc v1.1.0
Bern,Bern,GCOS_Bern_Wolf_18510501-18550526_p_subdaily_qc.tsv,Bern_Wolf,Bern,46.950936,7.440383,551,GCOS,https://doi.pangaea.de/10.1594/PANGAEA.948258,p,point,hPa,1851-5-1,1855-5-26,Observer=Wolf | PGC=Y | PTC=Y | QC software=dataresqc v1.1.0
Bern,Bern,GCOS_Bern_Simmler_18630601-18631130_rr_subdaily_qc.tsv,BE01_Bern_Simmler,Bern,46.951229,7.439075,574,CHIMES,https://doi.org/10.5194/cp-15-1345-2019,rr,sum,mm,1863-6-1,1863-11-30,Observer=Rudolf Theodor Simmler | QC software=dataresqc v1.1.1
Bern,Bern,CHIMES_Bern_Lombach_17770301-17891231_rr_subdaily_qc.tsv,BE01_Bern_Lombach,Bern,46.947933,7.439289,540,CHIMES,https://doi.org/10.5194/cp-15-1345-2019,rr,sum,mm,1777-3-1,1789-12-31,Observer=Karl Lombach | QC software=dataresqc v1.1.1
Bern,Bern,GCOS_Bern_Simler_18630601-18631130_p_subdaily_qc.tsv,Bern_Simler,Bern,46.951229,7.439075,574,GCOS,https://doi.pangaea.de/10.1594/PANGAEA.948258,p,point,hPa,1863-6-1,1863-11-30,Observer=Simler (Sternwarte) | PGC=Y | PTC=Y | QC software=dataresqc v1.1.1
Bern,Bern,CHIMES_Bern_Reinhard_18610101-18631130_rr_subdaily_qc.tsv,Bern_Observatory,Bern,46.951229,7.439075,574,GCOS,https://doi.pangaea.de/10.1594/PANGAEA.948258,rr,sum,mm,1861-1-1,1863-11-30,Address=Grosse Schanze | QC software=dataresqc v1.1.1
Bern,Bern,GCOS_Bern_Studer_17791220-17891130_p_bis_subdaily_qc.tsv,Bern_Studer,Bern,46.947933,7.439289,540,GCOS,https://doi.pangaea.de/10.1594/PANGAEA.948258,p,point,hPa,1779-12-20,1789-11-30,Observer=Studer | PGC=Y | PTC=N | QC software=dataresqc v1.1.0
Bern,Bern,GCOS_Bern_Studer_17970118-18270709_p_subdaily_qc.tsv,Bern_Studer,Bern,46.947933,7.439289,540,GCOS,https://doi.pangaea.de/10.1594/PANGAEA.948258,p,point,hPa,1797-1-18,1827-7-9,Observer=Studer | PGC=Y | PTC=Y | QC software=dataresqc v1.1.0
Bern,Bern,CHIMES_Bern_Tavel_17610701-17660630_rr_daily_qc.tsv,BE01_Bern_Tavel,Bern,46.944747,7.436714,532,CHIMES,https://doi.org/10.5194/cp-15-1345-2019,rr,sum,mm,1761-7-1,1766-6-30,Observer=Franz Jakob von Tavel | QC software=dataresqc v1.1.1
Bern,Bern,GCOS_Bern_Benoit_18371001-18530415_p_subdaily_qc.tsv,Bern_Benoit,Bern,46.947504,7.450855,542,GCOS,https://doi.pangaea.de/10.1594/PANGAEA.948258,p,point,hPa,1837-10-1,1853-4-15,Observer=Benoit | PGC=Y | PTC=N | QC software=dataresqc v1.1.0
Bern,Bern,GCOS_Bern_Tavel_17600101-17660630_p_subdaily_qc.tsv,Bern_Tavel,Bern,46.944747,7.436714,532,GCOS,https://doi.pangaea.de/10.1594/PANGAEA.948258,p,point,hPa,1760-1-1,1766-6-30,Observer=Tavel | PGC=Y | PTC=N | QC software=dataresqc v1.1.0
Bern,Bern,GCOS_Bern_Simler_18630601-18631130_ta_subdaily_qc.tsv,Bern_Simler,Bern,46.951229,7.439075,574,GCOS,https://doi.pangaea.de/10.1594/PANGAEA.948258,ta,point,C,1863-6-1,1863-11-30,Observer=Simler (Sternwarte) | QC software=dataresqc v1.1.0
Bern,Bern,GCOS_Bern_Koch_18551201-18600630_p_subdaily_qc.tsv,Bern_Koch,Bern,46.947314,7.446542,546,GCOS,https://doi.pangaea.de/10.1594/PANGAEA.948258,p,point,hPa,1855-12-1,1860-6-30,Observer=Koch | PGC=Y | PTC=Y | QC software=dataresqc v1.1.0
Bern,Bern,GCOS_Bern_Lombach_17770101-17891231_p_subdaily_qc.tsv,Bern_Lombach,Bern,46.947933,7.439289,540,GCOS,https://doi.pangaea.de/10.1594/PANGAEA.948258,p,point,hPa,1777-1-1,1789-12-31,"Observer=Lombach | PGC=Y | PTC=N | Coords=(46.947933,7.439289,17770101-17850321); (46.946585,7.441255,17850616-17891231) | QC software=dataresqc v1.1.0"
Bern,Bern,GCOS_Bern_Studer_17791220-18270709_ta_subdaily_qc.tsv,Bern_Studer,Bern,46.947933,7.439289,540,GCOS,https://doi.pangaea.de/10.1594/PANGAEA.948258,ta,point,C,1779-12-20,1827-7-9,Observer=Studer | QC software=dataresqc v1.1.0
Bern,Bern,GCOS_Bern_Reinhard_18601106-18631130_p_subdaily_qc.tsv,Bern_Reinhard,Bern,46.947219,7.451096,585,GCOS,https://doi.pangaea.de/10.1594/PANGAEA.948258,p,point,hPa,1860-11-6,1863-11-30,Observer=Reinhard | PGC=Y | PTC=Y | QC software=dataresqc v1.1.0
Bern,Bern,GCOS_Bern_Koch_18551201-18580531_ta_subdaily_qc.tsv,Bern_Koch,Bern,46.947314,7.446542,546,GCOS,https://doi.pangaea.de/10.1594/PANGAEA.948258,ta,point,C,1855-12-1,1858-5-31,Observer=Koch | QC software=dataresqc v1.1.0
Bern,Bern,GCOS_Bern_Studer_17970619-18270709_ta_bis_subdaily_qc.tsv,Bern_Studer,Bern,46.947933,7.439289,540,GCOS,https://doi.pangaea.de/10.1594/PANGAEA.948258,ta,point,C,1797-6-19,1827-7-9,Observer=Studer | QC software=dataresqc v1.1.0
Bern,Bern,GCOS_Bern_Studer_17880411-17880504_ta_ter_subdaily_qc.tsv,Bern_Studer,Bern,46.947933,7.439289,540,GCOS,https://doi.pangaea.de/10.1594/PANGAEA.948258,ta,point,C,1788-4-11,1788-5-4,Observer=Samuel Studer | QC software=dataresqc v1.1.0
Bern,Bern,GCOS_Bern_Simler_18630601-18631130_Tn_daily_qc.tsv,Bern_Simler,Bern,46.951229,7.439075,574,GCOS,https://doi.pangaea.de/10.1594/PANGAEA.948258,Tn,min,C,1863-6-1,1863-11-30,Observer=Simler (Sternwarte) | QC software=dataresqc v1.1.0
Bern,Bern,GCOS_Bern_Studer_17880411-17891116_p_ter_subdaily_qc.tsv,Bern_Studer,Bern,46.947933,7.439289,540,GCOS,https://doi.pangaea.de/10.1594/PANGAEA.948258,p,point,hPa,1788-4-11,1789-11-16,Observer=Samuel Studer | PTC=N | PGC=Y | QC software=dataresqc v1.1.0
Bern,Bern,CHIMES_Bern_Trechsel_18440101-18490930_Tn_daily_qc.tsv,BE01_Bern_Trechsel,Bern,46.94694,7.450515,548,CHIMES,https://doi.org/10.5194/cp-15-1345-2019,Tn,min,C,1844-1-1,1849-9-30,"Observer=Friedrich Trechsel | Coords=(46.94694,7.450515,548m,18440101-18461231); (46.948056,542m,7.451607,18480101-18490930) | QC software=dataresqc v1.1.1"
Bern,Bern,GCOS_Bern_Tavel_17600101-17660630_ta_subdaily_qc.tsv,Bern_Tavel,Bern,46.944747,7.436714,532,GCOS,https://doi.pangaea.de/10.1594/PANGAEA.948258,ta,point,C,1760-1-1,1766-6-30,Observer=Tavel | QC software=dataresqc v1.1.0
Bern,Bern,GCOS_Bern_Fueter_18190101-18331121_p_subdaily_qc.tsv,Bern_Fueter,Bern,46.946688,7.432487,540,GCOS,https://doi.pangaea.de/10.1594/PANGAEA.948258,p,point,hPa,1819-1-1,1833-11-21,Observer=Fueter | PGC=Y | PTC=Y | QC software=dataresqc v1.1.0
Bern,Bern,GCOS_Bern_Studer_17970403-17991025_p_bis_subdaily_qc.tsv,Bern_Studer,Bern,46.947933,7.439289,540,GCOS,https://doi.pangaea.de/10.1594/PANGAEA.948258,p,point,hPa,1797-4-3,1799-10-25,Observer=Studer | PGC=Y | PTC=Y | QC software=dataresqc v1.1.1
Bern,Bern,GCOS_Bern_Fueter_18031210-18061101_ta_subdaily_qc.tsv,Bern_Fueter,Bern,46.946688,7.432487,540,GCOS,https://doi.pangaea.de/10.1594/PANGAEA.948258,ta,point,C,1803-12-10,1806-11-1,Observer=Fueter | QC software=dataresqc v1.1.0
Bern,Bern,GCOS_Bern_Lombach_17770101-17891231_ta_subdaily_qc.tsv,Bern_Lombach,Bern,46.947933,7.439289,540,GCOS,https://doi.pangaea.de/10.1594/PANGAEA.948258,ta,point,C,1777-1-1,1789-12-31,"Observer=Lombach | Coords=(46.947933,7.439289,17770101-17850321); (46.946585,7.441255,17850616-17891231) | QC software=dataresqc v1.1.0"
Bern,Bern,GCOS_Bern_Studer_17970108-18011113_ta_subdaily_qc.tsv,Bern_Studer,Bern,46.947933,7.439289,540,GCOS,https://doi.pangaea.de/10.1594/PANGAEA.948258,ta,point,C,1797-1-8,1801-11-13,Observer=Studer | QC software=dataresqc v1.1.0
Bern,Bern,GCOS_Bern_Trechsel_18260401-18490930_p_subdaily_qc.tsv,Bern_Trechsel,Bern,46.94694,7.450515,548,GCOS,https://doi.pangaea.de/10.1594/PANGAEA.948258,p,point,hPa,1826-4-1,1849-9-30,"Observer=Trechsel | PGC=Y | PTC=Y | Coords=(46.94694,7.450515,548m,18440101-18461231); (46.948056,542m,7.451607,18480101-18490930) | QC software=dataresqc v1.1.0"
Bern,Bern,GCOS_Bern_Studer_17850611-17890829_ta_bis_subdaily_qc.tsv,Bern_Studer,Bern,46.947933,7.439289,540,GCOS,https://doi.pangaea.de/10.1594/PANGAEA.948258,ta,point,C,1785-6-11,1789-8-29,Observer=Samuel Studer | QC software=dataresqc v1.0.3
Bern,Bern,GCOS_Bern_Wolf_18510501-18550526_ta_subdaily_qc.tsv,Bern_Wolf,Bern,46.950936,7.440383,551,GCOS,https://doi.pangaea.de/10.1594/PANGAEA.948258,ta,point,C,1851-5-1,1855-5-26,Observer=Wolf | QC software=dataresqc v1.1.0
Bern,Bern,GCOS_Bern_Benoit_18371001-18530415_ta_subdaily_qc.tsv,Bern_Benoit,Bern,46.947504,7.450855,542,GCOS,https://doi.pangaea.de/10.1594/PANGAEA.948258,ta,point,C,1837-10-1,1853-4-15,Observer=Benoit | QC software=dataresqc v1.1.0
Bern,Bern,GCOS_Bern_Fueter_18050315-18160630_p_subdaily_qc.tsv,Bern_Fueter,Bern,46.946688,7.432487,540,GCOS,https://doi.pangaea.de/10.1594/PANGAEA.948258,p,point,hPa,1805-3-15,1816-6-30,Observer=Fueter | PGC=Y | PTC=N | QC software=dataresqc v1.1.0
Bern,Bern,GCOS_Bern_Simler_18630601-18631130_Tx_daily_qc.tsv,Bern_Simler,Bern,46.951229,7.439075,574,GCOS,https://doi.pangaea.de/10.1594/PANGAEA.948258,Tx,max,C,1863-6-1,1863-11-30,Observer=Simler (Sternwarte) | QC software=dataresqc v1.1.1
Bern,Bern,GCOS_Bern_Reinhard_18601101-18631130_ta_subdaily_qc.tsv,Bern_Reinhard,Bern,46.947219,7.451096,585,GCOS,https://doi.pangaea.de/10.1594/PANGAEA.948258,ta,point,C,1860-11-1,1863-11-30,Observer=Reinhard | QC software=dataresqc v1.1.0
Bern,Bern,CHIMES_Bern_Trechsel_18480101-18490930_Tx_daily_qc.tsv,BE01_Bern_Trechsel,Bern,46.948056,7.451607,542,CHIMES,https://doi.org/10.5194/cp-15-1345-2019,Tx,max,C,1848-1-1,1849-9-30,Observer=Friedrich Trechsel | QC software=dataresqc v1.1.1
Bern,Bern,GCOS_Bern_Fueter_18190101-18331121_ta_subdaily_qc.tsv,Bern_Fueter,Bern,46.946688,7.432487,540,GCOS,https://doi.pangaea.de/10.1594/PANGAEA.948258,ta,point,C,1819-1-1,1833-11-21,Observer=Fueter | QC software=dataresqc v1.1.0
Berwick,Berwick | Berwick-upon-Tweed | Berwick-on-Tweed,WRDv2-2_Berwick_18620113-18621227_rr_daily.tsv,DWRUK_BERWICK,Berwick,55.76,-2.0,58,DWR_UKMO,DOI 10.5281/zenodo.5940391,rr,sum,mm,1862-1-13,1862-12-27,
Berwick,Berwick | Berwick-upon-Tweed | Berwick-on-Tweed,WRDv2-2_Berwick_18610301-18621227_ta_barometer_subdaily_qc.tsv,DWRUK_BERWICK,Berwick,55.76,-2.0,58,DWR_UKMO,DOI 10.5281/zenodo.5940391,ta,point,C,1861-3-1,1862-12-27,QC software=dataresqc v1.1.1
Berwick,Berwick | Berwick-upon-Tweed | Berwick-on-Tweed,WRDv2-2_Berwick_18610301-18621227_p_subdaily.tsv,DWRUK_BERWICK,Berwick,55.76,-2.0,58,DWR_UKMO,DOI 10.5281/zenodo.5940391,p,point,hPa,1861-3-1,1862-12-27,PTC=Y | PGC=Y
Berwick,Berwick | Berwick-upon-Tweed | Berwick-on-Tweed,WRDv2-2_Berwick_18610301-18621227_ta_subdaily.tsv,DWRUK_BERWICK,Berwick,55.76,-2.0,58,DWR_UKMO,DOI 10.5281/zenodo.5940391,ta,point,C,1861-3-1,1862-12-27,
Bessested,Bessested | Bessastaðir | Álftanes,ACRE_Bessested_17490801-17510730_p_daily_qc.tsv,ACRE_Bessested,Bessested,64.1,-22.0,10,ACRE,,p,point,hPa,1749-8-1,1751-7-30,Observer=Horrebow | coords=approx. | PTC=N | PGC=Y | QC software=dataresqc v1.1.1
Bevers,Bevers,CHIMES_Bevers_Bovelin_18360601-18360731_Tn_daily_qc.tsv,GR02_Bevers_Bovelin,Bever,46.55309,9.89009,1708,CHIMES,https://doi.org/10.5194/cp-15-1345-2019,Tn,min,C,1836-6-1,1836-7-31,Observer=Melchior Bovelin | QC software=dataresqc v1.1.1
Bevers,Bevers,CHIMES_Bevers_Kraettli_18570101-18580331_ta_subdaily_qc.tsv,GR02_Bevers_Kraettli,Bever,46.55,9.886,1714,CHIMES,https://doi.org/10.5194/cp-15-1345-2019,ta,point,C,1857-1-1,1858-3-31,Observer=Johann Luzius Krättli | QC software=dataresqc v1.1.1
Bevers,Bevers,CHIMES_Bevers_Bovelin_18360201-18360731_p_daily_qc.tsv,GR02_Bevers_Bovelin,Bever,46.55309,9.89009,1708,CHIMES,https://doi.org/10.5194/cp-15-1345-2019,p,mean,hPa,1836-2-1,1836-7-31,Observer=Melchior Bovelin | PTC=N | PGC=Y | QC software=dataresqc v1.1.1
Bevers,Bevers,CHIMES_Bevers_Bovelin_18360603-18360731_Tx_daily_qc.tsv,GR02_Bevers_Bovelin,Bever,46.55309,9.89009,1708,CHIMES,https://doi.org/10.5194/cp-15-1345-2019,Tx,max,C,1836-6-3,1836-7-31,Observer=Melchior Bovelin | QC software=dataresqc v1.1.1
Bevers,Bevers,CHIMES_Bevers_Bovelin_18260819-18311231_ta_subdaily_qc.tsv,GR02_Bevers_Bovelin,Bever,46.55309,9.89009,1708,CHIMES,https://doi.org/10.5194/cp-15-1345-2019,ta,point,C,1826-8-19,1831-12-31,Observer=Melchior Bovelin | QC software=dataresqc v1.0.3
Bevers,Bevers,CHIMES_Bevers_Bovelin_18260819-18311231_p_subdaily_qc.tsv,GR02_Bevers_Bovelin,Bever,46.55309,9.89009,1708,CHIMES,https://doi.org/10.5194/cp-15-1345-2019,p,point,hPa,1826-8-19,1831-12-31,Observer=Melchior Bovelin | PTC=Y | PGC=Y | QC software=dataresqc v1.1.1
Bevers,Bevers,CHIMES_Bevers_Kraettli_18570101-18580331_p_subdaily_qc.tsv,GR02_Bevers_Kraettli,Bever,46.55,9.886,1714,CHIMES,https://doi.org/10.5194/cp-15-1345-2019,p,point,hPa,1857-1-1,1858-3-31,Observer=Johann Luzius Krättli | PTC=N | PGC=Y | QC software=dataresqc v1.1.1
Bevers,Bevers,CHIMES_Bevers_Bovelin_18351101-18360531_ta_daily_qc.tsv,GR02_Bevers_Bovelin,Bever,46.55309,9.89009,1708,CHIMES,https://doi.org/10.5194/cp-15-1345-2019,ta,mean,C,1835-11-1,1836-5-31,Observer=Melchior Bovelin | QC software=dataresqc v1.1.1
Biarritz,Biarritz | Miarritze | Biàrritz,WRDv2-2_Biarritz_18680425-18750331_ta_subdaily_qc.tsv,DWRUK_BIARRITZ,Biarritz,43.483484,-1.567955,39,DWR_UKMO,DOI 10.5281/zenodo.5940391,ta,point,C,1868-4-25,1875-3-31,QC software=dataresqc v1.1.1
Biarritz,Biarritz | Miarritze | Biàrritz,CRU_Biarritz_18600908-18801231_p_daily_qc.tsv,WMO-7602,Biarritz,43.46,-1.53,70,CRU,https://sites.uea.ac.uk/cru/,p,mean,hPa,1860-9-8,1880-12-31,PGC=N | PTC=N
Biarritz,Biarritz | Miarritze | Biàrritz,WRDv2-2_Biarritz_18680425-18750331_rr_daily_qc.tsv,DWRUK_BIARRITZ,Biarritz,43.483484,-1.567955,39,DWR_UKMO,DOI 10.5281/zenodo.5940391,rr,sum,mm,1868-4-25,1875-3-31,QC software=dataresqc v1.1.1
Biarritz,Biarritz | Miarritze | Biàrritz,WRDv2-2_Biarritz_18680426-18750331_p_subdaily.tsv,DWRUK_BIARRITZ,Biarritz,43.483484,-1.567955,39,DWR_UKMO,DOI 10.5281/zenodo.5940391,p,point,hPa,1868-4-26,1875-3-31,PTC=? | PGC=?
Biarritz,Biarritz | Miarritze | Biàrritz,WRDv2-2_Biarritz_18720114-18750331_Tx_daily_qc.tsv,DWRUK_BIARRITZ,Biarritz,43.483484,-1.567955,39,DWR_UKMO,DOI 10.5281/zenodo.5940391,Tx,maximum,C,1872-1-14,1875-3-31,QC software=dataresqc v1.1.1
Biarritz,Biarritz | Miarritze | Biàrritz,WRDv2-2_Biarritz_18720114-18750331_Tn_daily.tsv,DWRUK_BIARRITZ,Biarritz,43.483484,-1.567955,39,DWR_UKMO,DOI 10.5281/zenodo.5940391,Tn,minimum,C,1872-1-14,1875-3-31,
Biarritz,Biarritz | Miarritze | Biàrritz,WRDv2-2_Biarritz_18720104-18750331_ta_barometer_subdaily.tsv,DWRUK_BIARRITZ,Biarritz,43.483484,-1.567955,39,DWR_UKMO,DOI 10.5281/zenodo.5940391,ta,point,C,1872-1-4,1875-3-31,
Birmingham,CET | Central England Temperature | Birmingham,MetOffice_CET_17720101-20250914_ta_daily_qc.tsv,HadCET,Central England Temperature,52.5,-1.9,44,"Parker, D.E., T.P. Legg, and C.K. Folland. 1992. A new daily Central England Temperature Series, 1772-1991. Int. J. Clim., Vol 12, pp 317-342",https://www.metoffice.gov.uk/hadobs/hadcet/data/download.html,ta,point,C,1772-1-1,2025-9-14,QC software=dataresqc v1.1.1
BirrCastle,Birr Castle | Caisleán Bhiorra,ILMMT_BirrCastle_18720501-19110331_Tx_daily_qc.tsv,ILMMT-BirrCastle,BirrCastle,53.095,-7.922,50,"Mateus, C., Potito, A., & Curley, M. (2020). Reconstruction of a long‐term historical daily maximum and minimum air temperature network dataset for Ireland (1831‐1968). Geoscience Data Journal, 7(2), 102-115.",https://www.edepositireland.ie/entities/publication/7271837d-dbe6-463f-b103-422f42a15446,Tx,maximum,C,1872-5-1,1911-3-31,"Observer=William Harding and G. Keating (1880), William Harding (1880-1881, 1887-1888), George Phillips (1881-1885), Benjamin Budds (1885-1887), Edmund Haines (1888-1892), James Perry (1892-1893), John Perry (1893-1894), Thomas Haines (1894-1898), A. Colvin (1899-1901), John L. Roe (1901-1903), George A. Roe (1903-1904), Wellesley J. Roe (1904-1911), Dr. Otto Boeddicker (1881-1916)  | Instrument=Stevenson screen (1880-1911), Double thermometer screen (1880-1911), Max thermometer B.T.492 (1887-1911), Min thermometer B.T.497 (1887-1911), Thermometer screen (1912-1954), Max thermometer M.O.2001 (1912-1925), Min thermometer M.O.2015 (1912-1925), Max thermometer M.O.11075 (1936-1950), Min thermometer M.O.1238 (1936-1941), Min thermometer M.O.10860 (1942-1950) | QC software=dataresqc v1.1.1"
BirrCastle,Birr Castle | Caisleán Bhiorra,ILMMT_BirrCastle_18800101-19201231_Tn_daily_qc.tsv,ILMMT-BirrCastle,BirrCastle,53.095,-7.922,50,"Mateus, C., Potito, A., & Curley, M. (2020). Reconstruction of a long‐term historical daily maximum and minimum air temperature network dataset for Ireland (1831‐1968). Geoscience Data Journal, 7(2), 102-115.",https://www.edepositireland.ie/entities/publication/7271837d-dbe6-463f-b103-422f42a15446,Tn,minimum,C,1880-1-1,1920-12-31,"Observer=William Harding and G. Keating (1880), William Harding (1880-1881, 1887-1888), George Phillips (1881-1885), Benjamin Budds (1885-1887), Edmund Haines (1888-1892), James Perry (1892-1893), John Perry (1893-1894), Thomas Haines (1894-1898), A. Colvin (1899-1901), John L. Roe (1901-1903), George A. Roe (1903-1904), Wellesley J. Roe (1904-1911), Dr. Otto Boeddicker (1881-1916)  | Instrument=Stevenson screen (1880-1911), Double thermometer screen (1880-1911), Max thermometer B.T.492 (1887-1911), Min thermometer B.T.497 (1887-1911), Thermometer screen (1912-1954), Max thermometer M.O.2001 (1912-1925), Min thermometer M.O.2015 (1912-1925), Max thermometer M.O.11075 (1936-1950), Min thermometer M.O.1238 (1936-1941), Min thermometer M.O.10860 (1942-1950) | QC software=dataresqc v1.1.1"
BirrCastle,Birr Castle | Caisleán Bhiorra,ILMMT_BirrCastle_18800101-19201231_Tx_daily_qc.tsv,ILMMT-BirrCastle,BirrCastle,53.095,-7.922,50,"Mateus, C., Potito, A., & Curley, M. (2020). Reconstruction of a long‐term historical daily maximum and minimum air temperature network dataset for Ireland (1831‐1968). Geoscience Data Journal, 7(2), 102-115.",https://www.edepositireland.ie/entities/publication/7271837d-dbe6-463f-b103-422f42a15446,Tx,maximum,C,1880-1-1,1920-12-31,"Observer=William Harding and G. Keating (1880), William Harding (1880-1881, 1887-1888), George Phillips (1881-1885), Benjamin Budds (1885-1887), Edmund Haines (1888-1892), James Perry (1892-1893), John Perry (1893-1894), Thomas Haines (1894-1898), A. Colvin (1899-1901), John L. Roe (1901-1903), George A. Roe (1903-1904), Wellesley J. Roe (1904-1911), Dr. Otto Boeddicker (1881-1916)  | Instrument=Stevenson screen (1880-1911), Double thermometer screen (1880-1911), Max thermometer B.T.492 (1887-1911), Min thermometer B.T.497 (1887-1911), Thermometer screen (1912-1954), Max thermometer M.O.2001 (1912-1925), Min thermometer M.O.2015 (1912-1925), Max thermometer M.O.11075 (1936-1950), Min thermometer M.O.1238 (1936-1941), Min thermometer M.O.10860 (1942-1950) | QC software=dataresqc v1.1.1"
BirrCastle,Birr Castle | Caisleán Bhiorra,ILMMT_BirrCastle_18720501-19110331_Tn_daily.tsv,ILMMT-BirrCastle,BirrCastle,53.095,-7.922,50,"Mateus, C., Potito, A., & Curley, M. (2020). Reconstruction of a long‐term historical daily maximum and minimum air temperature network dataset for Ireland (1831‐1968). Geoscience Data Journal, 7(2), 102-115.",https://www.edepositireland.ie/entities/publication/7271837d-dbe6-463f-b103-422f42a15446,Tn,minimum,C,1872-5-1,1911-3-31,"Observer=William Harding and G. Keating (1880), William Harding (1880-1881, 1887-1888), George Phillips (1881-1885), Benjamin Budds (1885-1887), Edmund Haines (1888-1892), James Perry (1892-1893), John Perry (1893-1894), Thomas Haines (1894-1898), A. Colvin (1899-1901), John L. Roe (1901-1903), George A. Roe (1903-1904), Wellesley J. Roe (1904-1911), Dr. Otto Boeddicker (1881-1916)  | Instrument=Stevenson screen (1880-1911), Double thermometer screen (1880-1911), Max thermometer B.T.492 (1887-1911), Min thermometer B.T.497 (1887-1911), Thermometer screen (1912-1954), Max thermometer M.O.2001 (1912-1925), Min thermometer M.O.2015 (1912-1925), Max thermometer M.O.11075 (1936-1950), Min thermometer M.O.1238 (1936-1941), Min thermometer M.O.10860 (1942-1950)"
Biser,Biser,GHCNd_Biser_18880701-20180531_rr_daily.tsv,RSM00028138,BISER,58.5167,58.85,463,GHCN-D,,rr,sum,mm,1888-7-1,2018-5-31,
Biskra,Biskra | Biskira,EMULATE_Biskra_18780101-18811231_p_subdaily.tsv,BISKRA,BISKRA,34.84,5.75,87,EMULATE,DOI 10.5281/zenodo.5940391,p,point,hPa,1878-1-1,1881-12-31,
Biskra,Biskra | Biskira,MEDARE_Biskra_18800101-19381229_rr_daily.tsv,60525,Biskra,34.85,5.72,125,Medare,https://www.idare-portal.org/data/medare,rr,sum,mm,1880-1-1,1938-12-29,
Biskra,Biskra | Biskira,MEDARE_Biskra_18840101-19381230_p_daily.tsv,60525,Biskra,34.85,5.72,125,Medare,https://www.idare-portal.org/data/medare,p,mean,hPa,1884-1-1,1938-12-30,PGC=N | PTC=N | Orig.res=subdaily | Diurnal cycle=N
Bjornholt,Bjornholt | Bjørnholt,GHCNd_Bjornholt_18830101-20190730_rr_daily.tsv,NOE00109903,BJORNHOLT,60.0508,10.6864,360,GHCN-D,,rr,sum,mm,1883-1-1,2019-7-30,
Bjuraker,Bjuraker | Bjuråker,ECAD_Bjuraker_18791002-19661231_ta_daily_qc.tsv,TG_SOUID_136602,Bjuraker,61.85,16.579722,70,ECA&D,knmi-ecad-assets-prd.s3.amazonaws.com/download/ECA_nonblend_tg.zip,ta,mean,C,1879-10-2,1966-12-31,"Mean temperature calculated as weighted average of TN, TX and observations at 06, 12 and 18 UT (5 values) | QC software=dataresqc v1.1.1"
Bjuroklubb,Bjuroklubb | Bjuröklubb,ECAD_Bjuroklubb_18791003-19971220_ta_daily_qc.tsv,TG_SOUID_136983,Bjuroklubb,64.48,21.58,36,ECA&D,knmi-ecad-assets-prd.s3.amazonaws.com/download/ECA_nonblend_tg.zip,ta,mean,C,1879-10-3,1997-12-20,"Mean temperature calculated as weighted average of TN, TX and observations at 06, 12 and 18 UT (5 values) | QC software=dataresqc v1.1.1"
Blackrock,Blackrock | An Charraig Dhubh,ILMMT_Blackrock_18810701-18901231_Tx_daily_qc.tsv,ILMMT-Blackrock,Blackrock,51.9,-8.4,11,"Mateus, C., Potito, A., & Curley, M. (2020). Reconstruction of a long‐term historical daily maximum and minimum air temperature network dataset for Ireland (1831‐1968). Geoscience Data Journal, 7(2), 102-115.",https://www.edepositireland.ie/entities/publication/7271837d-dbe6-463f-b103-422f42a15446,Tx,maximum,C,1881-7-1,1890-12-31,"Observer=J. B. Binyon Esq. | Instrument=Shade exposure, 5ft above ground | Location=Blackrock, Co. Cork | DataSource=UK Met Office Archive MET/2/1/2/3/489 | QC software=dataresqc v1.1.1"
Blackrock,Blackrock | An Charraig Dhubh,ILMMT_Blackrock_18810701-18901231_Tn_daily_qc.tsv,ILMMT-Blackrock,Blackrock,51.9,-8.4,11,"Mateus, C., Potito, A., & Curley, M. (2020). Reconstruction of a long‐term historical daily maximum and minimum air temperature network dataset for Ireland (1831‐1968). Geoscience Data Journal, 7(2), 102-115.",https://www.edepositireland.ie/entities/publication/7271837d-dbe6-463f-b103-422f42a15446,Tn,minimum,C,1881-7-1,1890-12-31,"Observer=J. B. Binyon Esq. | Instrument=Shade exposure, 5ft above ground | Location=Blackrock, Co. Cork | DataSource=UK Met Office Archive MET/2/1/2/3/489 | QC software=dataresqc v1.1.1"
Bodoe,Bodoe | Bodo | Bodø | Bådåddjo | Bodö,CRU_Bodoe_18680101-19941230_p_daily_qc.tsv,WMO-1152,Bodo,67.26,14.43,13,CRU,https://sites.uea.ac.uk/cru/,p,mean,hPa,1868-1-1,1994-12-30,PGC=N | PTC=N
Boehringen,Boehringen | Böhringen,PALAEO-RA_Boehringen_17630101-17820512_p_daily_qc.tsv,Europe_Boehringen,Böhringen,48.4943,9.5119,400,PALAEO-RA,,p,point,hPa,1763-1-1,1782-5-12,Observer=Höslin | PTC=N | PGC=Y | QC software=dataresqc v1.1.1
Boehringen,Boehringen | Böhringen,PALAEO-RA_Boehringen_17700101-17820512_ta_daily_qc.tsv,Europe_Boehringen,Böhringen,48.4943,9.5119,400,PALAEO-RA,,ta,point,C,1770-1-1,1782-5-12,Observer=Höslin|QC software=dataresqc v1.1.0 | QC software=dataresqc v1.1.1
Boehringen,Boehringen | Böhringen,PALAEO-RA_Boehringen_17630101-17820512_dd_daily_qc.tsv,Europe_Boehringen,Böhringen,48.4943,9.5119,400,PALAEO-RA,,dd,point,degree,1763-1-1,1782-5-12,Observer=Höslin | QC software=dataresqc v1.1.1
Bogoroditsk,Bogoroditskoye-Fenino | Bogoroditsk,GHCNd_Bogoroditskoye-Fenino_18890801-20190831_rr_daily.tsv,RSM00034110,BOGORODITSKOYE-FENINO,51.17,37.35,223,GHCN-D,,rr,sum,mm,1889-8-1,2019-8-31,
Bologna,Bologna | Bulåggna | Bononia,PALAEO-RA_Bologna_17820101-17911231_rr_subdaily_qc.tsv,Palatine-Society_Bologna,Bologna,44.4967,11.3526,74,PALAEO-RA,,rr,sum,mm,1782-1-1,1791-12-31,Observer=Matteucci | QC software=dataresqc v1.1.1
Bologna,Bologna | Bulåggna | Bononia,PALAEO-RA_Bologna_17820101-17921231_dd_subdaily_qc.tsv,Palatine-Society_Bologna,Bologna,44.4967,11.3526,74,PALAEO-RA,,dd,point,degree,1782-1-1,1792-12-31,Observer=Matteucci | QC software=dataresqc v1.1.1
Bologna,Bologna | Bulåggna | Bononia,PALAEO-RA_Bologna_17820114-17921231_p_subdaily_qc.tsv,Palatine-Society_Bologna,Bologna,44.4967,11.3526,74,PALAEO-RA,,p,point,hPa,1782-1-14,1792-12-31,Observer=Matteucci | PGC=Y | PTC=Y | Instrument=Palatine Society | QC software=dataresqc v1.1.1
Bologna,Bologna | Bulåggna | Bononia,Camuffo_Bologna_17150101-18151231_ta_daily_qc.tsv,Camuffo_Bologna,Bologna,44.4967,11.3526,74,Camuffo,http://dx.doi.org/10.1007/s10584-017-1931-2,ta,mean,C,1715-1-1,1815-12-31,"Observer=Beccari,Galeazzi,Zanotti,Tazzi,Bibiena,Matteucci,Cospi,Paleotti | homogenized=Y | QC software=dataresqc v1.1.0"
Bologna,Bologna | Bulåggna | Bononia,PALAEO-RA_Bologna_17870101-17881231_ta_daily.tsv,Palatine-Society_Bologna,Bologna,44.4967,11.3526,74,PALAEO-RA,,ta,day,C,1787-1-1,1788-12-31,
Bologna,Bologna | Bulåggna | Bononia,PALAEO-RA_Bologna_17870101-17881229_rh_daily.tsv,Palatine-Society_Bologna,Bologna,44.4967,11.3526,74,PALAEO-RA,,rh,day,unknown,1787-1-1,1788-12-29,Hygrometer (Siccitatis)
Bologna,Bologna | Bulåggna | Bononia,PALAEO-RA_Bologna_17820114-17921231_ta_subdaily_qc.tsv,Palatine-Society_Bologna,Bologna,44.4967,11.3526,74,PALAEO-RA,,ta,point,C,1782-1-14,1792-12-31,Observer=Matteucci | Instrument=Palatine Society | QC software=dataresqc v1.1.1
Bologna,Bologna | Bulåggna | Bononia,PALAEO-RA_Bologna_17870101-17881231_p_daily.tsv,Palatine-Society_Bologna,Bologna,44.4967,11.3526,74,PALAEO-RA,,p,day,hPa,1787-1-1,1788-12-31,PTC=Y | PGC=Y
Bologna,Bologna | Bulåggna | Bononia,ECAD_Bologna_18140101-20031231_ta_daily_qc.tsv,TG_SOUID_100862,Bologna,44.5,11.345833,53,ECA&D,knmi-ecad-assets-prd.s3.amazonaws.com/download/ECA_nonblend_tg.zip,ta,mean,C,1814-1-1,2003-12-31,Mean temperature calculated as average of TN and TX | QC software=dataresqc v1.1.1
Bologna,Bologna | Bulåggna | Bononia,GHCNd_Bologna_18130101-20071231_rr_daily_qc.tsv,ITE00100550,BOLOGNA,44.5,11.3458,53,GHCN-D,,rr,sum,mm,1813-1-1,2007-12-31,QC software=dataresqc v1.1.1
Bolzano,Bolzano | Bozen | Bauzanum | Bauzanuma | Bauzonum | Balsan | Bulsan,PALAEO-RA_Bolzano_18420101-18491231_p_subdaily_qc.tsv,Bolzano,Bolzano/Bozen,46.5,11.354,275,PALAEO-RA,,p,point,hPa,1842-1-1,1849-12-31,Observer=Conzin | PTC=Y | PGC=Y | QC software=dataresqc v1.1.0
Bolzano,Bolzano | Bozen | Bauzanum | Bauzanuma | Bauzonum | Balsan | Bulsan,PALAEO-RA_Bolzano_18420101-18491231_ta_subdaily_qc.tsv,Bolzano,Bolzano/Bozen,46.5,11.354,275,PALAEO-RA,,ta,point,C,1842-1-1,1849-12-31,Observer=Conzin | QC software=dataresqc v1.1.0
Breda,Breda,KNMI_Breda2_17780901-17811231_dd_subdaily_qc.tsv,KNMI-56_Breda,Breda2,51.57,4.77,3,KNMI,https://www.knmi.nl/nederland-nu/klimatologie/daggegevens/antieke-waarnemingen,dd,point,degree,1778-9-1,1781-12-31,QC software=dataresqc v1.1.1
Breda,Breda,KNMI_Breda_17260101-17410218_p_subdaily_qc.tsv,KNMI-56_Breda,Breda,51.57,4.77,3,KNMI,https://www.knmi.nl/nederland-nu/klimatologie/daggegevens/antieke-waarnemingen,p,point,hPa,1726-1-1,1741-2-18,PTC=Y | PGC=Y | QC software=dataresqc v1.1.1
Breda,Breda,KNMI_Breda2_17780901-17811231_ta_subdaily_qc.tsv,KNMI-56_Breda,Breda2,51.57,4.77,3,KNMI,https://www.knmi.nl/nederland-nu/klimatologie/daggegevens/antieke-waarnemingen,ta,point,C,1778-9-1,1781-12-31,QC software=dataresqc v1.1.1
Breda,Breda,KNMI_Breda2_17780901-17811231_rr_subdaily.tsv,KNMI-56_Breda,Breda2,51.57,4.77,3,KNMI,https://www.knmi.nl/nederland-nu/klimatologie/daggegevens/antieke-waarnemingen,rr,point,mm,1778-9-1,1781-12-31,QC software=dataresqc v1.1.1
Breda,Breda,KNMI_Breda2_17780901-17811231_p_subdaily_qc.tsv,KNMI-56_Breda,Breda2,51.57,4.77,3,KNMI,https://www.knmi.nl/nederland-nu/klimatologie/daggegevens/antieke-waarnemingen,p,point,hPa,1778-9-1,1781-12-31,QC software=dataresqc v1.1.1
Breda,Breda,KNMI_Breda_17260101-17410218_dd_subdaily_qc.tsv,KNMI-56_Breda,Breda,51.57,4.77,3,KNMI,https://www.knmi.nl/nederland-nu/klimatologie/daggegevens/antieke-waarnemingen,dd,point,degree,1726-1-1,1741-2-18,QC software=dataresqc v1.1.1
Breda,Breda,KNMI_Breda_17780901-17811231_p_subdaily_qc.tsv,KNMI-57_Breda2,Breda2,51.57,4.77,3,KNMI,https://www.knmi.nl/nederland-nu/klimatologie/daggegevens/antieke-waarnemingen,p,point,hPa,1778-9-1,1781-12-31,PGC=Y | PTC=N | QC software=dataresqc v1.1.0
Breda,Breda,KNMI_Breda_17260101-17410218_ta_subdaily_qc.tsv,KNMI-56_Breda,Breda,51.57,4.77,3,KNMI,https://www.knmi.nl/nederland-nu/klimatologie/daggegevens/antieke-waarnemingen,ta,point,C,1726-1-1,1741-2-18,QC software=dataresqc v1.1.1
Bremen,Bremen | Freie Hansestadt Bremen | Breem | Bräm,ECAD_Bremen_18900101-20241231_ta_daily_qc.tsv,TG_SOUID_100138,Bremen,53.046389,8.799167,4,ECA&D,knmi-ecad-assets-prd.s3.amazonaws.com/download/ECA_nonblend_tg.zip,ta,mean,C,1890-1-1,2024-12-31,Mean temperature 0-0 UT | QC software=dataresqc v1.1.1
Breslau,Bresslau | Breslau | Breßlau | Vaurtizlau | Vratislavia | Vratizlau | Warcisław | Wordisclavia | Wortizlania | Wrezlau | Wrezlaw | Wrocisław | Wrocław | Wroclaw | Wratislau | Wrotizla | Brassel | Bresloy,Przybylak_Breslau-Wroclaw_17730101-17811231_ta_subdaily_qc.tsv,Breslau,Przybylak_Wroclaw,51.11684,17.03042,117,"Przybylak R., Pospieszyñska A., Oliñski P., Air temperature changes in Wroc³aw (SW Poland) in 1773-1781 based on a newly discovered series of meteorological measurements, Climate of the Past.",https://doi.org/10.18150/PYVVWU,ta,point,C,1773-1-1,1781-12-31,"Observer=Johann Ephraim Scheibel | Location=area of the Gymnasium, by Church of St. Elizabeth | orig.unit=degF | QC software=dataresqc v1.1.1"
Breslau,Bresslau | Breslau | Breßlau | Vaurtizlau | Vratislavia | Vratizlau | Warcisław | Wordisclavia | Wortizlania | Wrezlau | Wrezlaw | Wrocisław | Wrocław | Wroclaw | Wratislau | Wrotizla | Brassel | Bresloy,Przybylak_Breslau_17910206-18541231_ta_daily_qc.tsv,Wroclaw,Przybylak_Breslau,51.11,17.04,117,"Galle J.G., 1857, Grundzüge der Schlesischen Klimatologie, Josef Max & Komp., Breslau, XXIII+128 pp.",,ta,mean,C,1791-2-6,1854-12-31,coords=approx | QC software=dataresqc v1.1.1
Breslau,Bresslau | Breslau | Breßlau | Vaurtizlau | Vratislavia | Vratizlau | Warcisław | Wordisclavia | Wortizlania | Wrezlau | Wrezlaw | Wrocisław | Wrocław | Wroclaw | Wratislau | Wrotizla | Brassel | Bresloy,PALAEO-RA_Breslau-Wroclaw_17170701-17261231_dd_subdaily.tsv,Breslau,Wroclaw,51.11,17.04,117,PALAEO-RA,,dd,point,degree,1717-7-1,1726-12-31,Observer=J.Kanold
Breslau,Bresslau | Breslau | Breßlau | Vaurtizlau | Vratislavia | Vratizlau | Warcisław | Wordisclavia | Wortizlania | Wrezlau | Wrezlaw | Wrocisław | Wrocław | Wroclaw | Wratislau | Wrotizla | Brassel | Bresloy,PALAEO-RA_Breslau-Wroclaw_17171003-17261231_rr_subdaily.tsv,Breslau,Wroclaw,51.11,17.04,117,PALAEO-RA,,rr,sum,unknown,1717-10-3,1726-12-31,"Observer=J.Kanold | obs.time=midnight | 1 Drachm. was 3.727 g after the Nürnberg standard | 1 Drachm. = 3 Scrup. = 60 Gran. | Note=The opening of the rain gauge was “almost 2/3 of ¼ of ell” in diameter, i.e. ca. 9.5 cm? | 1 Drachm. was 3.727 g after the Nürnberg standard"
Breslau,Bresslau | Breslau | Breßlau | Vaurtizlau | Vratislavia | Vratizlau | Warcisław | Wordisclavia | Wortizlania | Wrezlau | Wrezlaw | Wrocisław | Wrocław | Wroclaw | Wratislau | Wrotizla | Brassel | Bresloy,PALAEO-RA_Breslau-Wroclaw_17170701-17261231_p_subdaily.tsv,Breslau,Wroclaw,51.11,17.04,117,PALAEO-RA,,p,point,unknown,1717-7-1,1726-12-31,Observer=J.Kanold
Breslau,Bresslau | Breslau | Breßlau | Vaurtizlau | Vratislavia | Vratizlau | Warcisław | Wordisclavia | Wortizlania | Wrezlau | Wrezlaw | Wrocisław | Wrocław | Wroclaw | Wratislau | Wrotizla | Brassel | Bresloy,PALAEO-RA_Breslau-Wroclaw_17170701-17261231_ta_subdaily.tsv,Breslau,Wroclaw,51.11,17.04,117,PALAEO-RA,,ta,point,unknown,1717-7-1,1726-12-31,Observer=J.Kanold
Brest,Brest,EMULATE_Brest_18610103-18811231_p_subdaily.tsv,BREST,BREST,48.39,-4.49,45,EMULATE,DOI 10.5281/zenodo.5940391,p,point,hPa,1861-1-3,1881-12-31,
Brest,Brest,WRDv2-2_Brest_18621219-18750331_rr_daily_qc.tsv,DWRUK_BREST,Brest (St. Mathieu),48.329859,-4.770851,45,DWR_UKMO,DOI 10.5281/zenodo.5940391,rr,sum,mm,1862-12-19,1875-3-31,Alias=St. Mathieu Lighthouse | QC software=dataresqc v1.1.1
Brest,Brest,WRDv2-2_Brest_18610830-18750311_p_subdaily.tsv,DWRUK_BREST,Brest (St. Mathieu),48.329859,-4.770851,45,DWR_UKMO,DOI 10.5281/zenodo.5940391,p,point,hPa,1861-8-30,1875-3-11,PTC=? | PGC=? | Alias=St. Mathieu Lighthouse
Brest,Brest,WRDv2-2_Brest_18621217-18750331_ta_barometer_subdaily.tsv,DWRUK_BREST,Brest (St. Mathieu),48.329859,-4.770851,45,DWR_UKMO,DOI 10.5281/zenodo.5940391,ta,point,C,1862-12-17,1875-3-31,Alias=St. Mathieu Lighthouse
Brest,Brest,WRDv2-2_Brest_18610830-18750331_ta_subdaily_qc.tsv,DWRUK_BREST,Brest (St. Mathieu),48.329859,-4.770851,45,DWR_UKMO,DOI 10.5281/zenodo.5940391,ta,point,C,1861-8-30,1875-3-31,Alias=St. Mathieu Lighthouse | QC software=dataresqc v1.1.1
Brest,Brest,WRDv2-2_Brest_18720114-18750331_Tx_daily_qc.tsv,DWRUK_BREST,Brest (St. Mathieu),48.329859,-4.770851,45,DWR_UKMO,DOI 10.5281/zenodo.5940391,Tx,maximum,C,1872-1-14,1875-3-31,Alias=St. Mathieu Lighthouse | QC software=dataresqc v1.1.1
Brest,Brest,WRDv2-2_Brest_18720114-18750331_Tn_daily_qc.tsv,DWRUK_BREST,Brest (St. Mathieu),48.329859,-4.770851,45,DWR_UKMO,DOI 10.5281/zenodo.5940391,Tn,minimum,C,1872-1-14,1875-3-31,Alias=St. Mathieu Lighthouse | QC software=dataresqc v1.1.1
Bridestowe,Bridestowe,WeaR_Bridestowe_17881101-17890228_ta_daily.tsv,Bridestowe,Bridestowe,50.685,-4.1,167,WeaR,DOI: 10.5194/cp-18-2545-2022,ta,mean,C,1788-11-1,1789-2-28,Observer=Heberden
Brussels,Brussels | Bruxelles | Brussel,PALAEO-RA_Brussels_17820102-17921231_w_subdaily.tsv,Palatine-Society_Brussels,Brussels,50.85034,4.35171,60,PALAEO-RA,,w,point,0-4,1782-1-2,1792-12-31,Observer=Abbé Mann
Brussels,Brussels | Bruxelles | Brussel,WRDv2-2_Brussels_18680102-18750331_ta_daily.tsv,DWRUK_BRUSSELS,Brussels,50.8,4.4,60,DWR_UKMO,DOI 10.5281/zenodo.5940391,ta,point,C,1868-1-2,1875-3-31,
Brussels,Brussels | Bruxelles | Brussel,WRDv2-2_Brussels_18680102-18750331_p_daily.tsv,DWRUK_BRUSSELS,Brussels,50.8,4.4,60,DWR_UKMO,DOI 10.5281/zenodo.5940391,p,point,hPa,1868-1-2,1875-3-31,PTC=? | PGC=?
Brussels,Brussels | Bruxelles | Brussel,PALAEO-RA_Brussels_17860101-17901231_rr_daily_qc.tsv,Palatine-Society_Brussels,Brussels,50.85034,4.35171,60,PALAEO-RA,,rr,sum,mm,1786-1-1,1790-12-31,Observer=Abbé Mann | QC software=dataresqc v1.1.1
Brussels,Brussels | Bruxelles | Brussel,PALAEO-RA_Brussels_17820101-17921231_dd_subdaily_qc.tsv,Palatine-Society_Brussels,Brussels,50.85034,4.35171,60,PALAEO-RA,,dd,point,degree,1782-1-1,1792-12-31,Observer=Abbé Mann | QC software=dataresqc v1.1.1
Brussels,Brussels | Bruxelles | Brussel,PALAEO-RA_Brussels_17880101-17881231_p_daily_qc.tsv,Palatine-Society_Brussels,Brussels,50.85034,4.35171,60,PALAEO-RA,,p,mean,hPa,1788-1-1,1788-12-31,Observer=Abbé Mann | PGC=Y | PTC=Y | Instrument=Palatine Society | QC software=dataresqc v1.1.1
Brussels,Brussels | Bruxelles | Brussel,PALAEO-RA_Brussels_17820101-17921231_p_subdaily_qc.tsv,Palatine-Society_Brussels,Brussels,50.85034,4.35171,60,PALAEO-RA,,p,point,hPa,1782-1-1,1792-12-31,Observer=Abbé Mann | PGC=Y | PTC=Y | Instrument=Palatine Society | QC software=dataresqc v1.1.0
Brussels,Brussels | Bruxelles | Brussel,PALAEO-RA_Brussels_17880101-17881231_ta_daily_qc.tsv,Palatine-Society_Brussels,Brussels,50.85034,4.35171,60,PALAEO-RA,,ta,mean,C,1788-1-1,1788-12-31,Observer=Abbé Mann | QC software=dataresqc v1.1.1
Brussels,Brussels | Bruxelles | Brussel,PALAEO-RA_Brussels_17820101-17921231_ta_subdaily_qc.tsv,Palatine-Society_Brussels,Brussels,50.85034,4.35171,60,PALAEO-RA,,ta,point,C,1782-1-1,1792-12-31,Observer=Abbé Mann | Instrument=Palatine Society | QC software=dataresqc v1.1.0
Budapest,Budapest,PALAEO-RA_Budapest_17811108-17921231_ta_subdaily_qc.tsv,Palatine-Society_Budapest,Budapest,47.4925,19.051389,168,PALAEO-RA,,ta,point,C,1781-11-8,1792-12-31,"Observer=Weis, Bruna | Instrument=Palatine Society | QC software=dataresqc v1.1.0"
Budapest,Budapest,PALAEO-RA_Budapest_17811108-17921231_dd_subdaily_qc.tsv,Palatine-Society_Budapest,Budapest,47.4925,19.051389,168,PALAEO-RA,,dd,point,degree,1781-11-8,1792-12-31,"Observer=Weis, Bruna | QC software=dataresqc v1.1.1"
Budapest,Budapest,PALAEO-RA_Budapest_17811108-17921231_p_subdaily_qc.tsv,Palatine-Society_Budapest,Budapest,47.4925,19.051389,168,PALAEO-RA,,p,point,hPa,1781-11-8,1792-12-31,"Observer=Weis, Bruna | PGC=Y | PTC=Y | Instrument=Palatine Society | QC software=dataresqc v1.1.1"
Budapest,Budapest,PALAEO-RA_Budapest_17880101-17881231_ta_daily_qc.tsv,Palatine-Society_Budapest,Budapest,47.4925,19.051389,168,PALAEO-RA,,ta,mean,C,1788-1-1,1788-12-31,Observer=Bruna | QC software=dataresqc v1.1.1
Budapest,Budapest,PALAEO-RA_Budapest_17811108-17861231_rr_daily_qc.tsv,Palatine-Society_Budapest,Budapest,47.4925,19.051389,168,PALAEO-RA,,rr,sum,mm,1781-11-8,1786-12-31,Observer=Bruna | QC software=dataresqc v1.1.1
Budapest,Budapest,PALAEO-RA_Budapest_17880101-17881231_p_daily_qc.tsv,Palatine-Society_Budapest,Budapest,47.4925,19.051389,168,PALAEO-RA,,p,mean,hPa,1788-1-1,1788-12-31,Observer=Bruna | PGC=Y | PTC=Y | Instrument=Palatine Society | QC software=dataresqc v1.1.1
Budapest,Budapest,PALAEO-RA_Budapest_17811108-17921231_w_subdaily.tsv,Palatine-Society_Budapest,Budapest,47.4925,19.051389,168,PALAEO-RA,,w,point,0-4,1781-11-8,1792-12-31,"Observer=Weis, Bruna"
BuerenAnDerAare,BuerenAnDerAare | Büren an der Aare | Buron sur Aar,GCOS_Bueren_17891220-17970106_p_subdaily_qc.tsv,Bueren,Büren an der Aare,47.139749,7.374165,440,GCOS,https://doi.pangaea.de/10.1594/PANGAEA.948258,p,point,hPa,1789-12-20,1797-1-6,Observer=Studer | PGC=Y | PTC=N | QC software=dataresqc v1.1.0
BuerenAnDerAare,BuerenAnDerAare | Büren an der Aare | Buron sur Aar,GCOS_Bueren_17891220-17900905_p_bis_subdaily_qc.tsv,Bueren,Büren an der Aare,47.139749,7.374165,440,GCOS,https://doi.pangaea.de/10.1594/PANGAEA.948258,p,point,hPa,1789-12-20,1790-9-5,Observer=Studer | PGC=Y | PTC=N | QC software=dataresqc v1.1.0
BuerenAnDerAare,BuerenAnDerAare | Büren an der Aare | Buron sur Aar,GCOS_Bueren_17891220-17970106_ta_subdaily_qc.tsv,Bueren,Büren an der Aare,47.139749,7.374165,440,GCOS,https://doi.pangaea.de/10.1594/PANGAEA.948258,ta,point,C,1789-12-20,1797-1-6,Observer=Studer | QC software=dataresqc v1.1.0
BuerenAnDerAare,BuerenAnDerAare | Büren an der Aare | Buron sur Aar,GCOS_Bueren_17891220-17950503_ta_bis_subdaily_qc.tsv,Bueren,Büren an der Aare,47.139749,7.374165,440,GCOS,https://doi.pangaea.de/10.1594/PANGAEA.948258,ta,point,C,1789-12-20,1795-5-3,Observer=Studer | QC software=dataresqc v1.1.0
Buncrana,Buncrana | Bun Cranncha,ILMMT_Buncrana_18501001-18510630_Tx_daily_qc.tsv,ILMMT-Buncrana,Buncrana,55.133,-7.45,15,"Mateus, C., Potito, A., & Curley, M. (2020). Reconstruction of a long‐term historical daily maximum and minimum air temperature network dataset for Ireland (1831‐1968). Geoscience Data Journal, 7(2), 102-115.",https://www.edepositireland.ie/entities/publication/7271837d-dbe6-463f-b103-422f42a15446,Tx,maximum,C,1850-10-1,1851-6-30,"Observer=Coast-guard Boatmen | Instrument=Standardized RIA supply (George Yeates) | Location=Buncrana Coast-guard Station, Co. Donegal | DataSource=RIA Manuscripts 12M16 | QC software=dataresqc v1.1.1"
Buncrana,Buncrana | Bun Cranncha,ILMMT_Buncrana_18501001-18511231_Tn_daily_qc.tsv,ILMMT-Buncrana,Buncrana,55.133,-7.45,15,"Mateus, C., Potito, A., & Curley, M. (2020). Reconstruction of a long‐term historical daily maximum and minimum air temperature network dataset for Ireland (1831‐1968). Geoscience Data Journal, 7(2), 102-115.",https://www.edepositireland.ie/entities/publication/7271837d-dbe6-463f-b103-422f42a15446,Tn,minimum,C,1850-10-1,1851-12-31,"Observer=Coast-guard Boatmen | Instrument=Standardized RIA supply (George Yeates) | Location=Buncrana Coast-guard Station, Co. Donegal | DataSource=RIA Manuscripts 12M16 | QC software=dataresqc v1.1.1"
Burgdorf,Burgdorf | Burdlef | Berthoud,GCOS_Burgdorf_18570101-18641231_p_subdaily_qc.tsv,Burgdorf,Burgdorf,47.05686,7.62793,538,GCOS,https://doi.pangaea.de/10.1594/PANGAEA.948258,p,point,hPa,1857-1-1,1864-12-31,Observer=Fankhauser | PGC=Y | PTC=N | QC software=dataresqc v1.1.1
Burgdorf,Burgdorf | Burdlef | Berthoud,GCOS_Burgdorf_18510501-18641231_ta_subdaily_qc.tsv,Burgdorf,Burgdorf,47.05686,7.62793,538,GCOS,https://doi.pangaea.de/10.1594/PANGAEA.948258,ta,point,C,1851-5-1,1864-12-31,Observer=Fankhauser | QC software=dataresqc v1.1.0
Buxton,Buxton,ECAD_Buxton_18750102-20241231_ta_daily_qc.tsv,TG_SOUID_107043,Buxton,53.2575,-1.911944,307,ECA&D,knmi-ecad-assets-prd.s3.amazonaws.com/download/ECA_nonblend_tg.zip,ta,mean,C,1875-1-2,2024-12-31,Mean temperature calculated as average of TN and TX | QC software=dataresqc v1.1.1
Buxton,Buxton,GHCNd_Buxton_18750101-20171231_rr_daily.tsv,UKE00105905,BUXTON,53.2567,-1.9131,307,GHCN-D,,rr,sum,mm,1875-1-1,2017-12-31,
CabezaLaVaca,Cabeza la Vaca,EMOSSv2_Cabeza-la-Vaca_18820106-18831231_p_subdaily_qc.tsv,BACVAC1,Extremadura-Cabeza_la_Vaca,38.086667,-6.421111,658,"Vaquero, José Manuel; Bravo-Paredes, Nieves; Obregón, María Angeles; Sánchez-Carrasco, Víctor Manuel; Valente, Maria Antónia; Trigo, Ricardo M; Domínguez-Castro, Fernando; Montero-Martín, Javier; Vaquero-Martínez, Javier; Antón, Manuel; García, José Agustín; Gallego, María Cruz (2020): Early meteorological records from BAALAN1 (1866). PANGAEA.",https://doi.pangaea.de/10.1594/PANGAEA.925805,p,point,hPa,1882-1-6,1883-12-31,PTC=N | PGC=N | QC software=dataresqc v1.1.1
CabezaLaVaca,Cabeza la Vaca,EMOSSv2_Cabeza-la-Vaca_18820106-18831231_Tx_daily.tsv,BACVAC1,Extremadura-Cabeza_la_Vaca,38.086667,-6.421111,658,"Vaquero, José Manuel; Bravo-Paredes, Nieves; Obregón, María Angeles; Sánchez-Carrasco, Víctor Manuel; Valente, Maria Antónia; Trigo, Ricardo M; Domínguez-Castro, Fernando; Montero-Martín, Javier; Vaquero-Martínez, Javier; Antón, Manuel; García, José Agustín; Gallego, María Cruz (2020): Early meteorological records from BAALAN1 (1866). PANGAEA.",https://doi.pangaea.de/10.1594/PANGAEA.925805,Tx,maximum,C,1882-1-6,1883-12-31,
CabezaLaVaca,Cabeza la Vaca,EMOSSv2_Cabeza-la-Vaca_18820106-18831231_dd_subdaily_qc.tsv,BACVAC1,Extremadura-Cabeza_la_Vaca,38.086667,-6.421111,658,"Vaquero, José Manuel; Bravo-Paredes, Nieves; Obregón, María Angeles; Sánchez-Carrasco, Víctor Manuel; Valente, Maria Antónia; Trigo, Ricardo M; Domínguez-Castro, Fernando; Montero-Martín, Javier; Vaquero-Martínez, Javier; Antón, Manuel; García, José Agustín; Gallego, María Cruz (2020): Early meteorological records from BAALAN1 (1866). PANGAEA.",https://doi.pangaea.de/10.1594/PANGAEA.925805,dd,point,degree,1882-1-6,1883-12-31,QC software=dataresqc v1.1.1
CabezaLaVaca,Cabeza la Vaca,EMOSSv2_Cabeza-la-Vaca_18820106-18831231_Tn_daily.tsv,BACVAC1,Extremadura-Cabeza_la_Vaca,38.086667,-6.421111,658,"Vaquero, José Manuel; Bravo-Paredes, Nieves; Obregón, María Angeles; Sánchez-Carrasco, Víctor Manuel; Valente, Maria Antónia; Trigo, Ricardo M; Domínguez-Castro, Fernando; Montero-Martín, Javier; Vaquero-Martínez, Javier; Antón, Manuel; García, José Agustín; Gallego, María Cruz (2020): Early meteorological records from BAALAN1 (1866). PANGAEA.",https://doi.pangaea.de/10.1594/PANGAEA.925805,Tn,minimum,C,1882-1-6,1883-12-31,
CabezaLaVaca,Cabeza la Vaca,EMOSSv2_Cabeza-la-Vaca_18820124-18831231_rr_daily_qc.tsv,BACVAC1,Extremadura-Cabeza_la_Vaca,38.086667,-6.421111,658,"Vaquero, José Manuel; Bravo-Paredes, Nieves; Obregón, María Angeles; Sánchez-Carrasco, Víctor Manuel; Valente, Maria Antónia; Trigo, Ricardo M; Domínguez-Castro, Fernando; Montero-Martín, Javier; Vaquero-Martínez, Javier; Antón, Manuel; García, José Agustín; Gallego, María Cruz (2020): Early meteorological records from BAALAN1 (1866). PANGAEA.",https://doi.pangaea.de/10.1594/PANGAEA.925805,rr,sum,mm,1882-1-24,1883-12-31,QC software=dataresqc v1.1.1
Caceres,Caceres | Cáceres,EMOSSv2_Caceres_18801025-18890708_ta_daily_qc.tsv,CCCACE2,Extremadura-Caceres,39.473056,-6.37,459,"Vaquero, José Manuel; Bravo-Paredes, Nieves; Obregón, María Angeles; Sánchez-Carrasco, Víctor Manuel; Valente, Maria Antónia; Trigo, Ricardo M; Domínguez-Castro, Fernando; Montero-Martín, Javier; Vaquero-Martínez, Javier; Antón, Manuel; García, José Agustín; Gallego, María Cruz (2020): Early meteorological records from BAALAN1 (1866). PANGAEA.",https://doi.pangaea.de/10.1594/PANGAEA.925805,ta,point,C,1880-10-25,1889-7-8,QC software=dataresqc v1.1.1
Caceres,Caceres | Cáceres,EMOSSv2_Caceres_18801025-18890708_p_daily_qc.tsv,CCCACE2,Extremadura-Caceres,39.473056,-6.37,459,"Vaquero, José Manuel; Bravo-Paredes, Nieves; Obregón, María Angeles; Sánchez-Carrasco, Víctor Manuel; Valente, Maria Antónia; Trigo, Ricardo M; Domínguez-Castro, Fernando; Montero-Martín, Javier; Vaquero-Martínez, Javier; Antón, Manuel; García, José Agustín; Gallego, María Cruz (2020): Early meteorological records from BAALAN1 (1866). PANGAEA.",https://doi.pangaea.de/10.1594/PANGAEA.925805,p,point,hPa,1880-10-25,1889-7-8,PTC=Y | PGC=N | QC software=dataresqc v1.1.1
Caceres,Caceres | Cáceres,EMOSSv2_Caceres_18801025-18890708_dd_daily_qc.tsv,CCCACE2,Extremadura-Caceres,39.473056,-6.37,459,"Vaquero, José Manuel; Bravo-Paredes, Nieves; Obregón, María Angeles; Sánchez-Carrasco, Víctor Manuel; Valente, Maria Antónia; Trigo, Ricardo M; Domínguez-Castro, Fernando; Montero-Martín, Javier; Vaquero-Martínez, Javier; Antón, Manuel; García, José Agustín; Gallego, María Cruz (2020): Early meteorological records from BAALAN1 (1866). PANGAEA.",https://doi.pangaea.de/10.1594/PANGAEA.925805,dd,point,degree,1880-10-25,1889-7-8,QC software=dataresqc v1.1.1
Cadiz,Cadiz | Cádiz | Cadis,EMOSSv2_Cadiz_18160830-18301229_p_subdaily_qc.tsv,SanchezRodrigo_Cadiz,Cadiz,36.516667,-6.283333,13,"Diario Comercial de Cádiz (1802-1830), Cádiz Library, sgn: FL-PP-Est.59. http://www.bibliotecavirtualdeandalucia.es",http://hdl.handle.net/10835/6806,p,point,hPa,1816-8-30,1830-12-29,PTC=N | PGC=Y | QC software=dataresqc v1.1.0
Cadiz,Cadiz | Cádiz | Cadis,EMOSSv2_Cadiz_JMChacon_17990101-18001231_ta_daily_qc.tsv,Ca1799-1800,Cadiz,36.516667,-6.283333,13,"Aréjula, J.M. 1806. Breve descripción de la fiebre amarilla padecida en Cádiz. Biblioteca de Andalucía ANT-XIX-614 http://www.biblitecavirtualdeandalucia.es",http://hdl.handle.net/10835/6806,ta,point,C,1799-1-1,1800-12-31,Obsever=José María Chacón | obs.time=noon | QC software=dataresqc v1.1.1
Cadiz,Cadiz | Cádiz | Cadis,EMOSSv2_Cadiz_PMGonzalez_18000801-18001031_ta_noon_qc.tsv,Ca1800,Cadiz,36.516667,-6.283333,13,"González, PM. 1801. Disertación médica sobre la calentura maligna contagiosa que reynó en Cádiz en el año de 1800. Biblioteca Universidad Complutense BH FG 1272",http://hdl.handle.net/10835/6806,ta,point,C,1800-8-1,1800-10-31,Obsever=Pedro María González | obs.time=noon | QC software=dataresqc v1.1.1
Cadiz,Cadiz | Cádiz | Cadis,EMOSSv2_Cadiz_JMChacon_17990101-18001231_p_noon_qc.tsv,Ca1799-1800,Cadiz,36.516667,-6.283333,13,"Aréjula, J.M. 1806. Breve descripción de la fiebre amarilla padecida en Cádiz. Biblioteca de Andalucía ANT-XIX-614 http://www.biblitecavirtualdeandalucia.es",http://hdl.handle.net/10835/6806,p,point,hPa,1799-1-1,1800-12-31,Obsever=José María Chacón | obs.time=noon | QC software=dataresqc v1.1.1
Cadiz,Cadiz | Cádiz | Cadis,EMOSSv2_Cadiz_18021030-18030522_dd_subdaily_qc.tsv,Ca1802-1803,Cadiz,36.516667,-6.283333,13,"Diario Comercial de Cádiz (1802-1830), Cádiz Library, sgn: FL-PP-Est.59. http://www.bibliotecavirtualdeandalucia.es",http://hdl.handle.net/10835/6806,dd,point,degree,1802-10-30,1803-5-22,QC software=dataresqc v1.1.1
Cadiz,Cadiz | Cádiz | Cadis,EMOSSv2_Cadiz_JMChacon_17990101-18001231_dd_daily_qc.tsv,Ca1799-1800,Cadiz,36.516667,-6.283333,13,"Aréjula, J.M. 1806. Breve descripción de la fiebre amarilla padecida en Cádiz. Biblioteca de Andalucía ANT-XIX-614 http://www.biblitecavirtualdeandalucia.es",http://hdl.handle.net/10835/6806,dd,point,degree,1799-1-1,1800-12-31,Obsever=José María Chacón | obs.time=noon | QC software=dataresqc v1.1.1
Cadiz,Cadiz | Cádiz | Cadis,EMOSSv2_Cadiz_PerezLasso_18201015-18210426_rr_subdaily_qc.tsv,Ca1820-1822,Cadiz,36.516667,-6.283333,13,"Pérez-Laso, FJ. (ed.), 1820-1822, 1824. Periódico de la Sociedad Médico-Quirúrgica de Cádiz. Biblioteca Universidad Complutense BH Rev 63-1, 63-2, 63-3, 63-4 (http://www.books.google.com)",http://hdl.handle.net/10835/6806,rr,point,mm,1820-10-15,1821-4-26,Obsever=Francisco Javier Pérez Lasso | obs.time=midday | QC software=dataresqc v1.1.1
Cadiz,Cadiz | Cádiz | Cadis,Barriendos_Cadiz_17860801-19491231_Tx_daily_qc.tsv,Cadiz,Cadiz,36.516667,-6.283333,13,"Barriendos, Mariano et al. “DAILY METEOROLOGICAL OBSERVATIONS IN CADIZ­ SAN FERNANDO. ANALYSIS OF THE DOCUMENTARY SOURCES AND THE INSTRUMENTAL DATA CONTENT (1786-1996).” Climatic Change 53 (2002): 151-170.",https://doi.org/10.1007/978-94-010-0371-1_6,Tx,max,C,1786-8-1,1949-12-31,QC software=dataresqc v1.1.1
Cadiz,Cadiz | Cádiz | Cadis,EMOSSv2_Cadiz_PerezLasso_18200101-18221231_p_subdaily_qc.tsv,Ca1820-1822,Cadiz,36.516667,-6.283333,13,"Pérez-Laso, FJ. (ed.), 1820-1822, 1824. Periódico de la Sociedad Médico-Quirúrgica de Cádiz. Biblioteca Universidad Complutense BH Rev 63-1, 63-2, 63-3, 63-4 (http://www.books.google.com)",http://hdl.handle.net/10835/6806,p,point,hPa,1820-1-1,1822-12-31,Obsever=Francisco Javier Pérez Lasso | obs.time=midday | PTC=Y | PGC=Y | QC software=dataresqc v1.1.1
Cadiz,Cadiz | Cádiz | Cadis,EMOSSv2_Cadiz_PerezLasso_18200101-18221231_dd_subdaily_qc.tsv,Ca1820-1822,Cadiz,36.516667,-6.283333,13,"Pérez-Laso, FJ. (ed.), 1820-1822, 1824. Periódico de la Sociedad Médico-Quirúrgica de Cádiz. Biblioteca Universidad Complutense BH Rev 63-1, 63-2, 63-3, 63-4 (http://www.books.google.com)",http://hdl.handle.net/10835/6806,dd,point,degree,1820-1-1,1822-12-31,Obsever=Francisco Javier Pérez Lasso | obs.time=midday | QC software=dataresqc v1.1.1
Cadiz,Cadiz | Cádiz | Cadis,EMOSSv2_Cadiz_PMGonzalez_18000801-18001031_ta_subdaily_qc.tsv,Ca1800,Cadiz,36.516667,-6.283333,13,"González, PM. 1801. Disertación médica sobre la calentura maligna contagiosa que reynó en Cádiz en el año de 1800. Biblioteca Universidad Complutense BH FG 1272",http://hdl.handle.net/10835/6806,ta,point,C,1800-8-1,1800-10-31,Obsever=Pedro María González | obs.time=noon | QC software=dataresqc v1.1.1
Cadiz,Cadiz | Cádiz | Cadis,SanchezRodrigo_Cadiz_18160830-18301229_p_daily_qc.tsv,SanchezRodrigo_Cadiz,Cadiz,36.5167,-6.283,13,Sanchez-Rodrigo,,p,mean,hPa,1816-8-30,1830-12-29,PTC=N | PGC=Y | QC software=dataresqc v1.1.0 | Orig.res=subdaily | Diurnal cycle=Y
Cadiz,Cadiz | Cádiz | Cadis,EMOSSv2_Cadiz_18160830-18301229_dd_subdaily_qc.tsv,Ca1816-1830,Cadiz,36.516667,-6.283333,13,"Diario Comercial de Cádiz (1802-1830), Cádiz Library, sgn: FL-PP-Est.59. http://www.bibliotecavirtualdeandalucia.es",http://hdl.handle.net/10835/6806,dd,point,degree,1816-8-30,1830-12-29,QC software=dataresqc v1.1.1
Cadiz,Cadiz | Cádiz | Cadis,EMOSSv2_Cadiz_JMdeArejula_18030101-18031017_p_subdaily_qc.tsv,CaA1803,Cadiz,36.516667,-6.283333,13,"Aréjula, J.M. 1806. Breve descripción de la fiebre amarilla padecida en Cádiz. Biblioteca de Andalucía ANT-XIX-614 http://www.biblitecavirtualdeandalucia.es",http://hdl.handle.net/10835/6806,p,point,hPa,1803-1-1,1803-10-17,Observer=Juan Manuel de Aréjula | orig.unit=English inches | PTC=Y | PGC=Y | QC software=dataresqc v1.1.1
Cadiz,Cadiz | Cádiz | Cadis,EMOSSv2_Cadiz_JMdeArejula_18030101-18031017_dd_subdaily_qc.tsv,CaA1803,Cadiz,36.516667,-6.283333,13,"Aréjula, J.M. 1806. Breve descripción de la fiebre amarilla padecida en Cádiz. Biblioteca de Andalucía ANT-XIX-614 http://www.biblitecavirtualdeandalucia.es",http://hdl.handle.net/10835/6806,dd,point,degree,1803-1-1,1803-10-17,Observer=Juan Manuel de Aréjula | QC software=dataresqc v1.1.1
Cadiz,Cadiz | Cádiz | Cadis,Barriendos_Cadiz_17860801-19491231_Tn_daily_qc.tsv,Cadiz,Cadiz,36.516667,-6.283333,13,"Barriendos, Mariano et al. “DAILY METEOROLOGICAL OBSERVATIONS IN CADIZ­ SAN FERNANDO. ANALYSIS OF THE DOCUMENTARY SOURCES AND THE INSTRUMENTAL DATA CONTENT (1786-1996).” Climatic Change 53 (2002): 151-170.",https://doi.org/10.1007/978-94-010-0371-1_6,Tn,min,C,1786-8-1,1949-12-31,QC software=dataresqc v1.1.1
Cadiz,Cadiz | Cádiz | Cadis,EMOSSv2_Cadiz_18021030-18031229_p_subdaily_qc.tsv,Ca1802-1803,Cadiz,36.516667,-6.283333,13,"Diario Comercial de Cádiz (1802-1830), Cádiz Library, sgn: FL-PP-Est.59. http://www.bibliotecavirtualdeandalucia.es",http://hdl.handle.net/10835/6806,p,point,hPa,1802-10-30,1803-12-29,PTC=Y | PGC=Y | orig.unit=French inches | QC software=dataresqc v1.1.1
Cadiz,Cadiz | Cádiz | Cadis,EMOSSv2_Cadiz_JMChacon_17990101-18001231_ta_noon_qc.tsv,Ca1799-1800,Cadiz,36.516667,-6.283333,13,"Aréjula, J.M. 1806. Breve descripción de la fiebre amarilla padecida en Cádiz. Biblioteca de Andalucía ANT-XIX-614 http://www.biblitecavirtualdeandalucia.es",http://hdl.handle.net/10835/6806,ta,point,C,1799-1-1,1800-12-31,Obsever=José María Chacón | obs.time=noon | QC software=dataresqc v1.1.1
Cadiz,Cadiz | Cádiz | Cadis,EMOSSv2_Cadiz_18160830-18301229_ta_subdaily_qc.tsv,Ca1816-1830,Cadiz,36.516667,-6.283333,13,"Diario Comercial de Cádiz (1802-1830), Cádiz Library, sgn: FL-PP-Est.59. http://www.bibliotecavirtualdeandalucia.es",http://hdl.handle.net/10835/6806,ta,point,C,1816-8-30,1830-12-29,QC software=dataresqc v1.1.1
Cadiz,Cadiz | Cádiz | Cadis,EMOSSv2_Cadiz_18021030-18031229_ta_subdaily_qc.tsv,Ca1802-1803,Cadiz,36.516667,-6.283333,13,"Diario Comercial de Cádiz (1802-1830), Cádiz Library, sgn: FL-PP-Est.59. http://www.bibliotecavirtualdeandalucia.es",http://hdl.handle.net/10835/6806,ta,point,C,1802-10-30,1803-12-29,QC software=dataresqc v1.1.1
Cadiz,Cadiz | Cádiz | Cadis,EMOSSv2_Cadiz_PMGonzalez_18000801-18001031_dd_subdaily_qc.tsv,Ca1800,Cadiz,36.516667,-6.283333,13,"González, PM. 1801. Disertación médica sobre la calentura maligna contagiosa que reynó en Cádiz en el año de 1800. Biblioteca Universidad Complutense BH FG 1272",http://hdl.handle.net/10835/6806,dd,point,degree,1800-8-1,1800-10-31,Obsever=Pedro María González | obs.time=noon | QC software=dataresqc v1.1.1
Cadiz,Cadiz | Cádiz | Cadis,EMOSSv2_Cadiz_PerezLasso_18200101-18221231_ta_subdaily_qc.tsv,Ca1820-1822,Cadiz,36.516667,-6.283333,13,"Pérez-Laso, FJ. (ed.), 1820-1822, 1824. Periódico de la Sociedad Médico-Quirúrgica de Cádiz. Biblioteca Universidad Complutense BH Rev 63-1, 63-2, 63-3, 63-4 (http://www.books.google.com)",http://hdl.handle.net/10835/6806,ta,point,C,1820-1-1,1822-12-31,Obsever=Francisco Javier Pérez Lasso | obs.time=midday | QC software=dataresqc v1.1.1
Cadiz,Cadiz | Cádiz | Cadis,EMOSSv2_Cadiz_17860801-19491231_ta_daily_qc.tsv,Cadiz,Cadiz,36.516667,-6.283333,13,"Barriendos, Mariano et al. “DAILY METEOROLOGICAL OBSERVATIONS IN CADIZ­ SAN FERNANDO. ANALYSIS OF THE DOCUMENTARY SOURCES AND THE INSTRUMENTAL DATA CONTENT (1786-1996).” Climatic Change 53 (2002): 151-170.",https://doi.org/10.1007/978-94-010-0371-1_6,ta,mean,C,1786-8-1,1949-12-31,QC software=dataresqc v1.1.1
Cadiz,Cadiz | Cádiz | Cadis,CRU_Cadiz_18500101-20021231_p_daily_qc.tsv,WMO-8453,Cadiz,37.46,-6.28,25,CRU,https://sites.uea.ac.uk/cru/,p,mean,hPa,1850-1-1,2002-12-31,PGC=N | PTC=N
Cadiz,Cadiz | Cádiz | Cadis,EMOSSv2_Cadiz_JMChacon_17990101-18001231_p_daily_qc.tsv,Ca1799-1800,Cadiz,36.516667,-6.283333,13,"Aréjula, J.M. 1806. Breve descripción de la fiebre amarilla padecida en Cádiz. Biblioteca de Andalucía ANT-XIX-614 http://www.biblitecavirtualdeandalucia.es",http://hdl.handle.net/10835/6806,p,point,hPa,1799-1-1,1800-12-31,Obsever=José María Chacón | obs.time=noon | PTC=Y | PGC=Y | orig.unit=French inches | QC software=dataresqc v1.1.1
Cadiz,Cadiz | Cádiz | Cadis,EMOSSv2_Cadiz_JMdeArejula_18030101-18031017_ta_subdaily_qc.tsv,CaA1803,Cadiz,36.516667,-6.283333,13,"Aréjula, J.M. 1806. Breve descripción de la fiebre amarilla padecida en Cádiz. Biblioteca de Andalucía ANT-XIX-614 http://www.biblitecavirtualdeandalucia.es",http://hdl.handle.net/10835/6806,ta,point,C,1803-1-1,1803-10-17,Observer=Juan Manuel de Aréjula | QC software=dataresqc v1.1.1
Cadiz,Cadiz | Cádiz | Cadis,Barriendos_Cadiz_18200101-19491231_p_daily_qc.tsv,Cadiz,Cadiz,36.516667,-6.283333,13,"Barriendos, Mariano et al. “DAILY METEOROLOGICAL OBSERVATIONS IN CADIZ­ SAN FERNANDO. ANALYSIS OF THE DOCUMENTARY SOURCES AND THE INSTRUMENTAL DATA CONTENT (1786-1996).” Climatic Change 53 (2002): 151-170.",https://doi.org/10.1007/978-94-010-0371-1_6,p,mean,hPa,1820-1-1,1949-12-31,QC software=dataresqc v1.1.1
Cadiz,Cadiz | Cádiz | Cadis,CAP9WT_Cadiz_18160830-20210831_p_daily.tsv,Cadiz,Pfister_Cadiz,36.5,-6.26,1,"Pfister, L., Wilhelm, L., Brugnara, Y., Imfeld, N., & Brönnimann, S. (2024). Weather type reconstruction using machine learning approaches. EGUsphere, 2024, 1-33.",https://doi.org/10.5194/wcd-6-571-2025,p,mean,hPa,1816-8-30,2021-8-31,"PTC=Y | PGC=Y | merged from Cadiz, Huelva | homogenized=Y | gap_filled=Y | QC=Y"
Cadiz,Cadiz | Cádiz | Cadis,EMOSSv2_Cadiz_deMolina-deUrena_18030101-18031231_ta_subdaily_qc.tsv,CaU1803,Cadiz,36.516667,-6.283333,13,"Ureña, M. 1804. Observaciones meteorológicas hechas en la Isla de León en 1803. Anales de Ciencias Naturales. Biblioteca Universidad Complutense BH Rev 55 (5-11) http://www.books.google.es",http://hdl.handle.net/10835/6806,ta,point,C,1803-1-1,1803-12-31,"Observer=Gaspar de Molina, Marqués de Ureña | QC software=dataresqc v1.1.1"
Cambridge,Cambridge,WRDv2-2_Cambridge_18720701-18750331_Tx_daily.tsv,DWRUK_CAMBRIDGE,Cambridge Observatory,52.21687,0.09513,6,DWR_UKMO,DOI 10.5281/zenodo.5940391,Tx,maximum,C,1872-7-1,1875-3-31,
Cambridge,Cambridge,WRDv2-2_Cambridge_18720701-18750331_Tn_daily_qc.tsv,DWRUK_CAMBRIDGE,Cambridge Observatory,52.21687,0.09513,6,DWR_UKMO,DOI 10.5281/zenodo.5940391,Tn,minimum,C,1872-7-1,1875-3-31,QC software=dataresqc v1.1.1
Cambridge,Cambridge,WRDv2-2_Cambridge_18720701-18750331_rr_daily.tsv,DWRUK_CAMBRIDGE,Cambridge Observatory,52.21687,0.09513,25.6,DWR_UKMO,DOI 10.5281/zenodo.5940391,rr,sum,mm,1872-7-1,1875-3-31,
Cambridge,Cambridge,WRDv2-2_Cambridge_18720702-18750331_p_daily.tsv,DWRUK_CAMBRIDGE,Cambridge Observatory,52.21687,0.09513,26.8,DWR_UKMO,DOI 10.5281/zenodo.5940391,p,point,hPa,1872-7-2,1875-3-31,PTC=Y|PGC=N
Cambridge,Cambridge,WRDv2-2_Cambridge_18720701-18750331_ta_daily.tsv,DWRUK_CAMBRIDGE,Cambridge Observatory,52.21687,0.09513,6,DWR_UKMO,DOI 10.5281/zenodo.5940391,ta,point,C,1872-7-1,1875-3-31,
Cambridge,Cambridge,WRDv2-2_Cambridge_18720701-18750331_ta_barometer_daily.tsv,DWRUK_CAMBRIDGE,Cambridge Observatory,52.21687,0.09513,26.82,DWR_UKMO,DOI 10.5281/zenodo.5940391,ta,point,C,1872-7-1,1875-3-31,
CampoMaior,Campo Maior,EMOSSv2_Campo-Maior_18721201-19391231_dd_subdaily_qc.tsv,PTCAMP4,Portugal-Campo_Maior,39.015688,-7.065832,288,"Vaquero, José Manuel; Bravo-Paredes, Nieves; Obregón, María Angeles; Sánchez-Carrasco, Víctor Manuel; Valente, Maria Antónia; Trigo, Ricardo M; Domínguez-Castro, Fernando; Montero-Martín, Javier; Vaquero-Martínez, Javier; Antón, Manuel; García, José Agustín; Gallego, María Cruz (2020): Early meteorological records from BAALAN1 (1866). PANGAEA.",https://doi.pangaea.de/10.1594/PANGAEA.925805,dd,point,degree,1872-12-1,1939-12-31,"orig.coords=[39.033333, -6.983333] | QC software=dataresqc v1.1.1"
CampoMaior,Campo Maior,EMOSSv2_Campo-Maior_18721201-19391231_ta_subdaily_qc.tsv,PTCAMP4,Portugal-Campo_Maior,39.015688,-7.065832,288,"Vaquero, José Manuel; Bravo-Paredes, Nieves; Obregón, María Angeles; Sánchez-Carrasco, Víctor Manuel; Valente, Maria Antónia; Trigo, Ricardo M; Domínguez-Castro, Fernando; Montero-Martín, Javier; Vaquero-Martínez, Javier; Antón, Manuel; García, José Agustín; Gallego, María Cruz (2020): Early meteorological records from BAALAN1 (1866). PANGAEA.",https://doi.pangaea.de/10.1594/PANGAEA.925805,ta,point,C,1872-12-1,1939-12-31,"orig.coords=[39.033333, -6.983333] | QC software=dataresqc v1.1.1"
CampoMaior,Campo Maior,EMOSSv2_Campo-Maior_18721203-19391231_p_subdaily_qc.tsv,PTCAMP4,Portugal-Campo_Maior,39.015688,-7.065832,288,"Vaquero, José Manuel; Bravo-Paredes, Nieves; Obregón, María Angeles; Sánchez-Carrasco, Víctor Manuel; Valente, Maria Antónia; Trigo, Ricardo M; Domínguez-Castro, Fernando; Montero-Martín, Javier; Vaquero-Martínez, Javier; Antón, Manuel; García, José Agustín; Gallego, María Cruz (2020): Early meteorological records from BAALAN1 (1866). PANGAEA.",https://doi.pangaea.de/10.1594/PANGAEA.925805,p,point,hPa,1872-12-3,1939-12-31,"PTC=Y | PGC=Y | orig.coords=[39.033333, -6.983333] | QC software=dataresqc v1.1.1"
CapGrisNez,Cap Gris-Nez | Swartenesse,WRDv2-2_Cap-Griz-Nez_18680614-18750331_ta_subdaily.tsv,DWRUK_CAPGRISNEZ,Cap Gris Nez,50.87087,1.585211,12,DWR_UKMO,DOI 10.5281/zenodo.5940391,ta,point,C,1868-6-14,1875-3-31,
CapGrisNez,Cap Gris-Nez | Swartenesse,WRDv2-2_Cap-Griz-Nez_18720114-18750331_Tx_daily_qc.tsv,DWRUK_CAPGRISNEZ,Cap Gris Nez,50.87087,1.585211,12,DWR_UKMO,DOI 10.5281/zenodo.5940391,Tx,maximum,C,1872-1-14,1875-3-31,QC software=dataresqc v1.1.1
CapGrisNez,Cap Gris-Nez | Swartenesse,WRDv2-2_Cap-Griz-Nez_18680614-18750331_rr_daily_qc.tsv,DWRUK_CAPGRISNEZ,Cap Gris Nez,50.87087,1.585211,12,DWR_UKMO,DOI 10.5281/zenodo.5940391,rr,sum,mm,1868-6-14,1875-3-31,QC software=dataresqc v1.1.1
CapGrisNez,Cap Gris-Nez | Swartenesse,WRDv2-2_Cap-Griz-Nez_18680617-18750331_p_subdaily.tsv,DWRUK_CAPGRISNEZ,Cap Gris Nez,50.87087,1.585211,12,DWR_UKMO,DOI 10.5281/zenodo.5940391,p,point,hPa,1868-6-17,1875-3-31,PTC=? | PGC=?
CapGrisNez,Cap Gris-Nez | Swartenesse,WRDv2-2_Cap-Griz-Nez_18720104-18750331_ta_barometer_subdaily.tsv,DWRUK_CAPGRISNEZ,Cap Gris Nez,50.87087,1.585211,12,DWR_UKMO,DOI 10.5281/zenodo.5940391,ta,point,C,1872-1-4,1875-3-31,
CapGrisNez,Cap Gris-Nez | Swartenesse,WRDv2-2_Cap-Griz-Nez_18720114-18750331_Tn_daily_qc.tsv,DWRUK_CAPGRISNEZ,Cap Gris Nez,50.87087,1.585211,12,DWR_UKMO,DOI 10.5281/zenodo.5940391,Tn,minimum,C,1872-1-14,1875-3-31,QC software=dataresqc v1.1.1
CapeClear,Cape Clear | Cape Clear Island | Clear Island | Cléire | Oileán Chléire,WRDv2-2_Cape-Clear_18631203-18700617_ta_subdaily.tsv,DWRUK_CAPECLEAR,Cape Clear,51.43487,-9.49956,10,DWR_UKMO,DOI 10.5281/zenodo.5940391,ta,point,C,1863-12-3,1870-6-17,
CapeClear,Cape Clear | Cape Clear Island | Clear Island | Cléire | Oileán Chléire,WRDv2-2_Cape-Clear_18631203-18700617_p_subdaily.tsv,DWRUK_CAPECLEAR,Cape Clear,51.43487,-9.49956,10,DWR_UKMO,DOI 10.5281/zenodo.5940391,p,point,hPa,1863-12-3,1870-6-17,PTC=Y | PGC=N
CapeClear,Cape Clear | Cape Clear Island | Clear Island | Cléire | Oileán Chléire,WRDv2-2_Cape-Clear_18631203-18631231_ta_barometer_subdaily.tsv,DWRUK_CAPECLEAR,Cape Clear,51.43487,-9.49956,10,DWR_UKMO,DOI 10.5281/zenodo.5940391,ta,point,C,1863-12-3,1863-12-31,
CapeClear,Cape Clear | Cape Clear Island | Clear Island | Cléire | Oileán Chléire,WRDv2-2_Cape-Clear_18631203-18700617_rr_daily.tsv,DWRUK_CAPECLEAR,Cape Clear,51.43487,-9.49956,10,DWR_UKMO,DOI 10.5281/zenodo.5940391,rr,sum,mm,1863-12-3,1870-6-17,
Cartagena,Cartagena,EMOSSv2_Cartagena_18040813-18071229_dd_subdaily_qc.tsv,Car1804-1806,Cartagena,37.6,-0.9667,67,"Diario de Cartagena. 1804-1807. Archivo Municipal de Murcia, 1-G-13/14, (http://archivodemurcia.es).",https://repositorio.ual.es/handle/10835/6806,dd,point,degree,1804-8-13,1807-12-29,QC software=dataresqc v1.1.1
Cartagena,Cartagena,EMOSSv2_Cartagena_18040813-18071229_p_subdaily_qc.tsv,Car1804-1806,Cartagena,37.6,-0.9667,67,"Diario de Cartagena. 1804-1807. Archivo Municipal de Murcia, 1-G-13/14, (http://archivodemurcia.es).",https://repositorio.ual.es/handle/10835/6806,p,point,hPa,1804-8-13,1807-12-29,PTC=Y | PGC=Y | QC software=dataresqc v1.1.1
Cartagena,Cartagena,EMOSSv2_Cartagena_18040813-18071229_ta_subdaily_qc.tsv,Car1804-1806,Cartagena,37.6,-0.9667,67,"Diario de Cartagena. 1804-1807. Archivo Municipal de Murcia, 1-G-13/14, (http://archivodemurcia.es).",https://repositorio.ual.es/handle/10835/6806,ta,point,C,1804-8-13,1807-12-29,QC software=dataresqc v1.1.1
Castletownshend,Castletownshend | Castletownsend | Baile an Chaisleáin,ILMMT_Castletownshend_18501001-18511231_Tx_daily_qc.tsv,ILMMT-Castletownshend,Castletownshend,51.55,-9.15,5.5,"Mateus, C., Potito, A., & Curley, M. (2020). Reconstruction of a long‐term historical daily maximum and minimum air temperature network dataset for Ireland (1831‐1968). Geoscience Data Journal, 7(2), 102-115.",https://www.edepositireland.ie/entities/publication/7271837d-dbe6-463f-b103-422f42a15446,Tx,maximum,C,1850-10-1,1851-12-31,"Observer=Coast-guard Boatmen | Instrument=Standardized RIA supply (George Yeates) | Location=Castletownsend Coast-guard Station, Co. Cork | DataSource=RIA Manuscripts 12M16 | QC software=dataresqc v1.1.1"
Castletownshend,Castletownshend | Castletownsend | Baile an Chaisleáin,ILMMT_Castletownshend_18501001-18511231_Tn_daily_qc.tsv,ILMMT-Castletownshend,Castletownshend,51.55,-9.15,5.5,"Mateus, C., Potito, A., & Curley, M. (2020). Reconstruction of a long‐term historical daily maximum and minimum air temperature network dataset for Ireland (1831‐1968). Geoscience Data Journal, 7(2), 102-115.",https://www.edepositireland.ie/entities/publication/7271837d-dbe6-463f-b103-422f42a15446,Tn,minimum,C,1850-10-1,1851-12-31,"Observer=Coast-guard Boatmen | Instrument=Standardized RIA supply (George Yeates) | Location=Castletownsend Coast-guard Station, Co. Cork | DataSource=RIA Manuscripts 12M16 | QC software=dataresqc v1.1.1"
Central-Belgium-Temperature,CBT | Central Belgium Temperature,WeaR_Central-Belgium-Temperature_17881101-17890228_ta_daily.tsv,Central-Belgium-Temperature,CBT_Belgium,50.68,4.82,,WeaR,https://doi.org/10.1023/A:1014931211466,ta,mean,C,1788-11-1,1789-2-28,
Central-Belgium-Temperature,CBT | Central Belgium Temperature,GastonDemaree_Central-Belgium-Temperature_17670101-18991231_Tn_daily_qc.tsv,CBT,Central Belgium Temperature,50.85045,4.34878,13,"Demarée, Gaston R. et al. “The Long-Term Daily Central Belgium Temperature (CBT) Series (1767–1998) and Early Instrumental Meteorological Observations in Belgium.” Climatic Change 53 (2002): 269-293.",https://doi.org/10.1023/A:1014931211466,Tn,min,C,1767-1-1,1899-12-31,QC software=dataresqc v1.1.1
Central-Belgium-Temperature,CBT | Central Belgium Temperature,GastonDemaree_Central-Belgium-Temperature_17940208-18991231_Tx_daily_qc.tsv,CBT,Central Belgium Temperature,50.85045,4.34878,13,"Demarée, Gaston R. et al. “The Long-Term Daily Central Belgium Temperature (CBT) Series (1767–1998) and Early Instrumental Meteorological Observations in Belgium.” Climatic Change 53 (2002): 269-293.",https://doi.org/10.1023/A:1014931211466,Tx,max,C,1794-2-8,1899-12-31,QC software=dataresqc v1.1.1
Central-Belgium-Temperature,CBT | Central Belgium Temperature,GastonDemaree_Central-Belgium-Temperature_17940208-18991231_ta_daily_qc.tsv,CBT,Central Belgium Temperature,50.85045,4.34878,13,"Demarée, Gaston R. et al. “The Long-Term Daily Central Belgium Temperature (CBT) Series (1767–1998) and Early Instrumental Meteorological Observations in Belgium.” Climatic Change 53 (2002): 269-293.",https://doi.org/10.1023/A:1014931211466,ta,mean,C,1794-2-8,1899-12-31,QC software=dataresqc v1.1.1
ChannelIslands,Channel Island | Channel Islands | Îles Anglo-Normandes | Îles d'la Manche,WRDv2-2_Langlois_Channel-Islands_18650101-18751231_p_subdaily.tsv,JERSEY-CHANNEL-ISLAND-LANGLOIS,JERSEY-CHANNEL-ISLAND-LANGLOIS,49.1986,-2.1331,15.2,"PUBLISHED IN JERSEY TIMES, TRANSCRIBED BY FRANK LE BLANCQ",https://doi.org/10.5281/zenodo.11001125,p,point,hPa,1865-1-1,1875-12-31,PTC=Y | PGC=Y | Observer=Philip Langlois
ChannelIslands,Channel Island | Channel Islands | Îles Anglo-Normandes | Îles d'la Manche,WRDv2-2_Unknown_Channel-Islands_18640101-18641002_p_subdaily.tsv,JERSEY-CHANNEL-ISLAND,JERSEY-CHANNEL-ISLAND,49.2,-2.13,15.0,"PUBLISHED IN JERSEY TIMES, TRANSCRIBED BY FRANK LE BLANCQ",https://doi.org/10.5281/zenodo.11001125,p,point,hPa,1864-1-1,1864-10-2,PGC=Y | PTC=Y | Observer=unknown
ChannelIslands,Channel Island | Channel Islands | Îles Anglo-Normandes | Îles d'la Manche,WRDv2-2_Vibert_Channel-Islands_18760101-18860131_p_subdaily_qc.tsv,JERSEY-CHANNEL-ISLAND-VIBERT,JERSEY-CHANNEL-ISLAND-VIBERT,49.1889,-2.1619,37.9,"PUBLISHED IN JERSEY TIMES, TRANSCRIBED BY FRANK LE BLANCQ",https://doi.org/10.5281/zenodo.11001125,p,point,hPa,1876-1-1,1886-1-31,PGC=Y | PTC=Y | Observer=Jean Vibert | QC software=dataresqc v1.1.1
Charleville,Charleville | Charleville-Mézières,WRDv2-2_Charleville_18720115-18750331_ta_subdaily.tsv,DWRUK_CHARLEVILLE,Charleville,49.77,4.72,155,DWR_UKMO,DOI 10.5281/zenodo.5940391,ta,point,C,1872-1-15,1875-3-31,
Charleville,Charleville | Charleville-Mézières,WRDv2-2_Charleville_18720115-18750220_p_subdaily.tsv,DWRUK_CHARLEVILLE,Charleville,49.77,4.72,155,DWR_UKMO,DOI 10.5281/zenodo.5940391,p,point,hPa,1872-1-15,1875-2-20,PTC=? | PGC=?
Chassiron,Pte-De-Chassiron | Pointe de Chassiron | Chassiron,GHCNd_Pte-De-Chassiron_18840301-20190731_rr_daily.tsv,FRE00171623,PTE DE CHASSIRON,46.0467,-1.4117,11,GHCN-D,,rr,sum,mm,1884-3-1,2019-7-31,
Chemnitz,Chemnitz | Karl-Marx-Stadt | Kamjenica | Saská Kamenice,GHCNd_Chemnitz_18820101-20190730_rr_daily.tsv,GME00132538,CHEMNITZ,50.7925,12.8733,418,GHCN-D,,rr,sum,mm,1882-1-1,2019-7-30,
Cherdyn,Cherdyn,GHCNd_Cherdyn_18880101-20180531_rr_daily.tsv,RSM00023914,CHERDYN',60.4,56.52,208,GHCN-D,,rr,sum,mm,1888-1-1,2018-5-31,
Chlef,Chlef | Orléansville | Ech Cheliff | El Asnam | Orléansville | asch-Schalif | aš-Šalif | al-Asnām | al-Aṣnām | Cclef,MEDARE_Orleansville-Chlef_60425_18790101-19381229_p_daily.tsv,60425,Orleansville_Chlef,36.17,1.34,112,Medare,https://www.idare-portal.org/data/medare,p,mean,hPa,1879-1-1,1938-12-29,PGC=N | PTC=N | Orig.res=subdaily | Diurnal cycle=N
Chlef,Chlef | Orléansville | Ech Cheliff | El Asnam | Orléansville | asch-Schalif | aš-Šalif | al-Asnām | al-Aṣnām | Cclef,MEDARE_Orleansville-Chlef_18790101-19381227_rr_daily.tsv,60425,Orleansville_Chlef,36.17,1.34,112,Medare,https://www.idare-portal.org/data/medare,rr,sum,mm,1879-1-1,1938-12-27,
Chlef,Chlef | Orléansville | Ech Cheliff | El Asnam | Orléansville | asch-Schalif | aš-Šalif | al-Asnām | al-Aṣnām | Cclef,GHCNd_Orleansville-Chlef_18790101-19380831_rr_daily.tsv,AGE00147712,ORLEANSVILLE (CHLEF),36.17,1.34,112,GHCN-D,,rr,sum,mm,1879-1-1,1938-8-31,
Chur,Chur | Coire | Coira | Cuira | Cuera | Cuoira,CHIMES_Chur_Meyer_18410903-18430309_ta_subdaily_qc.tsv,GR01_Chur_Meyer,Chur,46.84899,9.53237,596,CHIMES,https://doi.org/10.5194/cp-15-1345-2019,ta,point,C,1841-9-3,1843-3-9,Observer=J. Meyer | QC software=dataresqc v1.0.3
Chur,Chur | Coire | Coira | Cuira | Cuera | Cuoira,CHIMES_Chur_Salis-Marschlins_17850322-17900609_p_subdaily_qc.tsv,GR01_Chur_Salis-Marschlins,Chur,46.84899,9.53237,596,CHIMES,https://doi.org/10.5194/cp-15-1345-2019,p,point,hPa,1785-3-22,1790-6-9,Observer=Johann Rudolf von Salis-Marschlins | PTC=N | PGC=Y | QC software=dataresqc v1.1.1
Chur,Chur | Coire | Coira | Cuira | Cuera | Cuoira,CHIMES_Chur_Salis-Marschlins_17850301-17900520_ta_subdaily_qc.tsv,GR01_Chur_Salis-Marschlins,Chur,46.84899,9.53237,596,CHIMES,https://doi.org/10.5194/cp-15-1345-2019,ta,point,C,1785-3-1,1790-5-20,Observer=Johann Rudolf von Salis-Marschlins | QC software=dataresqc v1.0.3
Chur,Chur | Coire | Coira | Cuira | Cuera | Cuoira,CHIMES_Chur_Unknown_18540901-18580430_ta_subdaily_qc.tsv,GR01_Chur_Unknown,Chur,46.84899,9.53237,596,CHIMES,https://doi.org/10.5194/cp-15-1345-2019,ta,point,C,1854-9-1,1858-4-30,Observer=Unknown | QC software=dataresqc v1.1.1
Chur,Chur | Coire | Coira | Cuira | Cuera | Cuoira,CHIMES_Chur_Killias_18620101-18641231_rr_daily_qc.tsv,GR01_Chur_Killias,Chur,46.84899,9.53237,596,CHIMES,https://doi.org/10.5194/cp-15-1345-2019,rr,sum,mm,1862-1-1,1864-12-31,Observer=Eduard Killias | QC software=dataresqc v1.1.1
Chur,Chur | Coire | Coira | Cuira | Cuera | Cuoira,CHIMES_Chur_Killias_18620101-18641231_p_subdaily_qc.tsv,GR01_Chur_Killias,Chur,46.84899,9.53237,596,CHIMES,https://doi.org/10.5194/cp-15-1345-2019,p,point,hPa,1862-1-1,1864-12-31,Observer=Eduard Killias | PTC=Y | PGC=Y | QC software=dataresqc v1.1.1
Chur,Chur | Coire | Coira | Cuira | Cuera | Cuoira,CHIMES_Chur_Wehrli_18580101-18611231_ta_subdaily_qc.tsv,GR01_Chur_Wehrli,Chur,46.85,9.53,593,CHIMES,https://doi.org/10.5194/cp-15-1345-2019,ta,point,C,1858-1-1,1861-12-31,Observer=Wehrli | QC software=dataresqc v1.1.1
Chur,Chur | Coire | Coira | Cuira | Cuera | Cuoira,CHIMES_Chur_Buol_18520101-18651231_p_subdaily_qc.tsv,GR01_Chur_Buol,Chur,46.84899,9.53237,596,CHIMES,https://doi.org/10.5194/cp-15-1345-2019,p,point,hPa,1852-1-1,1865-12-31,Observer=Major A. Buol | PTC=N | PGC=Y | QC software=dataresqc v1.1.1
Chur,Chur | Coire | Coira | Cuira | Cuera | Cuoira,CHIMES_Chur_Meyer_18410903-18430309_p_subdaily_qc.tsv,GR01_Chur_Meyer,Chur,46.84899,9.53237,596,CHIMES,https://doi.org/10.5194/cp-15-1345-2019,p,point,hPa,1841-9-3,1843-3-9,Observer=J. Meyer | PTC=Y | PGC=Y | QC software=dataresqc v1.0.3
Chur,Chur | Coire | Coira | Cuira | Cuera | Cuoira,CHIMES_Chur_Herold_18491201-18571231_ta_subdaily_qc.tsv,GR01_Chur_Herold,Chur,46.84899,9.53237,596,CHIMES,https://doi.org/10.5194/cp-15-1345-2019,ta,point,C,1849-12-1,1857-12-31,Observer=Leonhard Herold | QC software=dataresqc v1.1.1
Chur,Chur | Coire | Coira | Cuira | Cuera | Cuoira,CHIMES_Chur_Wehrli_18580101-18611231_p_subdaily_qc.tsv,GR01_Chur_Wehrli,Chur,46.85,9.53,593,CHIMES,https://doi.org/10.5194/cp-15-1345-2019,p,point,hPa,1858-1-1,1861-12-31,Observer=Wehrli | PTC=Y | PGC=Y | QC software=dataresqc v1.1.1
Chur,Chur | Coire | Coira | Cuira | Cuera | Cuoira,CHIMES_Chur_Killias_18620101-18641231_ta_subdaily_qc.tsv,GR01_Chur_Killias,Chur,46.84899,9.53237,596,CHIMES,https://doi.org/10.5194/cp-15-1345-2019,ta,point,C,1862-1-1,1864-12-31,Observer=Eduard Killias | QC software=dataresqc v1.1.1
Chur,Chur | Coire | Coira | Cuira | Cuera | Cuoira,CHIMES_Chur_Unknown_18540901-18580430_p_subdaily_qc.tsv,GR01_Chur_Unknown,Chur,46.84899,9.53237,596,CHIMES,https://doi.org/10.5194/cp-15-1345-2019,p,point,hPa,1854-9-1,1858-4-30,Observer=Unknown | PTC=N | PGC=Y | QC software=dataresqc v1.1.1
Chur,Chur | Coire | Coira | Cuira | Cuera | Cuoira,CHIMES_Chur_Buol_18600101-18651231_ta_subdaily_qc.tsv,GR01_Chur_Buol,Chur,46.84899,9.53237,596,CHIMES,https://doi.org/10.5194/cp-15-1345-2019,ta,point,C,1860-1-1,1865-12-31,Observer=Major A. Buol | QC software=dataresqc v1.1.1
Chur,Chur | Coire | Coira | Cuira | Cuera | Cuoira,CHIMES_Chur_Lambert_17550801-17560731_p_subdaily_qc.tsv,GR01_Chur_Lambert,Chur,46.84899,9.53237,596,CHIMES,https://doi.org/10.5194/cp-15-1345-2019,p,point,hPa,1755-8-1,1756-7-31,Observer=Johann Heinrich Lambert | PTC=N | PGC=Y | QC software=dataresqc v1.1.1
Clermont-Ferrand,Clermont-Ferrand | Clarmont-Ferrand | Clarmont d’Auvèrnhe,WeaR_Clermont-Ferrand_17881101-17890228_p_daily.tsv,SRM_Clermont-Ferrand,Clermont-Ferrand,45.78,3.1,394,WeaR,DOI: 10.5194/cp-18-2545-2022,p,mean,hPa,1788-11-1,1789-2-28,Observer=Delarbre (Société Royale de Médécine) | PGC=Y | PTC=Y
Clermont-Ferrand,Clermont-Ferrand | Clarmont-Ferrand | Clarmont d’Auvèrnhe,WeaR_Clermont-Ferrand_17881101-17890228_ta_daily.tsv,SRM_Clermont-Ferrand,Clermont-Ferrand,45.78,3.1,394,WeaR,DOI: 10.5194/cp-18-2545-2022,ta,mean,C,1788-11-1,1789-2-28,Observer=Delarbre (Société Royale de Médécine)
Cobh,Queenstown | Cobh | An Cóbh | Cove,WRDv2-2_Queenstown_18610301-18641224_ta_subdaily.tsv,DWRUK_QUEENSTOWN,Queenstown,51.85,-8.29,26,DWR_UKMO,DOI 10.5281/zenodo.5940391,ta,point,C,1861-3-1,1864-12-24,Alias=Cobh;Cove
Cobh,Queenstown | Cobh | An Cóbh | Cove,WRDv2-2_Queenstown_18610301-18631231_ta_barometer_subdaily.tsv,DWRUK_QUEENSTOWN,Queenstown,51.85,-8.29,26,DWR_UKMO,DOI 10.5281/zenodo.5940391,ta,point,C,1861-3-1,1863-12-31,Alias=Cobh;Cove
Cobh,Queenstown | Cobh | An Cóbh | Cove,WRDv2-2_Queenstown_18620530-18641224_rr_daily.tsv,DWRUK_QUEENSTOWN,Queenstown,51.85,-8.29,26,DWR_UKMO,DOI 10.5281/zenodo.5940391,rr,sum,mm,1862-5-30,1864-12-24,Alias=Cobh;Cove
Cobh,Queenstown | Cobh | An Cóbh | Cove,WRDv2-2_Queenstown_18610301-18641224_p_subdaily.tsv,DWRUK_QUEENSTOWN,Queenstown,51.85,-8.29,26,DWR_UKMO,DOI 10.5281/zenodo.5940391,p,point,hPa,1861-3-1,1864-12-24,PTC=Y | PGC=N | Alias=Cobh;Cove
Constantine,Constantine | Cirta | Qusanṭīnah | Qacentina | Kasantina,MEDARE_Constantine_18800519-19381230_p_daily.tsv,60419,Constantine,36.37,6.62,660,Medare,https://www.idare-portal.org/data/medare,p,mean,hPa,1880-5-19,1938-12-30,PGC=N | PTC=N | Orig.res=subdaily | Diurnal cycle=N
Constantine,Constantine | Cirta | Qusanṭīnah | Qacentina | Kasantina,MEDARE_Constantine_18800518-19381229_rr_daily.tsv,60419,Constantine,36.37,6.62,660,Medare,https://www.idare-portal.org/data/medare,rr,sum,mm,1880-5-18,1938-12-29,
Copenhagen,Copenhagen | København | Kopenhagen | Köpenhamn | Kjøbenhavn,PALAEO-RA_Copenhagen_17820101-17861231_rr_daily_qc.tsv,Palatine-Society_Copenhagen,Copenhagen,55.676097,12.568337,40,PALAEO-RA,,rr,sum,mm,1782-1-1,1786-12-31,Observer=Bugge | QC software=dataresqc v1.1.1
Copenhagen,Copenhagen | København | Kopenhagen | Köpenhamn | Kjøbenhavn,PALAEO-RA_Copenhagen_17820101-17861231_p_subdaily_qc.tsv,Palatine-Society_Copenhagen,Copenhagen,55.676097,12.568337,40,PALAEO-RA,,p,point,hPa,1782-1-1,1786-12-31,Observer=Bugge | PGC=Y | PTC=Y | Instrument=Palatine Society | QC software=dataresqc v1.1.0
Copenhagen,Copenhagen | København | Kopenhagen | Köpenhamn | Kjøbenhavn,GHCNd_Koebenhavn-Landbohojskolen-1_18740101-19960930_rr_daily.tsv,DA000030380,KOEBENHAVN: LANDBOHOJSKOLEN-1,55.6831,12.5331,9,GHCN-D,,rr,sum,mm,1874-1-1,1996-9-30,
Copenhagen,Copenhagen | København | Kopenhagen | Köpenhamn | Kjøbenhavn,PALAEO-RA_Copenhagen_17820101-17861231_ta_subdaily_qc.tsv,Palatine-Society_Copenhagen,Copenhagen,55.676097,12.568337,40,PALAEO-RA,,ta,point,C,1782-1-1,1786-12-31,Observer=Bugge | Instrument=Palatine Society | QC software=dataresqc v1.1.1
Copenhagen,Copenhagen | København | Kopenhagen | Köpenhamn | Kjøbenhavn,GHCNd_Koebenhavn-Meteorologisk-Ins_18750101-19841231_rr_daily.tsv,DA000030210,KOEBENHAVN - METEOROLOGISK INS,55.7167,12.5667,8,GHCN-D,,rr,sum,mm,1875-1-1,1984-12-31,
Copenhagen,Copenhagen | København | Kopenhagen | Köpenhamn | Kjøbenhavn,PALAEO-RA_Copenhagen_17870101-17881231_p_daily_qc.tsv,Palatine-Society_Copenhagen,Copenhagen,55.676097,12.568337,40,PALAEO-RA,,p,mean,hPa,1787-1-1,1788-12-31,Observer=Bugge | PGC=Y | PTC=Y | Instrument=Palatine Society | QC software=dataresqc v1.1.1
Copenhagen,Copenhagen | København | Kopenhagen | Köpenhamn | Kjøbenhavn,PALAEO-RA_Copenhagen_17820101-17861231_eee_daily.tsv,Palatine-Society_Copenhagen,Copenhagen,55.676097,12.568337,40,PALAEO-RA,,eee,sum,mm,1782-1-1,1786-12-31,Observer=Bugge
Copenhagen,Copenhagen | København | Kopenhagen | Köpenhamn | Kjøbenhavn,PALAEO-RA_Copenhagen_Lenke_17090101-17090406_ta_daily.tsv,Lenke-Copenhagen,Kopenhagen,55.68077,12.54155,13,"Untersuchung der ältesten Temperaturmessungen mit Hilfe des strengen Winters 1708-1709, Walter Lenke",,ta,point,C,1709-1-1,1709-4-6,coords=approx
Copenhagen,Copenhagen | København | Kopenhagen | Köpenhamn | Kjøbenhavn,PALAEO-RA_Copenhagen_17820101-17870902_dd_subdaily_qc.tsv,Palatine-Society_Copenhagen,Copenhagen,55.676097,12.568337,40,PALAEO-RA,,dd,point,degree,1782-1-1,1787-9-2,Observer=Bugge | QC software=dataresqc v1.1.1
Copenhagen,Copenhagen | København | Kopenhagen | Köpenhamn | Kjøbenhavn,WRDv2-2_Copenhagen_18610830-18630625_ta_subdaily.tsv,DWRUK_COPENHAGEN,Copenhagen,55.68077,12.54155,13,DWR_UKMO,DOI 10.5281/zenodo.5940391,ta,point,C,1861-8-30,1863-6-25,Alias=Landbohojskolens
Copenhagen,Copenhagen | København | Kopenhagen | Köpenhamn | Kjøbenhavn,PALAEO-RA_Copenhagen_17820101-17881230_w_subdaily.tsv,Palatine-Society_Copenhagen,Copenhagen,55.676097,12.568337,40,PALAEO-RA,,w,point,0-4,1782-1-1,1788-12-30,Observer=Bugge
Copenhagen,Copenhagen | København | Kopenhagen | Köpenhamn | Kjøbenhavn,PALAEO-RA_Copenhagen_17870101-17881231_ta_daily_qc.tsv,Palatine-Society_Copenhagen,Copenhagen,55.676097,12.568337,40,PALAEO-RA,,ta,mean,C,1787-1-1,1788-12-31,Observer=Bugge | QC software=dataresqc v1.1.1
Copenhagen,Copenhagen | København | Kopenhagen | Köpenhamn | Kjøbenhavn,WRDv2-2_Copenhagen_18610830-18630625_p_subdaily.tsv,DWRUK_COPENHAGEN,Copenhagen,55.68077,12.54155,13,DWR_UKMO,DOI 10.5281/zenodo.5940391,p,point,hPa,1861-8-30,1863-6-25,PTC=? | PGC=? | Alias=Landbohojskolens
Corfu,Corfu | Corfú | Kerkyra | Kérkyra | Corcyra ,CRU_Corfu_18520901-18791231_p_daily_qc.tsv,WMO-16641,Corfu,39.61,19.91,4,CRU,https://sites.uea.ac.uk/cru/,p,mean,hPa,1852-9-1,1879-12-31,PGC=N | PTC=N
Cottbus,Cottbus | Chóśebuz,GHCNd_Cottbus_18870101-20190730_rr_daily.tsv,GME00121258,COTTBUS,51.7775,14.3183,69,GHCN-D,,rr,sum,mm,1887-1-1,2019-7-30,
Courtown,Courtown | Baile na Cúirte,ILMMT_Courtown_18501001-18520131_Tx_daily.tsv,ILMMT-Courtown,Courtown,52.65,-6.217,10.4,"Mateus, C., Potito, A., & Curley, M. (2020). Reconstruction of a long‐term historical daily maximum and minimum air temperature network dataset for Ireland (1831‐1968). Geoscience Data Journal, 7(2), 102-115.",https://www.edepositireland.ie/entities/publication/7271837d-dbe6-463f-b103-422f42a15446,Tx,maximum,C,1850-10-1,1852-1-31,"Observer=Coast-guard Boatmen | Instrument=Standardized RIA supply (George Yeates) | Location=Courtown Coast-guard Station, Co. Wexford | DataSource=RIA Manuscripts 12M16"
Courtown,Courtown | Baile na Cúirte,ILMMT_Courtown_18501001-18520131_Tn_daily.tsv,ILMMT-Courtown,Courtown,52.65,-6.217,10.4,"Mateus, C., Potito, A., & Curley, M. (2020). Reconstruction of a long‐term historical daily maximum and minimum air temperature network dataset for Ireland (1831‐1968). Geoscience Data Journal, 7(2), 102-115.",https://www.edepositireland.ie/entities/publication/7271837d-dbe6-463f-b103-422f42a15446,Tn,minimum,C,1850-10-1,1852-1-31,"Observer=Coast-guard Boatmen | Instrument=Standardized RIA supply (George Yeates) | Location=Courtown Coast-guard Station, Co. Wexford | DataSource=RIA Manuscripts 12M16"
Cuxhaven,Cuxhaven | Cuxhoben,WRDv2-2_Cuxhaven_18720115-18750331_p_subdaily.tsv,DWRUK_CUXHAVEN,Cuxhaven,53.859,8.688,3,DWR_UKMO,DOI 10.5281/zenodo.5940391,p,point,hPa,1872-1-15,1875-3-31,PTC=? | PGC=?
Cuxhaven,Cuxhaven | Cuxhoben,WRDv2-2_Cuxhaven_18720115-18750331_ta_barometer_subdaily.tsv,DWRUK_CUXHAVEN,Cuxhaven,53.859,8.688,3,DWR_UKMO,DOI 10.5281/zenodo.5940391,ta,point,C,1872-1-15,1875-3-31,
Cuxhaven,Cuxhaven | Cuxhoben,WRDv2-2_Cuxhaven_18720115-18750331_rr_daily.tsv,DWRUK_CUXHAVEN,Cuxhaven,53.859,8.688,3,DWR_UKMO,DOI 10.5281/zenodo.5940391,rr,sum,mm,1872-1-15,1875-3-31,
Cuxhaven,Cuxhaven | Cuxhoben,WRDv2-2_Cuxhaven_18720115-18750330_ta_subdaily.tsv,DWRUK_CUXHAVEN,Cuxhaven,53.859,8.688,3,DWR_UKMO,DOI 10.5281/zenodo.5940391,ta,point,C,1872-1-15,1875-3-30,
DeBilt,Bilt | De Bilt | DeBilt,CAP9WT_DeBilt_17380101-20210831_p_daily.tsv,DeBilt,Pfister_DeBilt,52.1,5.18,1,"Pfister, L., Wilhelm, L., Brugnara, Y., Imfeld, N., & Brönnimann, S. (2024). Weather type reconstruction using machine learning approaches. EGUsphere, 2024, 1-33.",https://doi.org/10.5194/wcd-6-571-2025,p,mean,hPa,1738-1-1,2021-8-31,"PTC=Y | PGC=N | merged from Zwanenburg, Haarlem, Den Helder, Delft | homogenized=Y | gap_filled=Y | QC=Y"
DeBilt,Bilt | De Bilt | DeBilt,KNMI_DeBilt_18970101-19031231_p_subdaily_qc.tsv,KNMI-001_DeBilt,DeBilt,52.10157,5.178046,5,KNMI,https://www.knmi.nl/nederland-nu/klimatologie/daggegevens/antieke-waarnemingen,p,point,hPa,1897-1-1,1903-12-31,PTC=Y | PGC=Y | QC software=dataresqc v1.1.1
DeBilt,Bilt | De Bilt | DeBilt,KNMI_DeBilt_18970101-19051231_rr_subdaily_qc.tsv,KNMI-001_DeBilt,DeBilt,52.10157,5.178046,5,KNMI,https://www.knmi.nl/nederland-nu/klimatologie/daggegevens/antieke-waarnemingen,rr,point,mm,1897-1-1,1905-12-31,QC software=dataresqc v1.1.1
DeBilt,Bilt | De Bilt | DeBilt,KNMI_DeBilt_18970101-19051231_dd_subdaily_qc.tsv,KNMI-001_DeBilt,DeBilt,52.10157,5.178046,5,KNMI,https://www.knmi.nl/nederland-nu/klimatologie/daggegevens/antieke-waarnemingen,dd,point,degree,1897-1-1,1905-12-31,QC software=dataresqc v1.1.1
DeBilt,Bilt | De Bilt | DeBilt,KNMI_DeBilt_18970101-19051231_rh_subdaily_qc.tsv,KNMI-001_DeBilt,DeBilt,52.10157,5.178046,5,KNMI,https://www.knmi.nl/nederland-nu/klimatologie/daggegevens/antieke-waarnemingen,rh,point,%,1897-1-1,1905-12-31,QC software=dataresqc v1.1.1
DeBilt,Bilt | De Bilt | DeBilt,KNMI_DeBilt_18970101-19051231_ta_subdaily_qc.tsv,KNMI-001_DeBilt,DeBilt,52.10157,5.178046,5,KNMI,https://www.knmi.nl/nederland-nu/klimatologie/daggegevens/antieke-waarnemingen,ta,point,C,1897-1-1,1905-12-31,QC software=dataresqc v1.1.1
Delemont,Delemont | Delémont | Delsberg | Dälschbrg | Däuschbrg | Delemon,CHIMES_Delemont_18011222-18321230_ta_subdaily_qc.tsv,JU01_Delemont,Delemont,47.3653,7.34336,432,CHIMES,https://doi.pangaea.de/10.1594/PANGAEA.948258,ta,point,C,1801-12-22,1832-12-30,Observer=François-Joseph Helg | QC software=dataresqc v1.1.1
Delemont,Delemont | Delémont | Delsberg | Dälschbrg | Däuschbrg | Delemon,CHIMES_Delemont_18011222-18321230_p_subdaily_qc.tsv,JU01_Delemont,Delemont,47.3653,7.34336,432,CHIMES,https://doi.org/10.5194/cp-15-1345-2019,p,point,hPa,1801-12-22,1832-12-30,Observer=François-Joseph Helg | PTC=N | PGC=Y | QC software=dataresqc v1.0.3
Delft,Delft | Delfft | Delft_Rijnsburg,PALAEO-RA_Delft_Lenke_17081001-17081231_dd_daily.tsv,Delft,Lenke_Delft,43.2965,5.36978,44,"Untersuchung der ältesten Temperaturmessungen mit Hilfe des strengen Winters 1708-1709, Walter Lenke",,dd,point,degree,1708-10-1,1708-12-31,
Delft,Delft | Delfft | Delft_Rijnsburg,PALAEO-RA_Delft_17840117-17861231_eee_daily.tsv,Palatine-Society_Delft,Delft,52.1014,5.1867,2,PALAEO-RA,,eee,sum,mm,1784-1-17,1786-12-31,Observer=Van Swinden | orig.unit = lines (1/12 of Paris inch)
Delft,Delft | Delfft | Delft_Rijnsburg,PALAEO-RA_Delft_17840117-17861231_ta_subdaily_qc.tsv,Palatine-Society_Delft,Delft,52.1014,5.1867,2,PALAEO-RA,,ta,point,C,1784-1-17,1786-12-31,Observer=Van Swinden | Instrument=Palatine Society | QC software=dataresqc v1.1.0
Delft,Delft | Delfft | Delft_Rijnsburg,PALAEO-RA_Delft_Lenke_17090101-17090430_ta_daily.tsv,Lenke-Delft,Delft,43.2965,5.36978,44,"Untersuchung der ältesten Temperaturmessungen mit Hilfe des strengen Winters 1708-1709, Walter Lenke",,ta,point,C,1709-1-1,1709-4-30,coords=approx
Delft,Delft | Delfft | Delft_Rijnsburg,PALAEO-RA_Delft_17840117-17861231_rr_daily_qc.tsv,Palatine-Society_Delft,Delft,52.1014,5.1867,2,PALAEO-RA,,rr,sum,mm,1784-1-17,1786-12-31,Observer=Van Swinden | orig.unit = lines (1/12 of Paris inch) | QC software=dataresqc v1.1.1
Delft,Delft | Delfft | Delft_Rijnsburg,PALAEO-RA_Delft_17840227-17861213_w_subdaily.tsv,Palatine-Society_Delft,Delft,52.1014,5.1867,2,PALAEO-RA,,w,point,0-4,1784-2-27,1786-12-13,Observer=Van Swinden
Delft,Delft | Delfft | Delft_Rijnsburg,KNMI_Delft_17771122-17951231_ta_subdaily_qc.tsv,KNMI-45_Delfft,Delfft,52.1014,5.1867,0,KNMI,http://projects.knmi.nl/klimatologie/daggegevens/antieke_wrn/index.html,ta,point,C,1777-11-22,1795-12-31,QC software=dataresqc v1.1.1
Delft,Delft | Delfft | Delft_Rijnsburg,KNMI_Delft_Rijnsburg_17060101-17341231_ta_subdaily_qc.tsv,KNMI-49_Delfft_Rijnsburg,Delfft_Rijnsburg,52.14,4.48,0,KNMI,http://projects.knmi.nl/klimatologie/daggegevens/antieke_wrn/index.html,ta,point,C,1706-1-1,1734-12-31,coords=suspicious | QC software=dataresqc v1.1.1
Delft,Delft | Delfft | Delft_Rijnsburg,PALAEO-RA_Delft_17840117-17861231_dd_subdaily_qc.tsv,Palatine-Society_Delft,Delft,52.1014,5.1867,2,PALAEO-RA,,dd,point,degree,1784-1-17,1786-12-31,Observer=Van Swinden | QC software=dataresqc v1.1.1
Delft,Delft | Delfft | Delft_Rijnsburg,PALAEO-RA_Delft_17840117-17861231_p_subdaily_qc.tsv,Palatine-Society_Delft,Delft,52.1014,5.1867,2,PALAEO-RA,,p,point,hPa,1784-1-17,1786-12-31,Observer=Van Swinden | PGC=Y | PTC=Y | Instrument=Palatine Society | QC software=dataresqc v1.1.1
Delft,Delft | Delfft | Delft_Rijnsburg,KNMI_Delft_18010901-18181014_ta_subdaily_qc.tsv,KNMI-45_Delfft2,Delfft2,52.1014,5.1867,0,KNMI,http://projects.knmi.nl/klimatologie/daggegevens/antieke_wrn/index.html,ta,point,C,1801-9-1,1818-10-14,QC software=dataresqc v1.1.1
Delsbo,Delsbo,ECAD_Delsbo_18780103-19951130_ta_daily_qc.tsv,TG_SOUID_136590,Delsbo,61.79,16.55,70,ECA&D,knmi-ecad-assets-prd.s3.amazonaws.com/download/ECA_nonblend_tg.zip,ta,mean,C,1878-1-3,1995-11-30,"Mean temperature calculated as weighted average of TN, TX and observations at 06, 12 and 18 UT (5 values) | QC software=dataresqc v1.1.1"
DenHaag,Den Haag | The Hague | 's-Gravenhage | Scheveningen | Hague,GHCNd_DenHaag-Scheveningen_18770101-20151230_rr_daily.tsv,NLE00101965,SCHEVENINGEN,52.1167,4.3,0,GHCN-D,,rr,sum,mm,1877-1-1,2015-12-30,
DenHaag,Den Haag | The Hague | 's-Gravenhage | Scheveningen | Hague,PALAEO-RA_Den-Haag_17820901-17830430_dd_subdaily_qc.tsv,Palatine-Society_DenHaag,Den Haag,52.070498,4.3007,2,PALAEO-RA,,dd,point,degree,1782-9-1,1783-4-30,Observer=Van Swinden | QC software=dataresqc v1.1.1
DenHaag,Den Haag | The Hague | 's-Gravenhage | Scheveningen | Hague,PALAEO-RA_Den-Haag_17820901-17830327_w_subdaily.tsv,Palatine-Society_DenHaag,Den Haag,52.070498,4.3007,2,PALAEO-RA,,w,point,0-4,1782-9-1,1783-3-27,Observer=Van Swinden
DenHaag,Den Haag | The Hague | 's-Gravenhage | Scheveningen | Hague,PALAEO-RA_Den-Haag_17820901-17830430_p_subdaily_qc.tsv,Palatine-Society_DenHaag,Den Haag,52.070498,4.3007,2,PALAEO-RA,,p,point,hPa,1782-9-1,1783-4-30,Observer=Van Swinden | PGC=Y | PTC=Y | Instrument=Palatine Society | QC software=dataresqc v1.1.0
DenHaag,Den Haag | The Hague | 's-Gravenhage | Scheveningen | Hague,PALAEO-RA_Den-Haag_17820901-17830430_ta_subdaily_qc.tsv,Palatine-Society_DenHaag,Den Haag,52.070498,4.3007,2,PALAEO-RA,,ta,point,C,1782-9-1,1783-4-30,Observer=Van Swinden | Instrument=Palatine Society | QC software=dataresqc v1.1.1
DenHelder,DenHelder | Den Helder | The Helder,KNMI_DenHelder_18481201-19051231_dd_subdaily.tsv,KNMI-002_DenHelder,DenHelder,52.9331,4.75,1,KNMI,https://www.knmi.nl/nederland-nu/klimatologie/daggegevens/antieke-waarnemingen,dd,point,degree,1848-12-1,1905-12-31,
DenHelder,DenHelder | Den Helder | The Helder,KNMI_DenHelder_18501201-19051231_Tn_daily_qc.tsv,KNMI-002_Den-Helder,Den-Helder,52.96,4.76,1,KNMI,https://www.knmi.nl/nederland-nu/klimatologie/daggegevens/antieke-waarnemingen,Tn,min,C,1850-12-1,1905-12-31,QC software=dataresqc v1.1.1
DenHelder,DenHelder | Den Helder | The Helder,KNMI_DenHelder_18501201-19051231_Tx_daily_qc.tsv,KNMI-002_Den-Helder,Den-Helder,52.96,4.76,1,KNMI,https://www.knmi.nl/nederland-nu/klimatologie/daggegevens/antieke-waarnemingen,Tx,max,C,1850-12-1,1905-12-31,QC software=dataresqc v1.1.0
DenHelder,DenHelder | Den Helder | The Helder,KNMI_DenHelder_18501201-19051231_rr_subdaily.tsv,KNMI-002_DenHelder,DenHelder,52.9331,4.75,1,KNMI,https://www.knmi.nl/nederland-nu/klimatologie/daggegevens/antieke-waarnemingen,rr,point,mm,1850-12-1,1905-12-31,
DenHelder,DenHelder | Den Helder | The Helder,WRDv2-2_DenHelder_18610830-18750331_ta_subdaily.tsv,DWRUK_THEHELDER,The Helder,52.956971,4.76387,1,DWR_UKMO,DOI 10.5281/zenodo.5940391,ta,point,C,1861-8-30,1875-3-31,Alias=Den Helder
DenHelder,DenHelder | Den Helder | The Helder,KNMI_DenHelder_18501201-19051231_ta_subdaily.tsv,KNMI-002_DenHelder,DenHelder,52.9331,4.75,1,KNMI,https://www.knmi.nl/nederland-nu/klimatologie/daggegevens/antieke-waarnemingen,ta,point,C,1850-12-1,1905-12-31,
DenHelder,DenHelder | Den Helder | The Helder,KNMI_DenHelder_18501201-19051231_rh_subdaily.tsv,KNMI-002_DenHelder,DenHelder,52.9331,4.75,1,KNMI,https://www.knmi.nl/nederland-nu/klimatologie/daggegevens/antieke-waarnemingen,rh,point,%,1850-12-1,1905-12-31,
DenHelder,DenHelder | Den Helder | The Helder,WRDv2-2_DenHelder_18610830-18750331_p_subdaily.tsv,DWRUK_THEHELDER,The Helder,52.956971,4.76387,1,DWR_UKMO,DOI 10.5281/zenodo.5940391,p,point,hPa,1861-8-30,1875-3-31,PTC=? | PGC=? | Alias=Den Helder
DenHelder,DenHelder | Den Helder | The Helder,KNMI_DenHelder_18501201-19031231_p_subdaily.tsv,KNMI-002_DenHelder,DenHelder,52.9331,4.75,1,KNMI,https://www.knmi.nl/nederland-nu/klimatologie/daggegevens/antieke-waarnemingen,p,point,hPa,1850-12-1,1903-12-31,PTC=Y | PGC=Y
DenHelder,DenHelder | Den Helder | The Helder,GHCNd_Den-Helder-1_18510101-20190831_rr_daily.tsv,NLM00006235,DEN HELDER-1,52.9331,4.75,0,GHCN-D,,rr,sum,mm,1851-1-1,2019-8-31,
Dijon,Dijon | Digion,PALAEO-RA_Dijon_17830101-17841231_rr_subdaily_qc.tsv,Palatine-Society_Dijon,Dijon,47.322047,5.04148,250,PALAEO-RA,,rr,sum,mm,1783-1-1,1784-12-31,Observer=Maret | orig.unit = lines (1/12 of Paris inch) | QC software=dataresqc v1.1.1
Dijon,Dijon | Digion,PALAEO-RA_Dijon_17830101-17841231_p_subdaily_qc.tsv,Palatine-Society_Dijon,Dijon,47.322047,5.04148,250,PALAEO-RA,,p,point,hPa,1783-1-1,1784-12-31,Observer=Maret | PGC=Y | PTC=Y | Instrument=Palatine Society | QC software=dataresqc v1.1.1
Dijon,Dijon | Digion,PALAEO-RA_Dijon_17830101-17841231_ta_subdaily_qc.tsv,Palatine-Society_Dijon,Dijon,47.322047,5.04148,250,PALAEO-RA,,ta,point,C,1783-1-1,1784-12-31,Observer=Maret | Instrument=Palatine Society | QC software=dataresqc v1.1.1
Dijon,Dijon | Digion,PALAEO-RA_Dijon_17830317-17841229_w_subdaily.tsv,Palatine-Society_Dijon,Dijon,47.322047,5.04148,250,PALAEO-RA,,w,point,0-4,1783-3-17,1784-12-29,Observer=Maret
Dijon,Dijon | Digion,PALAEO-RA_Dijon_17830101-17841231_dd_subdaily_qc.tsv,Palatine-Society_Dijon,Dijon,47.322047,5.04148,250,PALAEO-RA,,dd,point,degree,1783-1-1,1784-12-31,Observer=Maret | QC software=dataresqc v1.1.1
Dijon,Dijon | Digion,PALAEO-RA_Dijon_17830101-17841231_eee_subdaily.tsv,Palatine-Society_Dijon,Dijon,47.322047,5.04148,250,PALAEO-RA,,eee,sum,mm,1783-1-1,1784-12-31,Observer=Maret | orig.unit = lines (1/12 of Paris inch)
Dinhard,Dinhard | Dynhard,CHIMES_Dinhard_17940101-17941231_p_subdaily_qc.tsv,ZH10_Dynhard,Dinhard,47.555,8.777,430,CHIMES,https://doi.org/10.5194/cp-15-1345-2019,p,point,hPa,1794-1-1,1794-12-31,Observer=Nötzli | PTC=N | PGC=Y | QC software=dataresqc v1.1.1
Dinhard,Dinhard | Dynhard,CHIMES_Dinhard_17940101-17941231_ta_subdaily_qc.tsv,ZH10_Dynhard,Dinhard,47.555,8.777,430,CHIMES,https://doi.org/10.5194/cp-15-1345-2019,ta,point,C,1794-1-1,1794-12-31,Observer=Nötzli | QC software=dataresqc v1.1.1
Disentis,Disentis | Múster,CHIMES_Disentis_Condrau_18370101-18400718_ta_subdaily_qc.tsv,GR05_Disentis_Condrau,Disentis,46.70572,8.8546,1150,CHIMES,https://doi.org/10.5194/cp-15-1345-2019,ta,point,C,1837-1-1,1840-7-18,Observer=Augustin Condrau | QC software=dataresqc v1.0.3
Disentis,Disentis | Múster,CHIMES_Disentis_Carigiet_18581204-18590430_p_subdaily_qc.tsv,GR05_Disentis_Carigiet,Disentis,46.70682,8.85599,1159,CHIMES,https://doi.org/10.5194/cp-15-1345-2019,p,point,hPa,1858-12-4,1859-4-30,Observer=Basil Carigiet | PTC=Y | PGC=Y | QC software=dataresqc v1.1.1
Disentis,Disentis | Múster,CHIMES_Disentis_Klinghardt_18420101-18431031_p_subdaily_qc.tsv,GR05_Disentis_Klinghardt,Disentis,46.70572,8.8546,1150,CHIMES,https://doi.org/10.5194/cp-15-1345-2019,p,point,hPa,1842-1-1,1843-10-31,Observer=Prof. Klinghardt | PTC=Y | PGC=Y | QC software=dataresqc v1.1.1
Disentis,Disentis | Múster,CHIMES_Disentis_Carigiet_18581204-18590430_ta_subdaily_qc.tsv,GR05_Disentis_Carigiet,Disentis,46.70682,8.85599,1159,CHIMES,https://doi.org/10.5194/cp-15-1345-2019,ta,point,C,1858-12-4,1859-4-30,Observer=Basil Carigiet | QC software=dataresqc v1.1.1
Diyarbakir,Diyarbakir | Amida | Amid | Amed | Diyar Bekr | Diyarbekir | Tigranakert | Diarbekir,EMULATE_Diyarbakir_18690901-18740531_p_subdaily.tsv,DIYARBAKIR,DIYARBAKIR,37.93,40.21,675,EMULATE,DOI 10.5281/zenodo.5940391,p,point,hPa,1869-9-1,1874-5-31,
Dnipro,Dnipro,UA-UHMI_Dnipro_18390101-18421231_p_subdaily_qc.tsv,Dnipro,Dnipro,48.45,35.05,98,UA-UHMI,https://doi.org/10.15407/uhmi.report.01,p,point,hPa,1839-1-1,1842-12-31,Observer=Porfyriy Semenovskyi | PTC=Y | PGC=Y | QC=Y
Dnipro,Dnipro,UA-UHMI_Dnipro_18500101-18521231_ta_subdaily_qc.tsv,Dnipro,Dnipro,48.45,35.05,98,UA-UHMI,https://doi.org/10.15407/uhmi.report.01,ta,point,C,1850-1-1,1852-12-31,
Dnipro,Dnipro,UA-UHMI_Dnipro_18651201-18651231_p_subdaily_qc.tsv,Dnipro,Dnipro,48.45,35.05,98,UA-UHMI,https://doi.org/10.15407/uhmi.report.01,p,point,hPa,1865-12-1,1865-12-31,PTC=N | PGC=Y | QC=Y
Dnipro,Dnipro,UA-UHMI_Dnipro_18651201-18651231_ta_subdaily_qc.tsv,Dnipro,Dnipro,48.45,35.05,98,UA-UHMI,https://doi.org/10.15407/uhmi.report.01,ta,point,C,1865-12-1,1865-12-31,
Dnipro,Dnipro,UA-UHMI_Dnipro_18330113-18390112_p_subdaily_qc.tsv,Dnipro,Dnipro,48.45,35.05,98,UA-UHMI,https://doi.org/10.15407/uhmi.report.01,p,point,hPa,1833-1-13,1839-1-12,Observer=Vasyl Usykov | PTC=N | PGC=Y | QC=Y
Dnipro,Dnipro,UA-UHMI_Dnipro_18390101-18421231_ta_subdaily_qc.tsv,Dnipro,Dnipro,48.45,35.05,98,UA-UHMI,https://doi.org/10.15407/uhmi.report.01,ta,point,C,1839-1-1,1842-12-31,Observer=Porfyriy Semenovskyi | QC=Y
Dnipro,Dnipro,UA-UHMI_Dnipro_18330113-18390112_ta_subdaily_qc.tsv,Dnipro,Dnipro,48.45,35.05,98,UA-UHMI,https://doi.org/10.15407/uhmi.report.01,ta,point,C,1833-1-13,1839-1-12,Observer=Vasyl Usykov | QC=Y
Dnipro,Dnipro,UA-UHMI_Dnipro_18550101-18551231_ta_subdaily_qc.tsv,Dnipro,Dnipro,48.45,35.05,98,UA-UHMI,https://doi.org/10.15407/uhmi.report.01,ta,point,C,1855-1-1,1855-12-31,
Dnipro,Dnipro,UA-UHMI_Dnipro_18500101-18521231_p_subdaily_qc.tsv,Dnipro,Dnipro,48.45,35.05,98,UA-UHMI,https://doi.org/10.15407/uhmi.report.01,p,point,hPa,1850-1-1,1852-12-31,PTC=Y | PGC=Y | QC=Y
Domodossola,Domodossola | Dòmm,SMI_Domodossola_18711201-20140630_ta_daily_qc.tsv,Domodossola,Domodossola,46.1134,8.2874,280,Collegio Alberoni --  Società Meteorologica Italiana,,ta,mean,C,1871-12-1,2014-6-30,QC software=dataresqc v1.1.1
Donaghadee,Donaghadee | Domhnach Daoi | Tha Dee,ILMMT_Donaghadee_18501001-18511209_Tx_daily.tsv,ILMMT-Donaghadee,Donaghadee,54.633,-5.55,4.9,"Mateus, C., Potito, A., & Curley, M. (2020). Reconstruction of a long‐term historical daily maximum and minimum air temperature network dataset for Ireland (1831‐1968). Geoscience Data Journal, 7(2), 102-115.",https://www.edepositireland.ie/entities/publication/7271837d-dbe6-463f-b103-422f42a15446,Tx,maximum,C,1850-10-1,1851-12-9,"Observer=Coast-guard Boatmen | Instrument=Standardized RIA supply (George Yeates) | Location=Donaghadee Coast-guard Station, Co. Down | DataSource=RIA Manuscripts 12M16"
Donaghadee,Donaghadee | Domhnach Daoi | Tha Dee,ILMMT_Donaghadee_18501001-18520430_Tn_daily_qc.tsv,ILMMT-Donaghadee,Donaghadee,54.633,-5.55,4.9,"Mateus, C., Potito, A., & Curley, M. (2020). Reconstruction of a long‐term historical daily maximum and minimum air temperature network dataset for Ireland (1831‐1968). Geoscience Data Journal, 7(2), 102-115.",https://www.edepositireland.ie/entities/publication/7271837d-dbe6-463f-b103-422f42a15446,Tn,minimum,C,1850-10-1,1852-4-30,"Observer=Coast-guard Boatmen | Instrument=Standardized RIA supply (George Yeates) | Location=Donaghadee Coast-guard Station, Co. Down | DataSource=RIA Manuscripts 12M16 | QC software=dataresqc v1.1.1"
Donaghadee,Donaghadee | Domhnach Daoi | Tha Dee,WRDv2-2_Donaghadee_18720705-18750331_ta_subdaily.tsv,DWRUK_DONAGHADEE,Donaghadee,54.64,-5.53,9,DWR_UKMO,DOI 10.5281/zenodo.5940391,ta,point,C,1872-7-5,1875-3-31,
Donaghadee,Donaghadee | Domhnach Daoi | Tha Dee,WRDv2-2_Donaghadee_18720705-18750331_Tx_daily.tsv,DWRUK_DONAGHADEE,Donaghadee,54.64,-5.53,9,DWR_UKMO,DOI 10.5281/zenodo.5940391,Tx,maximum,C,1872-7-5,1875-3-31,
Donaghadee,Donaghadee | Domhnach Daoi | Tha Dee,WRDv2-2_Donaghadee_18720713-18750331_p_subdaily.tsv,DWRUK_DONAGHADEE,Donaghadee,54.64,-5.53,9,DWR_UKMO,DOI 10.5281/zenodo.5940391,p,point,hPa,1872-7-13,1875-3-31,PTC=Y | PGC=N
Donaghadee,Donaghadee | Domhnach Daoi | Tha Dee,WRDv2-2_Donaghadee_18720705-18750331_ta_barometer_subdaily.tsv,DWRUK_DONAGHADEE,Donaghadee,54.64,-5.53,9,DWR_UKMO,DOI 10.5281/zenodo.5940391,ta,point,C,1872-7-5,1875-3-31,
Donaghadee,Donaghadee | Domhnach Daoi | Tha Dee,WRDv2-2_Donaghadee_18720705-18750331_rr_daily.tsv,DWRUK_DONAGHADEE,Donaghadee,54.64,-5.53,9,DWR_UKMO,DOI 10.5281/zenodo.5940391,rr,sum,mm,1872-7-5,1875-3-31,
Donaghadee,Donaghadee | Domhnach Daoi | Tha Dee,WRDv2-2_Donaghadee_18720705-18750331_Tn_daily.tsv,DWRUK_DONAGHADEE,Donaghadee,54.64,-5.53,9,DWR_UKMO,DOI 10.5281/zenodo.5940391,Tn,minimum,C,1872-7-5,1875-3-31,
Dover,Dover,WRDv2-2_Dover_18610301-18750331_ta_barometer_subdaily.tsv,DWRUK_DOVER,Dover,51.11587,1.31076,39,DWR_UKMO,DOI 10.5281/zenodo.5940391,ta,point,C,1861-3-1,1875-3-31,
Dover,Dover,WRDv2-2_Dover_18720114-18750331_Tx_daily.tsv,DWRUK_DOVER,Dover,51.11587,1.31076,39,DWR_UKMO,DOI 10.5281/zenodo.5940391,Tx,maximum,C,1872-1-14,1875-3-31,
Dover,Dover,WRDv2-2_Dover_18610302-18750331_p_subdaily.tsv,DWRUK_DOVER,Dover,51.11587,1.31076,39,DWR_UKMO,DOI 10.5281/zenodo.5940391,p,point,hPa,1861-3-2,1875-3-31,PTC=Y | PGC=N
Dover,Dover,WRDv2-2_Dover_18720114-18750331_Tn_daily.tsv,DWRUK_DOVER,Dover,51.11587,1.31076,39,DWR_UKMO,DOI 10.5281/zenodo.5940391,Tn,minimum,C,1872-1-14,1875-3-31,
Dover,Dover,WRDv2-2_Dover_18611219-18750331_rr_daily.tsv,DWRUK_DOVER,Dover,51.11587,1.31076,39,DWR_UKMO,DOI 10.5281/zenodo.5940391,rr,sum,mm,1861-12-19,1875-3-31,
Dover,Dover,WRDv2-2_Dover_18610301-18750331_ta_subdaily.tsv,DWRUK_DOVER,Dover,51.11587,1.31076,39,DWR_UKMO,DOI 10.5281/zenodo.5940391,ta,point,C,1861-3-1,1875-3-31,
Dublin,Dublin | Baile Átha Cliath,ILMMT_Dublin-DameStreet_18491203-18580401_Tx_daily_qc.tsv,ILMMT-Dublin-DameStreet,Dublin,53.344,-6.263,10,"Mateus, C., Potito, A., & Curley, M. (2020). Reconstruction of a long‐term historical daily maximum and minimum air temperature network dataset for Ireland (1831‐1968). Geoscience Data Journal, 7(2), 102-115.",https://www.edepositireland.ie/entities/publication/7271837d-dbe6-463f-b103-422f42a15446,Tx,maximum,C,1849-12-3,1858-4-1,Observer=Clerks at the Commercial Buildings | Instrument=Rutherford’s minimum thermometer | Location=Dame Street | DataSource=Dublin Evening Mail newspaper archives | Note=whole degree precision. | QC software=dataresqc v1.1.1
Dublin,Dublin | Baile Átha Cliath,ILMMT_Dublin-BotanicGardens_NLI_18821029-19520726_Tx_daily_qc.tsv,ILMMT-Dublin-BotanicGardens_NLI,Dublin,53.372,-6.721,18,"Mateus, C., Potito, A., & Curley, M. (2020). Reconstruction of a long‐term historical daily maximum and minimum air temperature network dataset for Ireland (1831‐1968). Geoscience Data Journal, 7(2), 102-115.",https://www.edepositireland.ie/entities/publication/7271837d-dbe6-463f-b103-422f42a15446,Tx,maximum,C,1882-10-29,1952-7-26,"Observer=John Underwood (1819-1830s), David Moore (1848-1879), Frederick Moore (1879-1920), David M'Ardle (1884) | Instrument=Max and Min thermometers (NLI series 1882-1920). | Note=Weekly manuscripts recorded at 9 or 10 a.m. | QC software=dataresqc v1.1.1"
Dublin,Dublin | Baile Átha Cliath,ILMMT_Dublin-BotanicGardens_Moore_18800516-18801231_Tn_subdaily.tsv,ILMMT-Dublin-BotanicGardens_Moore,Dublin,53.372,-6.721,18,"Mateus, C., Potito, A., & Curley, M. (2020). Reconstruction of a long‐term historical daily maximum and minimum air temperature network dataset for Ireland (1831‐1968). Geoscience Data Journal, 7(2), 102-115.",https://www.edepositireland.ie/entities/publication/7271837d-dbe6-463f-b103-422f42a15446,Tn,minimum,C,1880-5-16,1880-12-31,"Observer=Frederick Moore (1880) | Instrument=Stevenson Screen, verified Max/Min thermometers | Note=Transition year from RDS abstracts to daily handwritten registers; screen location at Glasnevin."
Dublin,Dublin | Baile Átha Cliath,ILMMT_Dublin-BotanicGardens_18340101-19581231_Tn_daily_qc.tsv,ILMMT-Dublin-BotanicGardens,Dublin,53.372,-6.721,18,"Mateus, C., Potito, A., & Curley, M. (2020). Reconstruction of a long‐term historical daily maximum and minimum air temperature network dataset for Ireland (1831‐1968). Geoscience Data Journal, 7(2), 102-115.",https://www.edepositireland.ie/entities/publication/7271837d-dbe6-463f-b103-422f42a15446,Tn,minimum,C,1834-1-1,1958-12-31,"Observer=John Underwood (1819-1830s), David Moore (1848-1879), Frederick Moore (1879-1920), David M'Ardle (1884) | Instrument=Barometer by James Lynch (1813), Stevenson Screen (verified 1880s) | QC software=dataresqc v1.1.1"
Dublin,Dublin | Baile Átha Cliath,ILMMT_Dublin-PhoenixPark_18310118-19581231_Tx_daily_qc.tsv,ILMMT-Dublin-PhoenixPark,Dublin,53.364,-6.348,46,"Mateus, C., Potito, A., & Curley, M. (2020). Reconstruction of a long‐term historical daily maximum and minimum air temperature network dataset for Ireland (1831‐1968). Geoscience Data Journal, 7(2), 102-115.",https://www.edepositireland.ie/entities/publication/7271837d-dbe6-463f-b103-422f42a15446,Tx,maximum,C,1831-1-18,1958-12-31,"Observer=Staff of the Royal Engineers, Ordnance Survey Office (1831-1900) | Instrument=Octagonal wooden thermometer screen (1831-1860s), Stevenson screen (introduced late 19th century),Max and Min self-registering thermometers | QC software=dataresqc v1.1.1"
Dublin,Dublin | Baile Átha Cliath,ILMMT_Dublin-RCS_Evans_18411226-18571219_Tn_daily.tsv,ILMMT-Dublin-RCS,Dublin,53.339,-6.261,11,"Mateus, C., Potito, A., & Curley, M. (2020). Reconstruction of a long‐term historical daily maximum and minimum air temperature network dataset for Ireland (1831‐1968). Geoscience Data Journal, 7(2), 102-115.",https://www.edepositireland.ie/entities/publication/7271837d-dbe6-463f-b103-422f42a15446,Tn,minimum,C,1841-12-26,1857-12-19,"Observer=John Evans, supervised by Prof. James Apjohn | Instrument=Max/Min thermometers | Location=Courtyard of Royal College of Surgeons, Dublin | DataSource=Dublin Medical Press | Notes=whole degree precision"
Dublin,Dublin | Baile Átha Cliath,GHCNd_Dublin-Phoenix-Park_18670101-20190831_rr_daily_qc.tsv,EI000003969,DUBLIN PHOENIX PARK,53.3639,-6.3192,49,GHCN-D,,rr,sum,mm,1867-1-1,2019-8-31,QC software=dataresqc v1.1.1
Dublin,Dublin | Baile Átha Cliath,ILMMT_Dublin-GraftonStreet_Yaetes_18430101-18491231_Tx_daily_qc.tsv,ILMMT-Dublin-GraftonStreet_Yaetes,Dublin,53.342,-6.259,12,"Mateus, C., Potito, A., & Curley, M. (2020). Reconstruction of a long‐term historical daily maximum and minimum air temperature network dataset for Ireland (1831‐1968). Geoscience Data Journal, 7(2), 102-115.",https://www.edepositireland.ie/entities/publication/7271837d-dbe6-463f-b103-422f42a15446,Tx,maximum,C,1843-1-1,1849-12-31,Observer=George Yeates (1843-1849) | Instrument=Rutherford’s self-registering thermometers | Location=Grafton Street | Note=George Yeates was an instrument maker; whole degree precision | DataSource=Transactions of the Royal Irish Academy. | QC software=dataresqc v1.1.1
Dublin,Dublin | Baile Átha Cliath,ILMMT_Dublin-RDO-Dunsink_18510401-18511231_Tn_daily.tsv,ILMMT-Dublin-RDO-Dunsink,Dublin,53.387,-6.338,64,"Mateus, C., Potito, A., & Curley, M. (2020). Reconstruction of a long‐term historical daily maximum and minimum air temperature network dataset for Ireland (1831‐1968). Geoscience Data Journal, 7(2), 102-115.",https://www.edepositireland.ie/entities/publication/7271837d-dbe6-463f-b103-422f42a15446,Tn,minimum,C,1851-4-1,1851-12-31,"Observer=Observatory Staff | Instrument=Max/Min thermometers | Location=Royal Dublin Observatory, Dunsink; Hilltop rural exposure northwest of city | Notes=0.1F precision"
Dublin,Dublin | Baile Átha Cliath,ILMMT_Dublin-GraftonStreet_Yaetes_18430101-18491231_Tn_daily_qc.tsv,ILMMT-Dublin-GraftonStreet_Yaetes,Dublin,53.342,-6.259,12,"Mateus, C., Potito, A., & Curley, M. (2020). Reconstruction of a long‐term historical daily maximum and minimum air temperature network dataset for Ireland (1831‐1968). Geoscience Data Journal, 7(2), 102-115.",https://www.edepositireland.ie/entities/publication/7271837d-dbe6-463f-b103-422f42a15446,Tn,minimum,C,1843-1-1,1849-12-31,Observer=George Yeates (1843-1849) | Instrument=Rutherford’s self-registering thermometers | Location=Grafton Street | Note=George Yeates was an instrument maker; whole degree precision | DataSource=Transactions of the Royal Irish Academy. | QC software=dataresqc v1.1.1
Dublin,Dublin | Baile Átha Cliath,ILMMT_Dublin-FitzwilliamSquare_Moore_18710101-19370930_Tn_daily_qc.tsv,ILMMT-Dublin-FitzwilliamSquare,Dublin,53.336,-6.252,15.8,"Mateus, C., Potito, A., & Curley, M. (2020). Reconstruction of a long‐term historical daily maximum and minimum air temperature network dataset for Ireland (1831‐1968). Geoscience Data Journal, 7(2), 102-115.",https://www.edepositireland.ie/entities/publication/7271837d-dbe6-463f-b103-422f42a15446,Tn,minimum,C,1871-1-1,1937-9-30,"Observer=Sir John William Moore (1871-1920) | Instrument=Stevenson screen, Casella Max/Min thermometersLocation=40 Fitzwilliam Square West. | QC software=dataresqc v1.1.1"
Dublin,Dublin | Baile Átha Cliath,ILMMT_Dublin-BotanicGardens_18340101-19581231_Tx_daily_qc.tsv,ILMMT-Dublin-BotanicGardens,Dublin,53.372,-6.721,18,"Mateus, C., Potito, A., & Curley, M. (2020). Reconstruction of a long‐term historical daily maximum and minimum air temperature network dataset for Ireland (1831‐1968). Geoscience Data Journal, 7(2), 102-115.",https://www.edepositireland.ie/entities/publication/7271837d-dbe6-463f-b103-422f42a15446,Tx,maximum,C,1834-1-1,1958-12-31,"Observer=John Underwood (1819-1830s), David Moore (1848-1879), Frederick Moore (1879-1920), David M'Ardle (1884) | Instrument=Barometer by James Lynch (1813), Stevenson Screen (verified 1880s) | QC software=dataresqc v1.1.1"
Dublin,Dublin | Baile Átha Cliath,ILMMT_Dublin-TrinityCollege_18410522-19591231_Tx_daily_qc.tsv,ILMMT-Dublin-TrinityCollege,Dublin,53.344,-6.258,8,"Mateus, C., Potito, A., & Curley, M. (2020). Reconstruction of a long‐term historical daily maximum and minimum air temperature network dataset for Ireland (1831‐1968). Geoscience Data Journal, 7(2), 102-115.",https://www.edepositireland.ie/entities/publication/7271837d-dbe6-463f-b103-422f42a15446,Tx,maximum,C,1841-5-22,1959-12-31,"Observer=Humphrey Lloyd (1840-1851), Dr. Erasmus Dixon (1904-1920) | Instrument=Magnetical Observatory (early), Stevenson screen (late) | Location=Magnetical Observatory, Fellows' Garden (1840-1851), School of Physic Garden (1904-1920); Precision shift from 0.1F to whole degrees in 1915. | QC software=dataresqc v1.1.1"
Dublin,Dublin | Baile Átha Cliath,ILMMT_Dublin-PhoenixPark_18310118-19581231_Tn_daily_qc.tsv,ILMMT-Dublin-PhoenixPark,Dublin,53.364,-6.348,46,"Mateus, C., Potito, A., & Curley, M. (2020). Reconstruction of a long‐term historical daily maximum and minimum air temperature network dataset for Ireland (1831‐1968). Geoscience Data Journal, 7(2), 102-115.",https://www.edepositireland.ie/entities/publication/7271837d-dbe6-463f-b103-422f42a15446,Tn,minimum,C,1831-1-18,1958-12-31,"Observer=Staff of the Royal Engineers, Ordnance Survey Office (1831-1900) | Instrument=Octagonal wooden thermometer screen (1831-1860s), Stevenson screen (introduced late 19th century),Max and Min self-registering thermometers | QC software=dataresqc v1.1.1"
Dublin,Dublin | Baile Átha Cliath,ILMMT_Dublin-DameStreet_18491203-18580401_Tn_daily.tsv,ILMMT-Dublin-DameStreet,Dublin,53.344,-6.263,10,"Mateus, C., Potito, A., & Curley, M. (2020). Reconstruction of a long‐term historical daily maximum and minimum air temperature network dataset for Ireland (1831‐1968). Geoscience Data Journal, 7(2), 102-115.",https://www.edepositireland.ie/entities/publication/7271837d-dbe6-463f-b103-422f42a15446,Tn,minimum,C,1849-12-3,1858-4-1,Observer=Clerks at the Commercial Buildings | Instrument=Rutherford’s minimum thermometer | Location=Dame Street | DataSource=Dublin Evening Mail newspaper archives | Note=whole degree precision.
Dublin,Dublin | Baile Átha Cliath,ILMMT_Dublin-BotanicGardens_NLI_18821029-19520726_Tn_daily_qc.tsv,ILMMT-Dublin-BotanicGardens_NLI,Dublin,53.372,-6.721,18,"Mateus, C., Potito, A., & Curley, M. (2020). Reconstruction of a long‐term historical daily maximum and minimum air temperature network dataset for Ireland (1831‐1968). Geoscience Data Journal, 7(2), 102-115.",https://www.edepositireland.ie/entities/publication/7271837d-dbe6-463f-b103-422f42a15446,Tn,minimum,C,1882-10-29,1952-7-26,"Observer=John Underwood (1819-1830s), David Moore (1848-1879), Frederick Moore (1879-1920), David M'Ardle (1884) | Instrument=Max and Min thermometers (NLI series 1882-1920). | Note=Weekly manuscripts recorded at 9 or 10 a.m. | QC software=dataresqc v1.1.1"
Dublin,Dublin | Baile Átha Cliath,ILMMT_Dublin-BotanicGardens_Moore_18800516-18801231_Tx_subdaily.tsv,ILMMT-Dublin-BotanicGardens_Moore,Dublin,53.372,-6.721,18,"Mateus, C., Potito, A., & Curley, M. (2020). Reconstruction of a long‐term historical daily maximum and minimum air temperature network dataset for Ireland (1831‐1968). Geoscience Data Journal, 7(2), 102-115.",https://www.edepositireland.ie/entities/publication/7271837d-dbe6-463f-b103-422f42a15446,Tx,maximum,C,1880-5-16,1880-12-31,"Observer=Frederick Moore (1880) | Instrument=Stevenson Screen, verified Max/Min thermometers | Note=Transition year from RDS abstracts to daily handwritten registers; screen location at Glasnevin."
Dublin,Dublin | Baile Átha Cliath,ILMMT_Dublin-RDO-Dunsink_18510401-18511231_Tx_daily.tsv,ILMMT-Dublin-RDO-Dunsink,Dublin,53.387,-6.338,64,"Mateus, C., Potito, A., & Curley, M. (2020). Reconstruction of a long‐term historical daily maximum and minimum air temperature network dataset for Ireland (1831‐1968). Geoscience Data Journal, 7(2), 102-115.",https://www.edepositireland.ie/entities/publication/7271837d-dbe6-463f-b103-422f42a15446,Tx,minimum,C,1851-4-1,1851-12-31,"Observer=Observatory Staff | Instrument=Max/Min thermometers | Location=Royal Dublin Observatory, Dunsink; Hilltop rural exposure northwest of city | Notes=0.1F precision"
Dublin,Dublin | Baile Átha Cliath,ILMMT_Dublin-TrinityCollege_18400501-19591231_Tn_daily_qc.tsv,ILMMT-Dublin-TrinityCollege,Dublin,53.344,-6.258,8,"Mateus, C., Potito, A., & Curley, M. (2020). Reconstruction of a long‐term historical daily maximum and minimum air temperature network dataset for Ireland (1831‐1968). Geoscience Data Journal, 7(2), 102-115.",https://www.edepositireland.ie/entities/publication/7271837d-dbe6-463f-b103-422f42a15446,Tn,minimum,C,1840-5-1,1959-12-31,"Observer=Humphrey Lloyd (1840-1851), Dr. Erasmus Dixon (1904-1920) | Instrument=Magnetical Observatory (early), Stevenson screen (late) | Location=Magnetical Observatory, Fellows' Garden (1840-1851), School of Physic Garden (1904-1920); Precision shift from 0.1F to whole degrees in 1915. | QC software=dataresqc v1.1.1"
Dublin,Dublin | Baile Átha Cliath,ILMMT_Dublin-FitzwilliamSquare_Moore_18710101-19370930_Tx_daily_qc.tsv,ILMMT-Dublin-FitzwilliamSquare,Dublin,53.336,-6.252,15.8,"Mateus, C., Potito, A., & Curley, M. (2020). Reconstruction of a long‐term historical daily maximum and minimum air temperature network dataset for Ireland (1831‐1968). Geoscience Data Journal, 7(2), 102-115.",https://www.edepositireland.ie/entities/publication/7271837d-dbe6-463f-b103-422f42a15446,Tx,maximum,C,1871-1-1,1937-9-30,"Observer=Sir John William Moore (1871-1920) | Instrument=Stevenson screen, Casella Max/Min thermometersLocation=40 Fitzwilliam Square West. | QC software=dataresqc v1.1.1"
Dublin,Dublin | Baile Átha Cliath,ILMMT_Dublin-RCS_Evans_18411226-18571219_Tx_daily_qc.tsv,ILMMT-Dublin-RCS,Dublin,53.339,-6.261,11,"Mateus, C., Potito, A., & Curley, M. (2020). Reconstruction of a long‐term historical daily maximum and minimum air temperature network dataset for Ireland (1831‐1968). Geoscience Data Journal, 7(2), 102-115.",https://www.edepositireland.ie/entities/publication/7271837d-dbe6-463f-b103-422f42a15446,Tx,minimum,C,1841-12-26,1857-12-19,"Observer=John Evans, supervised by Prof. James Apjohn | Instrument=Max/Min thermometers | Location=Courtyard of Royal College of Surgeons, Dublin | DataSource=Dublin Medical Press | Notes=whole degree precision | QC software=dataresqc v1.1.1"
Duesseldorf,Duesseldorf | Düsseldorf,PALAEO-RA_Duesseldorf_17820201-17841231_ta_subdaily_qc.tsv,Palatine-Society_Duesseldorf,Düsseldorf,51.233333,6.766667,30,PALAEO-RA,,ta,point,C,1782-2-1,1784-12-31,"Observer=Phennings, Liessem | Instrument=Palatine Society | QC software=dataresqc v1.1.1"
Duesseldorf,Duesseldorf | Düsseldorf,PALAEO-RA_Duesseldorf_17820201-17841231_dd_subdaily_qc.tsv,Palatine-Society_Duesseldorf,Düsseldorf,51.233333,6.766667,30,PALAEO-RA,,dd,point,degree,1782-2-1,1784-12-31,"Observer=Phennings, Liessem | QC software=dataresqc v1.1.1"
Duesseldorf,Duesseldorf | Düsseldorf,PALAEO-RA_Duesseldorf_17820201-17841231_p_subdaily_qc.tsv,Palatine-Society_Duesseldorf,Düsseldorf,51.233333,6.766667,30,PALAEO-RA,,p,point,hPa,1782-2-1,1784-12-31,"Observer=Phennings, Liessem | PGC=Y | PTC=Y | Instrument=Palatine Society | QC software=dataresqc v1.1.0"
DunmoreEast,Dunmore East | Dún Mór,ILMMT_DunmoreEast_18501005-18511229_Tx_daily.tsv,ILMMT-DunmoreEast,DunmoreEast,52.133,-6.983,20.1,"Mateus, C., Potito, A., & Curley, M. (2020). Reconstruction of a long‐term historical daily maximum and minimum air temperature network dataset for Ireland (1831‐1968). Geoscience Data Journal, 7(2), 102-115.",https://www.edepositireland.ie/entities/publication/7271837d-dbe6-463f-b103-422f42a15446,Tx,maximum,C,1850-10-5,1851-12-29,"Observer=Coast-guard Boatmen | Instrument=Standardized RIA supply (George Yeates) | Location=Dunmore East Coast-guard Station, Co. Waterford | DataSource=RIA Manuscripts 12M16 | Note=Placed in window (warm bias)"
DunmoreEast,Dunmore East | Dún Mór,ILMMT_DunmoreEast_18501001-18511003_Tn_daily_qc.tsv,ILMMT-DunmoreEast,DunmoreEast,52.133,-6.983,20.1,"Mateus, C., Potito, A., & Curley, M. (2020). Reconstruction of a long‐term historical daily maximum and minimum air temperature network dataset for Ireland (1831‐1968). Geoscience Data Journal, 7(2), 102-115.",https://www.edepositireland.ie/entities/publication/7271837d-dbe6-463f-b103-422f42a15446,Tn,minimum,C,1850-10-1,1851-10-3,"Observer=Coast-guard Boatmen | Instrument=Standardized RIA supply (George Yeates) | Location=Dunmore East Coast-guard Station, Co. Waterford | DataSource=RIA Manuscripts 12M16 | QC software=dataresqc v1.1.1"
Durham,Durham,WRDv2-2_Durham_18430723-19481231_p_subdaily.tsv,DURHAM_OBSERVATORY,DURHAM OBSERVATORY,54.768,-1.586,102,"Burt, S. D. (2023). A twice‐daily barometric pressure record from Durham Observatory in north‐east England, 1843–1960.",https://doi.org/10.1002/gdj3.135,p,point,hPa,1843-7-23,1948-12-31,PTC=Y
Durham,Durham,GHCNd_Durham_18800101-20171231_rr_daily.tsv,UKE00156852,DURHAM,54.7678,-1.5842,102,GHCN-D,,rr,sum,mm,1880-1-1,2017-12-31,
Eastbourne,Eastbourne,MIDAS_Eastbourne_18870701-19101231_p_subdaily.tsv,EASTBOURNE,EASTBOURNE,50.759,0.283,15.0,UKMO MIDAS,DOI 10.5281/zenodo.5940391,p,point,hPa,1887-7-1,1910-12-31,PTC=Y | PGC=?
Edinburgh,Edinburgh | Dùn Èideann | Eedinburra,WeaR_Edinburgh_17881101-17890228_ta_daily.tsv,Edinburgh,Edinburgh,55.95,-3.175,40,WeaR,DOI: 10.5194/cp-18-2545-2022,ta,mean,C,1788-11-1,1789-2-28,Observer=McFarland
Edinburgh,Edinburgh | Dùn Èideann | Eedinburra,WeaR_Edinburgh_17881101-17890228_p_daily.tsv,Edinburgh,Edinburgh,55.95,-3.175,40,WeaR,DOI: 10.5194/cp-18-2545-2022,p,mean,hPa,1788-11-1,1789-2-28,Observer=McFarland | PGC=Y | PTC=N/Unknown
Eidsberg,Eidsberg,PALAEO-RA_Eidsberg_17870101-17871231_dd_subdaily_qc.tsv,Palatine-Society_Eidsberg,Eidsberg,59.54,11.36,70,PALAEO-RA,,dd,point,degree,1787-1-1,1787-12-31,Observer=Wilse | QC software=dataresqc v1.1.1
Eidsberg,Eidsberg,PALAEO-RA_Eidsberg_17870101-17871225_w_subdaily.tsv,Palatine-Society_Eidsberg,Eidsberg,59.54,11.36,70,PALAEO-RA,,w,point,0-4,1787-1-1,1787-12-25,Observer=Wilse
Eidsberg,Eidsberg,PALAEO-RA_Eidsberg_17870101-17871231_ta_daily_qc.tsv,Palatine-Society_Eidsberg,Eidsberg,59.54,11.36,70,PALAEO-RA,,ta,mean,C,1787-1-1,1787-12-31,Observer=Wilse | Instrument=Palatine Society | QC software=dataresqc v1.1.1
Eidsberg,Eidsberg,PALAEO-RA_Eidsberg_17870101-17871231_p_daily_qc.tsv,Palatine-Society_Eidsberg,Eidsberg,59.54,11.36,70,PALAEO-RA,,p,mean,hPa,1787-1-1,1787-12-31,Observer=Wilse | PGC=Y | PTC=N | Instrument=Palatine Society | QC software=dataresqc v1.1.1
Einsiedeln,Einsiedeln,CHIMES_Einsiedeln_18570701-18571231_Tn_daily_qc.tsv,SZ01_Einsiedeln,Einsiedeln,47.12671,8.75194,906,CHIMES,https://doi.org/10.5194/cp-15-1345-2019,Tn,min,C,1857-7-1,1857-12-31,"Observer=Pius Regli, Raphael Kuhn | QC software=dataresqc v1.1.1"
Einsiedeln,Einsiedeln,CHIMES_Einsiedeln_18570701-18571231_Tx_daily_qc.tsv,SZ01_Einsiedeln,Einsiedeln,47.12671,8.75194,906,CHIMES,https://doi.org/10.5194/cp-15-1345-2019,Tx,max,C,1857-7-1,1857-12-31,"Observer=Pius Regli, Raphael Kuhn | QC software=dataresqc v1.1.1"
Einsiedeln,Einsiedeln,CHIMES_Einsiedeln_18181217-18641231_ta_subdaily_qc.tsv,SZ01_Einsiedeln,Einsiedeln,47.12671,8.75194,906,CHIMES,https://doi.org/10.5194/cp-15-1345-2019,ta,point,C,1818-12-17,1864-12-31,"Observer=Bernhard Foresti,Pius Regli, Raphael Kuhn | QC software=dataresqc v1.0.3"
Einsiedeln,Einsiedeln,CHIMES_Einsiedeln_18640101-18641231_rr_subdaily_qc.tsv,SZ01_Einsiedeln,Einsiedeln,47.12671,8.75194,906,CHIMES,https://doi.org/10.5194/cp-15-1345-2019,rr,sum,mm,1864-1-1,1864-12-31,"Observer=Pius Regli, Raphael Kuhn | QC software=dataresqc v1.1.1"
Einsiedeln,Einsiedeln,CHIMES_Einsiedeln_18400101-18641231_p_subdaily_qc.tsv,SZ01_Einsiedeln,Einsiedeln,47.12671,8.75194,906,CHIMES,https://doi.org/10.5194/cp-15-1345-2019,p,point,hPa,1840-1-1,1864-12-31,"Observer=Bernhard Foresti,Pius Regli, Raphael Kuhn | PTC=N | PGC=Y | QC software=dataresqc v1.1.1"
ElBayadh,Gériville | El Bayadh | al-Bayaḍ | Lbayeḍ,MEDARE_Geryville-El-Bayadh_18880101-19381227_rr_daily.tsv,60550,Geryville_El-Bayadh,33.68,1.0,1320,Medare,https://www.idare-portal.org/data/medare,rr,sum,mm,1888-1-1,1938-12-27,
ElKala,El Kala | La Calle,UERRA_ElKala_18770408-19221231_ta_subdaily_qc.tsv,ALG0060367,ElKala,36.9,8.44,10,UERRA_Ashcroft,doi.org/10.5194/essd-10-1613-2018-supplement,ta,point,C,1877-4-8,1922-12-31,QC software=dataresqc v1.1.1
ElKala,El Kala | La Calle,MEDARE_ElKala_18770408-19381230_p_daily.tsv,60367,La_Calle_El_Kala,36.9,8.44,10,Medare,https://www.idare-portal.org/data/medare,p,mean,hPa,1877-4-8,1938-12-30,PGC=N | PTC=N | Orig.res=subdaily | Diurnal cycle=N
Ellikon,Ellikon an der Thur | Ellikon | Ellinkon,CHIMES_Ellikon_18310101-18400630_ta_subdaily_qc.tsv,ZH02_Ellikon,Ellikon an der Thur,47.56213,8.82532,407,CHIMES,https://doi.org/10.5194/cp-15-1345-2019,ta,point,C,1831-1-1,1840-6-30,Observer=Hans Kaspar Egg | QC software=dataresqc v1.1.1
Embrun,Embrun,GHCNd_Embrun_18770101-20190831_rr_daily.tsv,FRE00104112,EMBRUN,44.5656,6.5019,871,GHCN-D,,rr,sum,mm,1877-1-1,2019-8-31,
Erfurt,Erfurt,PALAEO-RA_Erfurt_17880101-17881231_ta_daily_qc.tsv,Palatine-Society_Erfurt,Erfurt,50.983333,11.033333,202,PALAEO-RA,,ta,mean,C,1788-1-1,1788-12-31,Observer=Planer | QC software=dataresqc v1.1.1
Erfurt,Erfurt,PALAEO-RA_Erfurt_17810101-17861231_p_subdaily_qc.tsv,Palatine-Society_Erfurt,Erfurt,50.983333,11.033333,202,PALAEO-RA,,p,point,hPa,1781-1-1,1786-12-31,Observer=Planer | PGC=Y | PTC=Y | Instrument=Palatine Society | QC software=dataresqc v1.1.0
Erfurt,Erfurt,PALAEO-RA_Erfurt_17810101-17881231_w_subdaily.tsv,Palatine-Society_Erfurt,Erfurt,50.983333,11.033333,202,PALAEO-RA,,w,point,0-4,1781-1-1,1788-12-31,Observer=Planer
Erfurt,Erfurt,PALAEO-RA_Erfurt_17810101-17881231_dd_subdaily_qc.tsv,Palatine-Society_Erfurt,Erfurt,50.983333,11.033333,202,PALAEO-RA,,dd,point,degree,1781-1-1,1788-12-31,Observer=Planer | QC software=dataresqc v1.1.1
Erfurt,Erfurt,PALAEO-RA_Erfurt_17810101-17861231_ta_subdaily_qc.tsv,Palatine-Society_Erfurt,Erfurt,50.983333,11.033333,202,PALAEO-RA,,ta,point,C,1781-1-1,1786-12-31,Observer=Planer | Instrument=Palatine Society | QC software=dataresqc v1.1.0
Erfurt,Erfurt,PALAEO-RA_Erfurt_17880101-17881231_p_daily_qc.tsv,Palatine-Society_Erfurt,Erfurt,50.983333,11.033333,202,PALAEO-RA,,p,mean,hPa,1788-1-1,1788-12-31,Observer=Planer | PGC=Y | PTC=Y | Instrument=Palatine Society | QC software=dataresqc v1.1.1
Essaouira,Essaouira | aṣ-Ṣawīra | Mogador | Mūghādūr | Mūgādūr,EMULATE_Essaouira_18731001-18791231_p_subdaily.tsv,MOGADOR,MOGADOR,31.51,-9.76,50,EMULATE,DOI 10.5281/zenodo.5940391,p,point,hPa,1873-10-1,1879-12-31,"Alias=Mogador, Essaouira"
Faerder-Fyr,Faerder Fyr | Færder Lighthouse | Færder fyr,GHCNd_Faerder-Fyr_19000101-20051231_rr_daily.tsv,NOE00105472,FAERDER FYR,59.0267,10.53,6,GHCN-D,,rr,sum,mm,1900-1-1,2005-12-31,
Falmouth,Falmouth | Aberfal | Aberfala | Peny-cwm-cuic,WRDv2-2_Falmouth_18740101-18861231_p_subdaily.tsv,FALMOUTH,Falmouth,50.15,-5.0667,64,C3S-DRS,https://github.com/ed-hawkins/weather-rescue-data/tree/master/hourly_uk,p,point,hPa,1874-1-1,1886-12-31,"Transcription project led by Lisa Alexander, converted by Jiahao Gu and Ed Hawkins"
Falun,Falun,GHCNd_Falun_18600101-20190630_rr_daily.tsv,SW000010537,FALUN,60.6167,15.6167,160,GHCN-D,,rr,sum,mm,1860-1-1,2019-6-30,
Falun,Falun,ECAD_Falun_18600101-20241231_ta_daily_qc.tsv,TG_SOUID_136437,Falun,60.616667,15.616667,160,ECA&D,knmi-ecad-assets-prd.s3.amazonaws.com/download/ECA_nonblend_tg.zip,ta,mean,C,1860-1-1,2024-12-31,"Mean temperature calculated as weighted average of TN, TX and observations at 06, 12 and 18 UT (5 values) | QC software=dataresqc v1.1.1"
Fano,Fano Fanø | Nordby Hovegaden | Nordby,CRU_Fano-Nordby_18740101-20021231_p_daily_qc.tsv,WMO-6080,Nordby,55.43,8.4,29,CRU,https://sites.uea.ac.uk/cru/,p,mean,hPa,1874-1-1,2002-12-31,PGC=N | PTC=N
Fano,Fano Fanø | Nordby Hovegaden | Nordby,WRDv2-2_Fano_18720115-18750331_ta_barometer_subdaily.tsv,DWRUK_FANO,Fano,55.441365,8.398862,5,DWR_UKMO,DOI 10.5281/zenodo.5940391,ta,point,C,1872-1-15,1875-3-31,Alias=Nordby Hovegaden 101
Fano,Fano Fanø | Nordby Hovegaden | Nordby,WRDv2-2_Fano_18720115-18750331_ta_subdaily.tsv,DWRUK_FANO,Fano,55.441365,8.398862,5,DWR_UKMO,DOI 10.5281/zenodo.5940391,ta,point,C,1872-1-15,1875-3-31,Alias=Nordby Hovegaden 101
Fano,Fano Fanø | Nordby Hovegaden | Nordby,GHCNd_Nordby-Fano_18740101-20181231_rr_daily.tsv,DA000025140,NORDBY (FANO),55.45,8.4,4,GHCN-D,,rr,sum,mm,1874-1-1,2018-12-31,
Fano,Fano Fanø | Nordby Hovegaden | Nordby,WRDv2-2_Fano_18720115-18750331_p_subdaily.tsv,DWRUK_FANO,Fano,55.441365,8.398862,5,DWR_UKMO,DOI 10.5281/zenodo.5940391,p,point,hPa,1872-1-15,1875-3-31,PTC=? | PGC=? | Alias=Nordby Hovegaden 101
Feodosia,Feodosia | Feodosiia | Teodosiia | Feodosiya,GHCNd_Feodosiia_18810101-20051231_rr_daily.tsv,UPM00033976,FEODOSIIA,45.0331,35.3831,22,GHCN-D,,rr,sum,mm,1881-1-1,2005-12-31,
Fergana,Fergana | Fargʻona,GHCNd_Fergana_18810401-20061231_rr_daily.tsv,UZM00038618,FERGANA,40.3667,71.75,577,GHCN-D,,rr,sum,mm,1881-4-1,2006-12-31,
Ferrara,Ferrara | Fràra | Frara,GHCNd_Ferrara_18790101-20071231_rr_daily.tsv,ITE00100551,FERRARA,44.8325,11.6208,15,GHCN-D,,rr,sum,mm,1879-1-1,2007-12-31,
Fichtelberg,Fichtelberg,ECAD_Fichtelberg_18900801-20241231_ta_daily_qc.tsv,TG_SOUID_102350,Fichtelberg,50.429167,12.955278,1213,ECA&D,knmi-ecad-assets-prd.s3.amazonaws.com/download/ECA_nonblend_tg.zip,ta,mean,C,1890-8-1,2024-12-31,Mean temperature 0-0 UT | QC software=dataresqc v1.1.1
Florence,Florence | Firenze,Camuffo_Florence_17510101-17661231_ta_daily_qc.tsv,Camuffo_Florence,Florence,43.776,11.259,50,Camuffo,https://doi.org/10.1007/s10584-020-02760-z,ta,mean,C,1751-1-1,1766-12-31,Observer=Grifoni | homogenized=Y | QC software=dataresqc v1.1.0
Florence,Florence | Firenze,PALAEO-RA_Florence_17850105-17881230_ta_subdaily_qc.tsv,Europe_Florence,Florence,43.8,11.2,50,PALAEO-RA,,ta,point,C,1785-1-5,1788-12-30,QC software=dataresqc v1.1.1
Florence,Florence | Firenze,PALAEO-RA_Florence_17850101-17881226_p_subdaily_qc.tsv,Europe_Florence,Florence,43.8,11.2,50,PALAEO-RA,,p,point,hPa,1785-1-1,1788-12-26,PTC=N | PGC=Y | QC software=dataresqc v1.1.1
Fontaines,Fontaines | Fontanes,CHIMES_Fontaines_18430501-18620930_p_subdaily_qc.tsv,NE02_Fontaines,Fontaines,47.04398,6.90086,767,CHIMES,https://doi.org/10.5194/cp-15-1345-2019,p,point,hPa,1843-5-1,1862-9-30,Observer=Bernard de Gélieu | PTC=Y | PGC=Y | QC software=dataresqc v1.0.3
Fontaines,Fontaines | Fontanes,CHIMES_Fontaines_18430501-18620930_ta_subdaily_qc.tsv,NE02_Fontaines,Fontaines,47.04398,6.90086,767,CHIMES,https://doi.org/10.5194/cp-15-1345-2019,ta,point,C,1843-5-1,1862-9-30,Observer=Bernard de Gélieu | QC software=dataresqc v1.0.3
FortNational,Fort National | Larbaâ Nath Irathen | Larebɛa n at Yiraten,MEDARE_Fort-National_18870101-19381230_p_daily.tsv,60395-1,Fort_National,36.63,4.2,942,Medare,https://www.idare-portal.org/data/medare,p,mean,hPa,1887-1-1,1938-12-30,PGC=N | PTC=N | Orig.res=subdaily | Diurnal cycle=N
FortNational,Fort National | Larbaâ Nath Irathen | Larebɛa n at Yiraten,GHCNd_Fort-National_18790301-19381228_rr_daily.tsv,AGE00147709,FORT NATIONAL,36.63,4.2,942,GHCN-D,,rr,sum,mm,1879-3-1,1938-12-28,
FortNational,Fort National | Larbaâ Nath Irathen | Larebɛa n at Yiraten,MEDARE_Fort-National_18840101-19381228_rr_daily.tsv,60395-1,Fort_National,36.63,4.2,942,Medare,https://www.idare-portal.org/data/medare,rr,sum,mm,1884-1-1,1938-12-28,Orig.res=subdaily
Frankfurt,Frankfurt | Frankfurt am Main | Frangford | Frangford am Maa,GHCNd_Frankfurt-Main-Feldbergstr_18700101-19611129_rr_daily.tsv,GME00122374,FRANKFURT/MAIN (FELDBERGSTR.),50.1225,8.6608,109,GHCN-D,,rr,sum,mm,1870-1-1,1961-11-29,
Frankfurt,Frankfurt | Frankfurt am Main | Frangford | Frangford am Maa,PALAEO-RA_Frankfurt_17490101-17551231_ta_subdaily_qc.tsv,Frankfurt,Frankfurt,50.1118,8.68131,107,PALAEO-RA,,ta,point,C,1749-1-1,1755-12-31,Observer=Peter Pasquay | orig.units=Fahrenheit (assumed) | coords=approximate | QC software=dataresqc v1.1.1
Frankfurt,Frankfurt | Frankfurt am Main | Frangford | Frangford am Maa,PALAEO-RA_Frankfurt_17490101-17551231_p_subdaily_qc.tsv,Frankfurt,Frankfurt,50.1118,8.68131,107,PALAEO-RA,,p,point,hPa,1749-1-1,1755-12-31,Observer=Peter Pasquay | orig.units=Paris inch + 4 inch offset (assumed) | coords=approximate | PTC=Y | PGC=Y | QC software=dataresqc v1.1.1
Frankfurt,Frankfurt | Frankfurt am Main | Frangford | Frangford am Maa,PALAEO-RA_Frankfurt_17490101-17551110_dd_subdaily_qc.tsv,Frankfurt,Frankfurt,50.1118,8.68131,107,PALAEO-RA,,dd,point,degree,1749-1-1,1755-11-10,Observer=Peter Pasquay | coords=approximate | QC software=dataresqc v1.1.1
Fribourg,Fribourg | Freiburg,CHIMES_Fribourg_18291001-18311018_p_bis_subdaily_qc.tsv,FR01_Fribourg,Fribourg,46.807,7.158,627,CHIMES,https://doi.org/10.5194/cp-15-1345-2019,p,point,hPa,1829-10-1,1831-10-18,Observer=Jean Baptiste Wiere | PTC=Y | PGC=Y | QC software=dataresqc v1.0.3
Fribourg,Fribourg | Freiburg,CHIMES_Fribourg_18290101-18470929_p_subdaily_qc.tsv,FR01_Fribourg,Fribourg,46.807,7.158,627,CHIMES,https://doi.org/10.5194/cp-15-1345-2019,p,point,hPa,1829-1-1,1847-9-29,Observer=Jean Baptiste Wiere | PTC=Y | PGC=Y | QC software=dataresqc v1.0.3
Fribourg,Fribourg | Freiburg,CHIMES_Fribourg_18290101-18470930_rr_subdaily_qc.tsv,FR01_Fribourg,Fribourg,46.807,7.158,627,CHIMES,https://doi.org/10.5194/cp-15-1345-2019,rr,sum,mm,1829-1-1,1847-9-30,Observer=Jean Baptiste Wiere | QC software=dataresqc v1.1.1
Fribourg,Fribourg | Freiburg,CHIMES_Fribourg_18290101-18470929_Tn_daily_qc.tsv,FR01_Fribourg,Fribourg,46.807,7.158,627,CHIMES,https://doi.org/10.5194/cp-15-1345-2019,Tn,min,C,1829-1-1,1847-9-29,Observer=Jean Baptiste Wiere | QC software=dataresqc v1.0.3
Fribourg,Fribourg | Freiburg,CHIMES_Fribourg_18290101-18470929_Tx_daily_qc.tsv,FR01_Fribourg,Fribourg,46.807,7.158,627,CHIMES,https://doi.org/10.5194/cp-15-1345-2019,Tx,max,C,1829-1-1,1847-9-29,Observer=Jean Baptiste Wiere | QC software=dataresqc v1.0.3
Fribourg,Fribourg | Freiburg,CHIMES_Fribourg_18290101-18360930_ta_subdaily_qc.tsv,FR01_Fribourg,Fribourg,46.807,7.158,627,CHIMES,https://doi.org/10.5194/cp-15-1345-2019,ta,point,C,1829-1-1,1836-9-30,Observer=Jean Baptiste Wiere | QC software=dataresqc v1.0.3
Funchal,Funchal  City of Funchal | Cidade do Funchal,EMULATE_Funchal_18710601-18811231_p_subdaily.tsv,FUNCHAL,FUNCHAL,32.67,-16.92,58,EMULATE,DOI 10.5281/zenodo.5940391,p,point,hPa,1871-6-1,1881-12-31,
Gabes,Gabes | Gābis | Cabès | Cabes | Kabes,MEDARE_Gabes_18870101-19570531_rr_daily.tsv,60765,Gabes,33.89,10.11,4,Medare,https://www.idare-portal.org/data/medare,rr,sum,mm,1887-1-1,1957-5-31,
Gais,Gais,CHIMES_Gais_18610101-18640228_Tn_daily_qc.tsv,AR02_Gais,Gais,47.363,9.454,920,CHIMES,https://doi.org/10.5194/cp-15-1345-2019,Tn,min,C,1861-1-1,1864-2-28,Observer=Jac. Kern | QC software=dataresqc v1.1.1
Gais,Gais,CHIMES_Gais_18610213-18650131_ta_subdaily_qc.tsv,AR02_Gais,Gais,47.363,9.454,920,CHIMES,https://doi.org/10.5194/cp-15-1345-2019,ta,point,C,1861-2-13,1865-1-31,Observer=Jac. Kern | QC software=dataresqc v1.1.1
Gais,Gais,CHIMES_Gais_18610101-18640228_Tx_daily_qc.tsv,AR02_Gais,Gais,47.363,9.454,920,CHIMES,https://doi.org/10.5194/cp-15-1345-2019,Tx,max,C,1861-1-1,1864-2-28,Observer=Jac. Kern | QC software=dataresqc v1.1.1
Gallivare,Gallivare | Gällivare | Jällivaara | Jiellevárri | Váhčir | Jiellevárre | Váhtjer | Jellivaara),ECAD_Gallivare_18881101-20241231_ta_daily_qc.tsv,TG_SOUID_137361,Gallivare,67.14,20.65,359,ECA&D,knmi-ecad-assets-prd.s3.amazonaws.com/download/ECA_nonblend_tg.zip,ta,mean,C,1888-11-1,2024-12-31,"Mean temperature calculated as weighted average of TN, TX and observations at 06, 12 and 18 UT (5 values) | QC software=dataresqc v1.1.1"
Galway,Galway | Gaillimh,GHCNd_Galway_18610201-20021231_rr_daily_qc.tsv,EIE00101859,GALWAY,53.28,-9.02,8,GHCN-D,,rr,sum,mm,1861-2-1,2002-12-31,QC software=dataresqc v1.1.1
Galway,Galway | Gaillimh,WRDv2-2_Galway_18610301-18641223_ta_subdaily.tsv,DWRUK_GALWAY,Galway,53.27866,-9.06126,36,DWR_UKMO,DOI 10.5281/zenodo.5940391,ta,point,C,1861-3-1,1864-12-23,Alias=Queen's College
Galway,Galway | Gaillimh,ILMMT_Galway_18501001-19681231_Tn_daily_qc.tsv,ILMMT-Galway,Galway,53.279,-9.06,5,"Mateus, C., Potito, A., & Curley, M. (2020). Reconstruction of a long‐term historical daily maximum and minimum air temperature network dataset for Ireland (1831‐1968). Geoscience Data Journal, 7(2), 102-115.",https://www.edepositireland.ie/entities/publication/7271837d-dbe6-463f-b103-422f42a15446,Tn,minimum,C,1850-10-1,1968-12-31,Observer=Professors of Natural Philosophy (1861-1920) | Instrument=Max/Min thermometers | Location=Queen's College Galway (NUI Galway) | QC software=dataresqc v1.1.1
Galway,Galway | Gaillimh,ILMMT_Galway_18501001-19681231_Tx_daily_qc.tsv,ILMMT-Galway,Galway,53.279,-9.06,5,"Mateus, C., Potito, A., & Curley, M. (2020). Reconstruction of a long‐term historical daily maximum and minimum air temperature network dataset for Ireland (1831‐1968). Geoscience Data Journal, 7(2), 102-115.",https://www.edepositireland.ie/entities/publication/7271837d-dbe6-463f-b103-422f42a15446,Tx,maximum,C,1850-10-1,1968-12-31,Observer=Professors of Natural Philosophy (1861-1920) | Instrument=Max/Min thermometers | Location=Queen's College Galway (NUI Galway) | QC software=dataresqc v1.1.1
Galway,Galway | Gaillimh,EMULATE_Galway_18610101-18641223_p_subdaily.tsv,GALWAY,GALWAY,53.27,-9.06,36,EMULATE,DOI 10.5281/zenodo.5940391,p,point,hPa,1861-1-1,1864-12-23,
Galway,Galway | Gaillimh,WRDv2-2_Galway_18610301-18641223_p_subdaily.tsv,DWRUK_GALWAY,Galway,53.27866,-9.06126,36,DWR_UKMO,DOI 10.5281/zenodo.5940391,p,point,hPa,1861-3-1,1864-12-23,PTC=Y | PGC=N | Alias=Queen's College
Galway,Galway | Gaillimh,WRDv2-2_Galway_18610301-18631231_ta_barometer_subdaily.tsv,DWRUK_GALWAY,Galway,53.28,-9.06,36,DWR_UKMO,DOI 10.5281/zenodo.5940391,ta,point,C,1861-3-1,1863-12-31,Alias=Queen's College
Galway,Galway | Gaillimh,WRDv2-2_Galway_18620731-18641223_rr_daily_qc.tsv,DWRUK_GALWAY,Galway,53.27866,-9.06126,36,DWR_UKMO,DOI 10.5281/zenodo.5940391,rr,sum,mm,1862-7-31,1864-12-23,Alias=Queen's College | QC software=dataresqc v1.1.1
Ganja,Ganja | Gəncə,GHCNd_Ganca_18820101-20181231_rr_daily.tsv,AJ000037735,GANCA,40.7167,46.4167,311,GHCN-D,,rr,sum,mm,1882-1-1,2018-12-31,
Gdansk,Gdansk | Gdánsk | Gdúnsk | Danzig,PALAEO-RA_Gdansk_Lenke_17090101-17090422_ta_daily.tsv,Lenke-Gdansk,Danzig,43.2965,5.36978,44,"Untersuchung der ältesten Temperaturmessungen mit Hilfe des strengen Winters 1708-1709, Walter Lenke",,ta,point,C,1709-1-1,1709-4-22,coords=approx
Gdansk,Gdansk | Gdánsk | Gdúnsk | Danzig,Przybylak_Gdansk_18070101-18071231_p_daily_qc.tsv,Gdansk,Gdansk 'Excel sheet by Rajmund Przybylak,54.35,18.53,8,RAJMUND Przybylak,,p,point,hPa,1807-1-1,1807-12-31,"ps: no info about daily mean or noon, exact location, or time | QC software=dataresqc v1.1.1"
Gdansk,Gdansk | Gdánsk | Gdúnsk | Danzig,Przybylak_Gdansk_18070101-18071231_ta_daily_qc.tsv,Gdansk,Gdansk 'Excel sheet by Rajmund Przybylak,54.35,18.53,8,RAJMUND Przybylak,,ta,point,C,1807-1-1,1807-12-31,"ps: no info about daily mean or noon, exact location, or time | QC software=dataresqc v1.1.1"
Geisenheim,Geisenheim,GHCNd_Geisenheim_18840701-20190730_rr_daily.tsv,GME00122698,GEISENHEIM,49.985,7.9544,110,GHCN-D,,rr,sum,mm,1884-7-1,2019-7-30,
Geisenheim,Geisenheim,ECAD_Geisenheim_18840701-20241231_ta_daily_qc.tsv,TG_SOUID_122700,Geisenheim,49.985,7.954444,110,ECA&D,knmi-ecad-assets-prd.s3.amazonaws.com/download/ECA_nonblend_tg.zip,ta,mean,C,1884-7-1,2024-12-31,Mean temperature 0-0 UT | QC software=dataresqc v1.1.1
Geneva,Geneva | Genève | Genf | Ginebra,GCOS_Geneva_JdG_17870726-17910727_p_subdaily_qc.tsv,Geneva_JdG,Geneva,46.19974,6.15148,399,GCOS,https://doi.pangaea.de/10.1594/PANGAEA.948258,p,point,hPa,1787-7-26,1791-7-27,PGC=Y | PTC=Y | QC software=dataresqc v1.1.0
Geneva,Geneva | Genève | Genf | Ginebra,GCOS_Geneva_Deluc_17670110-18010101_p_subdaily_qc.tsv,Geneva_Deluc,Geneva,46.20284,6.14439,386,GCOS,https://doi.pangaea.de/10.1594/PANGAEA.948258,p,point,hPa,1767-1-10,1801-1-1,Observer=Deluc | PGC=Y | PTC=N | QC software=dataresqc v1.1.1
Geneva,Geneva | Genève | Genf | Ginebra,CHIMES_Geneva_17820101-17891231_ta_subdaily_qc.tsv,GE01_Geneve_Senebier,Geneva,46.19861,6.14527,380,CHIMES,https://doi.org/10.5194/cp-15-1345-2019,ta,point,C,1782-1-1,1789-12-31,Observer=Jean Senebier | QC software=dataresqc v0.1.2 | QC software=dataresqc v1.1.0
Geneva,Geneva | Genève | Genf | Ginebra,GCOS_Geneva_Mallet_17860306-17860519_ta_subdaily_qc.tsv,Geneva_Mallet,Geneva,46.20151,6.14838,389,GCOS,https://doi.pangaea.de/10.1594/PANGAEA.948258,ta,point,C,1786-3-6,1786-5-19,Observer=Mallet | Address=Maison Mallet | QC software=dataresqc v1.1.1
Geneva,Geneva | Genève | Genf | Ginebra,GCOS_Geneva_Deluc_17670110-18001231_ta_subdaily_qc.tsv,Geneva_Deluc,Geneva,46.20284,6.14439,386,GCOS,https://doi.pangaea.de/10.1594/PANGAEA.948258,ta,point,C,1767-1-10,1800-12-31,Observer=Deluc | QC software=dataresqc v1.1.1
Geneva,Geneva | Genève | Genf | Ginebra,DigiHom_Geneva_17981201-18601130_ta_subdaily_qc.tsv,Genf,Genf,46.202,6.147,375,DigiHom,"Journal de Geneve, M. Paul: Impr. Bonnant, 1787-1794 | ""Bibliotheque britannique"", Marc August Pictet (1798-1815) | ""Bibliotheque universelle des sciences, belles-lettres, et arts"" (1816-..)",ta,point,C,1798-12-1,1860-11-30,Location=Genthod (Jan.17960101-Nov.1798); Jardin Botanique de Geneve (Dec.1798-Dec.1821); Nouveau Jardin Botanique de Geneve (Jan.1822-Dec.1825); Pont des Tranchees (Jan.1826-Dec.1835); Observatoire de Geneve (Jan.1836-1863) | QC software=dataresqc v1.1.1
Geneva,Geneva | Genève | Genf | Ginebra,GCOS_Geneva_Lubieres_17600501-17690930_ta_summer_subdaily_qc.tsv,Geneva_Lubieres,Geneva,46.221,6.122,445,GCOS,https://doi.pangaea.de/10.1594/PANGAEA.948258,ta,point,C,1760-5-1,1769-9-30,Observer=Lubières | Address=Petit-Saconnex | QC software=dataresqc v1.1.0
Geneva,Geneva | Genève | Genf | Ginebra,GCOS_Geneva_Mallet_17860306-17860518_p_subdaily_qc.tsv,Geneva_Mallet,Geneva,46.20151,6.14838,389,GCOS,https://doi.pangaea.de/10.1594/PANGAEA.948258,p,point,hPa,1786-3-6,1786-5-18,Observer=Mallet | Address=Maison Mallet | PGC=Y | PTC=Y | QC software=dataresqc v1.1.1
Geneva,Geneva | Genève | Genf | Ginebra,CHIMES_Geneva_17880101-17881231_p_daily_qc.tsv,GE01_Geneve_Senebier,Geneva,46.19861,6.14527,380,CHIMES,https://doi.org/10.5194/cp-15-1345-2019,p,mean,hPa,1788-1-1,1788-12-31,Observer=Jean Senebier | PTC=N | PGC=Y | QC software=dataresqc v1.1.1
Geneva,Geneva | Genève | Genf | Ginebra,CHIMES_Geneva_17820101-17891231_p_subdaily_qc.tsv,GE01_Geneve_Senebier,Geneva,46.19861,6.14527,380,CHIMES,https://doi.org/10.5194/cp-15-1345-2019,p,point,hPa,1782-1-1,1789-12-31,Observer=Jean Senebier | PTC=Y | PGC=Y | QC software=dataresqc v0.1.2 | QC software=dataresqc v1.1.0
Geneva,Geneva | Genève | Genf | Ginebra,GCOS_Geneva_JdG_17870726-17910727_ta_subdaily_qc.tsv,Geneva_JdG,Geneva,46.19974,6.15148,399,GCOS,https://doi.pangaea.de/10.1594/PANGAEA.948258,ta,point,C,1787-7-26,1791-7-27,QC software=dataresqc v1.1.0
Geneva,Geneva | Genève | Genf | Ginebra,GCOS_Geneva_Lubieres_17600101-17691231_ta_winter_subdaily_qc.tsv,Geneva_Lubieres,Geneva,46.19861,6.14833,445,GCOS,https://doi.pangaea.de/10.1594/PANGAEA.948258,ta,point,C,1760-1-1,1769-12-31,Observer=Lubières | Address=Unknown | QC software=dataresqc v1.1.1
Geneva,Geneva | Genève | Genf | Ginebra,CHIMES_Geneva_17820101-17891231_rr_subdaily.tsv,GE01_Geneve_Senebier,Geneva,46.19861,6.14527,380,CHIMES,https://doi.org/10.5194/cp-15-1345-2019,rr,sum,mm,1782-1-1,1789-12-31,Observer=Jean Senebier
Geneva,Geneva | Genève | Genf | Ginebra,CHIMES_Geneva_17880101-17881231_ta_daily_qc.tsv,GE01_Geneve_Senebier,Geneva,46.19861,6.14527,380,CHIMES,https://doi.org/10.5194/cp-15-1345-2019,ta,mean,C,1788-1-1,1788-12-31,Observer=Jean Senebier | QC software=dataresqc v1.1.1
Geneva,Geneva | Genève | Genf | Ginebra,GCOS_Geneva_Mallet_17860301-17860519_rr_daily_qc.tsv,Geneva_Mallet,Geneva,46.20151,6.14838,389,GCOS,https://doi.pangaea.de/10.1594/PANGAEA.948258,rr,sum,mm,1786-3-1,1786-5-19,Observer=Mallet | Address=Maison Mallet | QC software=dataresqc v1.1.1
Geneva,Geneva | Genève | Genf | Ginebra,GCOS_Geneva_Lubieres_17600101-17691231_p_winter_subdaily_qc.tsv,Geneva_Lubieres,Geneva,46.19861,6.14833,445,GCOS,https://doi.pangaea.de/10.1594/PANGAEA.948258,p,point,hPa,1760-1-1,1769-12-31,Observer=Lubières | Address=Unknown | PGC=Y | PTC=N | QC software=dataresqc v1.1.1
Geneva,Geneva | Genève | Genf | Ginebra,GCOS_Geneva_Lubieres_17600501-17690930_p_summer_subdaily_qc.tsv,Geneva_Lubieres,Geneva,46.221,6.122,445,GCOS,https://doi.pangaea.de/10.1594/PANGAEA.948258,p,point,hPa,1760-5-1,1769-9-30,Observer=Lubières | Address=Petit-Saconnex | PGC=Y | PTC=N | QC software=dataresqc v1.1.1
Geneva,Geneva | Genève | Genf | Ginebra,CAP9WT_Geneva_17820101-20201231_p_daily.tsv,Geneva,Pfister_Geneva,46.248,6.128,410,"Pfister, L., Wilhelm, L., Brugnara, Y., Imfeld, N., & Brönnimann, S. (2024). Weather type reconstruction using machine learning approaches. EGUsphere, 2024, 1-33.",https://doi.org/10.5194/wcd-6-571-2025,p,mean,hPa,1782-1-1,2020-12-31,PTC=Y | PGC=N | merged from various observers/sources in Geneva | homogenized=Y | gap_filled=Y | QC=Y
Genoa,Genoa | Genova | Zêna | Genua,GHCNd_Genoa_18330101-20081231_rr_daily.tsv,ITE00100552,GENOA,44.4144,8.9264,55,GHCN-D,,rr,sum,mm,1833-1-1,2008-12-31,
Ghazaouet,Ghazaouet | Nemours | al-Ġazawāt,MEDARE_Nemours-Ghazaouet_18780101-19381229_rr_daily.tsv,60517,Nemours_Ghazaouet,35.1,-1.85,83,Medare,https://www.idare-portal.org/data/medare,rr,sum,mm,1878-1-1,1938-12-29,
Ghazaouet,Ghazaouet | Nemours | al-Ġazawāt,MEDARE_Ghazaouet_18870101-19381230_p_daily.tsv,60517,Nemours_Ghazaouet,35.1,-1.85,83,Medare,https://www.idare-portal.org/data/medare,p,mean,hPa,1887-1-1,1938-12-30,PGC=N | PTC=N | Orig.res=subdaily | Diurnal cycle=N
Girona,Girona,ECAD_Girona_18961101-19661231_ta_daily_qc.tsv,TG_SOUID_155333,GironaAnticInstitut,41.98,2.825278,95,ECA&D,knmi-ecad-assets-prd.s3.amazonaws.com/download/ECA_nonblend_tg.zip,ta,mean,C,1896-11-1,1966-12-31,Mean temperature calculated as average of TN and TX | QC software=dataresqc v1.1.1
Glasgow,Glasgow | Glesga | Glaschu | City of Glasgow,WRDv2-2_Glasgow_18740101-18831231_p_subdaily.tsv,GLASGOW,Glasgow,55.8833,-4.3,56,UK-HOURLY-BOOKS,https://github.com/ed-hawkins/weather-rescue-data/tree/master/hourly_uk,p,point,hPa,1874-1-1,1883-12-31,"Transcription project led by Lisa Alexander, converted by Jiahao Gu and Ed Hawkins"
Glendooen,Glen | County Donegal | An Gleann,ILMMT_Glendooen_18650901-18700131_Tn_daily_qc.tsv,ILMMT-Glendooen,Glendooen,54.95,-7.733,50,"Mateus, C., Potito, A., & Curley, M. (2020). Reconstruction of a long‐term historical daily maximum and minimum air temperature network dataset for Ireland (1831‐1968). Geoscience Data Journal, 7(2), 102-115.",https://www.edepositireland.ie/entities/publication/7271837d-dbe6-463f-b103-422f42a15446,Tn,minimum,C,1865-9-1,1870-1-31,Observer=Rev. H. Kingsmill | DataSource=Armagh Observatory MS M32 | QC software=dataresqc v1.1.1
Godegard,Godegard | Godegård,ECAD_Godegard_18780817-19880229_ta_daily_qc.tsv,TG_SOUID_135960,Godegard,58.79,15.17,135,ECA&D,knmi-ecad-assets-prd.s3.amazonaws.com/download/ECA_nonblend_tg.zip,ta,mean,C,1878-8-17,1988-2-29,"Mean temperature calculated as weighted average of TN, TX and observations at 06, 12 and 18 UT (5 values) | QC software=dataresqc v1.1.1"
Goettingen,Goettingen | Göttingen | Chöttingen,PALAEO-RA_Goettingen_17830101-17851231_rr_subdaily_qc.tsv,Palatine-Society_Goettingen,Göttingen,51.533333,9.933333,150,PALAEO-RA,,rr,sum,mm,1783-1-1,1785-12-31,Observer=Gatterer | orig.unit = lines (1/12 of Paris inch) | QC software=dataresqc v1.1.1
Goettingen,Goettingen | Göttingen | Chöttingen,PALAEO-RA_Goettingen_17830101-17871231_dd_subdaily_qc.tsv,Palatine-Society_Goettingen,Göttingen,51.533333,9.933333,150,PALAEO-RA,,dd,point,degree,1783-1-1,1787-12-31,Observer=Gatterer | QC software=dataresqc v1.1.1
Goettingen,Goettingen | Göttingen | Chöttingen,PALAEO-RA_Goettingen_17830101-17851231_p_subdaily_qc.tsv,Palatine-Society_Goettingen,Göttingen,51.533333,9.933333,150,PALAEO-RA,,p,point,hPa,1783-1-1,1785-12-31,Observer=Gatterer | PGC=Y | PTC=Y | Instrument=Palatine Society | QC software=dataresqc v1.1.0
Goettingen,Goettingen | Göttingen | Chöttingen,PALAEO-RA_Goettingen_17830101-17851231_ta_subdaily_qc.tsv,Palatine-Society_Goettingen,Göttingen,51.533333,9.933333,150,PALAEO-RA,,ta,point,C,1783-1-1,1785-12-31,Observer=Gatterer | Instrument=Palatine Society | QC software=dataresqc v1.1.0
Goettingen,Goettingen | Göttingen | Chöttingen,PALAEO-RA_Goettingen_17830101-17871231_w_subdaily.tsv,Palatine-Society_Goettingen,Göttingen,51.533333,9.933333,150,PALAEO-RA,,w,point,0-4,1783-1-1,1787-12-31,Observer=Gatterer
Goettingen,Goettingen | Göttingen | Chöttingen,PALAEO-RA_Goettingen_17830101-17851231_eee_subdaily.tsv,Palatine-Society_Goettingen,Göttingen,51.533333,9.933333,150,PALAEO-RA,,eee,sum,mm,1783-1-1,1785-12-31,Observer=Gatterer | orig.unit = lines (1/12 of Paris inch)
Gogland,Gogland | Hogland,GHCNd_Gogland_18810101-19941031_rr_daily.tsv,RSM00022907,GOGLAND,60.08,26.97,6,GHCN-D,,rr,sum,mm,1881-1-1,1994-10-31,
Gordon-Castle,Gordon Castle | Bog o’ Gight | Fochabers | Fothabair | Fachabair,WeaR_Gordon-Castle_17881101-17890228_ta_daily.tsv,Gordon-Castle,Gordon-Castle-Fochabers,57.62,-3.09,32,WeaR,DOI: 10.5194/cp-18-2545-2022,ta,mean,C,1788-11-1,1789-2-28,Observer=Hoy
Gorki,Gorki | Horki,GHCNd_Gorki_18810101-20090531_rr_daily.tsv,BOM00026774,GORKI,54.3,30.933,205,GHCN-D,,rr,sum,mm,1881-1-1,2009-5-31,
Gospic,Gospic | Grad Gospić | Gospić,ECAD_Gospic_18721006-20211231_ta_daily.tsv,TG_SOUID_105180,Gospic,44.55,15.366667,564,ECA&D,knmi-ecad-assets-prd.s3.amazonaws.com/download/ECA_nonblend_tg.zip,ta,mean,C,1872-10-6,2021-12-31,"Mean temperature calculated as average of 07, 14, 21, 21 CET | QC software=dataresqc v1.1.1"
Gospic,Gospic | Grad Gospić | Gospić,GHCNd_Gospic_18721001-20181231_rr_daily.tsv,HRE00105182,GOSPIC,44.55,15.3667,564,GHCN-D,,rr,sum,mm,1872-10-1,2018-12-31,
Gothenburg,Gothenburg | Goteborg | Göteborg,CRU_Goteborg_18600101-20021231_p_daily_qc.tsv,WMO-2526,Goteborg,55.7,11.98,155,CRU,https://sites.uea.ac.uk/cru/,p,mean,hPa,1860-1-1,2002-12-31,PGC=N | PTC=N
Gotthard,Gotthard | Gotthardpass | Passo del San Gottardo | St. Gotthard Pass,CHIMES_Gotthard_17290101-17921231_p_subdaily_qc.tsv,TI01_Gotthard,Gotthard Pass,46.55535,8.56791,2093,CHIMES,https://doi.org/10.5194/cp-15-1345-2019,p,point,hPa,1729-1-1,1792-12-31,"Observer=Joseph de Seissa,Pater Onuphrius, Pater Laurentius Mediolanensis, Jos. Belmas de Caladray | PTC=Y | PGC=Y | QC software=dataresqc v1.0.3"
Gotthard,Gotthard | Gotthardpass | Passo del San Gottardo | St. Gotthard Pass,CHIMES_Gotthard_17810601-17921231_ta_subdaily_qc.tsv,TI01_Gotthard,Gotthard Pass,46.55535,8.56791,2093,CHIMES,https://doi.org/10.5194/cp-15-1345-2019,ta,point,C,1781-6-1,1792-12-31,"Observer=Pater Onuphrius, Pater Laurentius Mediolanensis, Jos. Belmas de Caladray | QC software=dataresqc v1.1.1"
Gotthard,Gotthard | Gotthardpass | Passo del San Gottardo | St. Gotthard Pass,CHIMES_Gotthardpass_17810601-17891231_dd_subdaily_qc.tsv,TI01_Gotthard,Gotthardpass,46.55535,8.56791,2093,CHIMES,https://doi.org/10.5194/cp-15-1345-2019,dd,point,degree,1781-6-1,1789-12-31,"Observer=Pater Onuphrius, Pater Laurentius Mediolanensis, Jos. Belmas de Caladray | QC software=dataresqc v1.1.1"
Gottstatt,Gottstatt | Kloster Gottstatt,CHIMES_Gottstatt_18410101-18461201_p_subdaily_qc.tsv,BE09_Gottstatt,Gottstadt,47.13798,7.31339,436,CHIMES,https://doi.org/10.5194/cp-15-1345-2019,p,point,hPa,1841-1-1,1846-12-1,Observer=Rudolf Ludwig Fankhauser | PTC=N | PGC=Y | QC software=dataresqc v1.1.1
Gottstatt,Gottstatt | Kloster Gottstatt,CHIMES_Gottstatt_18410101-18470228_ta_subdaily_qc.tsv,BE09_Gottstatt,Gottstadt,47.13798,7.31339,436,CHIMES,https://doi.org/10.5194/cp-15-1345-2019,ta,point,C,1841-1-1,1847-2-28,Observer=Rudolf Ludwig Fankhauser | QC software=dataresqc v1.1.1
Granada,Granada,SanchezRodrigo_Granada_17960528-17970925_dd_noon_qc.tsv,Gr1796-1797,Granada,37.1667,-3.6,660,El Mensagero Económico y Erudito de Granada. Universidad de Granada FLA F-9-9-3 http://www.bibliotecavirtualdeandalucia.es,http://hdl.handle.net/10835/6248,dd,point,degree,1796-5-28,1797-9-25,Observer=Francisco Dalmau | QC software=dataresqc v1.1.1
Granada,Granada,SanchezRodrigo_Granada_18130108-18130226_ta_noon_qc.tsv,Gr1813,Granada,37.1667,-3.6,660,Diario de Granada: El Publicista. 1812-1813. Biblioteca de Andalucia http://www.bibliotecavirtualdeandalucia.es,http://hdl.handle.net/10835/6248,ta,point,C,1813-1-8,1813-2-26,QC software=dataresqc v1.1.1
Granada,Granada,SanchezRodrigo_Granada_17281211-17300222_ta_daily_qc.tsv,Gr1728-1730,Granada,37.166519,-3.600014,600,"Sánchez Rodrigo, Fernando. “The climate of Granada (southern Spain) during the first third of the 18th century (1706–1730) according to documentary sources.” Climate of the Past (2019).",http://hdl.handle.net/10835/6248,ta,point,C,1728-12-11,1730-2-22,Observer=Beintema van Peima | Instrument=florentine thermometer | QC software=dataresqc v1.1.1
Granada,Granada,SanchezRodrigo_Granada_17960528-17970925_p_noon_qc.tsv,Gr1796-1797,Granada,37.1667,-3.6,660,El Mensagero Económico y Erudito de Granada. Universidad de Granada FLA F-9-9-3 http://www.bibliotecavirtualdeandalucia.es,http://hdl.handle.net/10835/6248,p,point,hPa,1796-5-28,1797-9-25,Observer=Francisco Dalmau | PTC=Y | PGC=Y | QC software=dataresqc v1.1.1
Granada,Granada,SanchezRodrigo_Granada_18200630-18200730_dd_subdaily_qc.tsv,Gr1820,Granada,37.1667,-3.6,660,Diario Constitucional de Granada. 1820. Biblioteca de Andalucia http://www.bibliotecavirtualdeandalucia.es,http://hdl.handle.net/10835/6248,dd,point,degree,1820-6-30,1820-7-30,QC software=dataresqc v1.1.1
Granada,Granada,SanchezRodrigo_Granada_17960528-17970925_ta_noon_qc.tsv,Gr1796-1797,Granada,37.1667,-3.6,660,El Mensagero Económico y Erudito de Granada. Universidad de Granada FLA F-9-9-3 http://www.bibliotecavirtualdeandalucia.es,http://hdl.handle.net/10835/6248,ta,point,C,1796-5-28,1797-9-25,Observer=Francisco Dalmau | QC software=dataresqc v1.1.1
Granada,Granada,SanchezRodrigo_Granada_18200630-18200730_ta_subdaily_qc.tsv,Gr1820,Granada,37.1667,-3.6,660,Diario Constitucional de Granada. 1820. Biblioteca de Andalucia http://www.bibliotecavirtualdeandalucia.es,http://hdl.handle.net/10835/6248,ta,point,C,1820-6-30,1820-7-30,QC software=dataresqc v1.1.1
Granada,Granada,SanchezRodrigo_Granada_18200630-18200730_p_subdaily_qc.tsv,Gr1820,Granada,37.1667,-3.6,660,Diario Constitucional de Granada. 1820. Biblioteca de Andalucia http://www.bibliotecavirtualdeandalucia.es,http://hdl.handle.net/10835/6248,p,point,hPa,1820-6-30,1820-7-30,PTC=Y | PGC=Y | QC software=dataresqc v1.1.1
GrandStBernard,Gran St Bernard | Grosse St. Bernhard | Col du Grand Saint-Bernard | Colle del Gran San Bernardo | Mont-Joux | Mons Jovis | Grond Son Bernard,DigiHom_GrandStBernard_18620101-18631130_p_daily.tsv,GrandStBernard,Grand St. Bernard,45.869,7.17068,2491,DIGIHOM,,p,mean,hPa,1862-1-1,1863-11-30,PGC=Y | PTC=Y
GrandStBernard,Gran St Bernard | Grosse St. Bernhard | Col du Grand Saint-Bernard | Colle del Gran San Bernardo | Mont-Joux | Mons Jovis | Grond Son Bernard,GCOS_GrandStBernard_18170914-18251231_dd_subdaily_qc.tsv,GCOS_GrandStBernard,Grand St. Bernard,45.869,7.17068,2491,PALAEO-RA,https://doi.pangaea.de/10.1594/PANGAEA.948258,dd,point,degree,1817-9-14,1825-12-31,
GrandStBernard,Gran St Bernard | Grosse St. Bernhard | Col du Grand Saint-Bernard | Colle del Gran San Bernardo | Mont-Joux | Mons Jovis | Grond Son Bernard,GCOS_GrandStBernard_18170914-18611231_ta_subdaily_qc.tsv,GCOS_GrandStBernard,Grand St. Bernard,45.869,7.17068,2491,DIGIHOM; PALAEO-RA,https://doi.pangaea.de/10.1594/PANGAEA.948258,ta,point,C,1817-9-14,1861-12-31,QC software=dataresqc v1.1.0
GrandStBernard,Gran St Bernard | Grosse St. Bernhard | Col du Grand Saint-Bernard | Colle del Gran San Bernardo | Mont-Joux | Mons Jovis | Grond Son Bernard,DigiHom_GrandStBernard_18250213-18631130_Tn_daily_qc.tsv,GrandStBernard,Grand St. Bernard,45.869,7.17068,2491,DIGIHOM,,Tn,minimum,C,1825-2-13,1863-11-30,QC software=dataresqc v1.1.1
GrandStBernard,Gran St Bernard | Grosse St. Bernhard | Col du Grand Saint-Bernard | Colle del Gran San Bernardo | Mont-Joux | Mons Jovis | Grond Son Bernard,GCOS_GrandStBernard_18171003-18251230_w_subdaily_qc.tsv,GCOS_GrandStBernard,Grand St. Bernard,45.869,7.17068,2491,PALAEO-RA,https://doi.pangaea.de/10.1594/PANGAEA.948258,w,point,0-4,1817-10-3,1825-12-30,
GrandStBernard,Gran St Bernard | Grosse St. Bernhard | Col du Grand Saint-Bernard | Colle del Gran San Bernardo | Mont-Joux | Mons Jovis | Grond Son Bernard,DigiHom_GrandStBernard_18620101-18631130_ta_daily.tsv,GrandStBernard,Grand St. Bernard,45.869,7.17068,2491,DIGIHOM,,ta,mean,C,1862-1-1,1863-11-30,
GrandStBernard,Gran St Bernard | Grosse St. Bernhard | Col du Grand Saint-Bernard | Colle del Gran San Bernardo | Mont-Joux | Mons Jovis | Grond Son Bernard,DigiHom_GrandStBernard_18260104-18631130_Tx_daily_qc.tsv,GrandStBernard,Grand St. Bernard,45.869,7.17068,2491,DIGIHOM,,Tx,maximum,C,1826-1-4,1863-11-30,QC software=dataresqc v1.1.1
GrandStBernard,Gran St Bernard | Grosse St. Bernhard | Col du Grand Saint-Bernard | Colle del Gran San Bernardo | Mont-Joux | Mons Jovis | Grond Son Bernard,DigiHom_GrandStBernard_18190101-18500930_rr_daily_qc.tsv,GrandStBernard,Grand St. Bernard,45.869,7.17068,2491,DIGIHOM,,rr,sum,mm,1819-1-1,1850-9-30,QC software=dataresqc v1.1.1
GrandStBernard,Gran St Bernard | Grosse St. Bernhard | Col du Grand Saint-Bernard | Colle del Gran San Bernardo | Mont-Joux | Mons Jovis | Grond Son Bernard,GCOS_GrandStBernard_18170914-18560531_rh_subdaily_qc.tsv,GCOS_GrandStBernard,Grand St. Bernard,45.869,7.17068,2491,DIGIHOM; PALAEO-RA,https://doi.pangaea.de/10.1594/PANGAEA.948258,rh,point,%,1817-9-14,1856-5-31,QC software=dataresqc v1.1.0
GrandStBernard,Gran St Bernard | Grosse St. Bernhard | Col du Grand Saint-Bernard | Colle del Gran San Bernardo | Mont-Joux | Mons Jovis | Grond Son Bernard,GCOS_GrandStBernard_18170914-18251231_p_subdaily_qc.tsv,GCOS_GrandStBernard,Grand St. Bernard,45.869,7.17068,2491,PALAEO-RA,https://doi.pangaea.de/10.1594/PANGAEA.948258,p,point,hPa,1817-9-14,1825-12-31,PGC=Y | PTC=Y | QC software=dataresqc v1.1.1
GrandStBernard,Gran St Bernard | Grosse St. Bernhard | Col du Grand Saint-Bernard | Colle del Gran San Bernardo | Mont-Joux | Mons Jovis | Grond Son Bernard,GCOS_GrandStBernard_18170914-18251231_fs_daily_qc.tsv,GCOS_GrandStBernard,Grand St. Bernard,45.869,7.17068,2491,PALAEO-RA,https://doi.pangaea.de/10.1594/PANGAEA.948258,fs,sum,cm,1817-9-14,1825-12-31,QC software=dataresqc v1.1.0
GrandStBernard,Gran St Bernard | Grosse St. Bernhard | Col du Grand Saint-Bernard | Colle del Gran San Bernardo | Mont-Joux | Mons Jovis | Grond Son Bernard,GCOS_GrandStBernard_18170914-18251227_rr_daily_qc.tsv,GCOS_GrandStBernard,Grand St. Bernard,45.869,7.17068,2491,PALAEO-RA,https://doi.pangaea.de/10.1594/PANGAEA.948258,rr,sum,mm,1817-9-14,1825-12-27,
Greencastle,Greencastle | An Caisleán Nua,WRDv2-2_Greencastle_18630602-18701223_rr_daily.tsv,DWRUK_GREENCASTLE,Greencastle,55.20603,-6.96734,186,DWR_UKMO,DOI 10.5281/zenodo.5940391,rr,sum,mm,1863-6-2,1870-12-23,
Greencastle,Greencastle | An Caisleán Nua,WRDv2-2_Greencastle_18630601-18701223_ta_subdaily.tsv,DWRUK_GREENCASTLE,Greencastle,55.20603,-6.96734,186,DWR_UKMO,DOI 10.5281/zenodo.5940391,ta,point,C,1863-6-1,1870-12-23,
Greencastle,Greencastle | An Caisleán Nua,WRDv2-2_Greencastle_18630601-18701223_p_subdaily.tsv,DWRUK_GREENCASTLE,Greencastle,55.20603,-6.96734,186,DWR_UKMO,DOI 10.5281/zenodo.5940391,p,point,hPa,1863-6-1,1870-12-23,PTC=Y | PGC=N
Greencastle,Greencastle | An Caisleán Nua,WRDv2-2_Greencastle_18630601-18631231_ta_barometer_subdaily.tsv,DWRUK_GREENCASTLE,Greencastle,55.20603,-6.96734,186,DWR_UKMO,DOI 10.5281/zenodo.5940391,ta,point,C,1863-6-1,1863-12-31,
Greencastle,Greencastle | An Caisleán Nua,EMULATE_Greencastle_18630601-18751231_p_subdaily.tsv,GREENCASTLE,GREENCASTLE,55.2,-6.99,186,EMULATE,DOI 10.5281/zenodo.5940391,p,point,hPa,1863-6-1,1875-12-31,
Groningen,Groningen | Gröningen | Groeningen,KNMI_Groningen_18501201-19031231_p_subdaily_qc.tsv,KNMI-001_Groningen,Groningen,53.1844,6.6006,7,KNMI,https://www.knmi.nl/nederland-nu/klimatologie/daggegevens/antieke-waarnemingen,p,point,hPa,1850-12-1,1903-12-31,PTC=Y | PGC=Y | QC software=dataresqc v1.1.1
Groningen,Groningen | Gröningen | Groeningen,KNMI_Groningen_18501201-19051231_rh_subdaily_qc.tsv,KNMI-001_Groningen,Groningen,53.1844,6.6006,7,KNMI,https://www.knmi.nl/nederland-nu/klimatologie/daggegevens/antieke-waarnemingen,rh,point,%,1850-12-1,1905-12-31,QC software=dataresqc v1.1.1
Groningen,Groningen | Gröningen | Groeningen,KNMI_Groningen_18920101-19051231_Tn_subdaily_qc.tsv,KNMI-006_Groningen,Groningen,53.18,6.6,7,KNMI,https://www.knmi.nl/nederland-nu/klimatologie/daggegevens/antieke-waarnemingen,Tn,min,C,1892-1-1,1905-12-31,QC software=dataresqc v1.1.0
Groningen,Groningen | Gröningen | Groeningen,GHCNd_Groningen-1_18470101-20190630_rr_daily.tsv,NLE00100499,GRONINGEN-1,53.1831,6.6,1,GHCN-D,,rr,sum,mm,1847-1-1,2019-6-30,
Groningen,Groningen | Gröningen | Groeningen,KNMI_Groningen_18481201-19051231_dd_subdaily_qc.tsv,KNMI-001_Groningen,Groningen,53.1844,6.6006,7,KNMI,https://www.knmi.nl/nederland-nu/klimatologie/daggegevens/antieke-waarnemingen,dd,point,degree,1848-12-1,1905-12-31,QC software=dataresqc v1.1.1
Groningen,Groningen | Gröningen | Groeningen,KNMI_Groningen_18520730-19051231_rr_subdaily_qc.tsv,KNMI-001_Groningen,Groningen,53.1844,6.6006,7,KNMI,https://www.knmi.nl/nederland-nu/klimatologie/daggegevens/antieke-waarnemingen,rr,point,mm,1852-7-30,1905-12-31,QC software=dataresqc v1.1.1
Groningen,Groningen | Gröningen | Groeningen,KNMI_Groningen_18920101-19051231_Tx_subdaily_qc.tsv,KNMI-006_Groningen,Groningen,53.18,6.6,7,KNMI,https://www.knmi.nl/nederland-nu/klimatologie/daggegevens/antieke-waarnemingen,Tx,max,C,1892-1-1,1905-12-31,QC software=dataresqc v1.1.0
Groningen,Groningen | Gröningen | Groeningen,KNMI_Groningen_18501201-19051231_ta_subdaily_qc.tsv,KNMI-001_Groningen,Groningen,53.1844,6.6006,7,KNMI,https://www.knmi.nl/nederland-nu/klimatologie/daggegevens/antieke-waarnemingen,ta,point,C,1850-12-1,1905-12-31,QC software=dataresqc v1.1.1
Gudauri,Gudauri,GHCNd_Gudauri_18871201-19770331_rr_daily.tsv,GG000037423,GUDAURI,42.47,44.48,2194,GHCN-D,,rr,sum,mm,1887-12-1,1977-3-31,
Gumri,Gyumri,GHCNd_Gumri_18950901-19920430_ta_daily.tsv,AM000037686,Gumri,40.78,43.83,1523,GHCNd,ncei.noaa.gov/products/land-based-station/global-historical-climatology-network-daily,ta,mean,C,1895-9-1,1992-4-30,QC software=dataresqc v1.1.1
Gurzelen,Gurzelen,PALAEO-RA_Gurzelen_17660201-17841231_ta_subdaily_qc.tsv,GCOS_Gurzelen,Gurzelen,46.78,7.533,599,PALAEO-RA,,ta,point,C,1766-2-1,1784-12-31,Observer=Sprüngli | QC software=dataresqc v1.1.0
Gurzelen,Gurzelen,PALAEO-RA_Gurzelen_17710101-17841231_dd_subdaily_qc.tsv,GCOS_Gurzelen,Gurzelen,46.78,7.533,599,PALAEO-RA,,dd,point,degree,1771-1-1,1784-12-31,Observer=Sprüngli | QC software=dataresqc v1.1.1
Gurzelen,Gurzelen,PALAEO-RA_Gurzelen_17680901-17841231_p_subdaily_qc.tsv,GCOS_Gurzelen,Gurzelen,46.78,7.533,599,PALAEO-RA,,p,point,hPa,1768-9-1,1784-12-31,Observer=Sprüngli | PTC=N | PGC=Y | QC software=dataresqc v1.1.0
Gyzylarbat,Gyzylarbat | Kyzyl-Arvat | Serdar | Farāva,GHCNd_Gyzylarbat_18850101-19981231_rr_daily.tsv,TX000038763,GYZYLARBAT,38.98,56.28,97,GHCN-D,,rr,sum,mm,1885-1-1,1998-12-31,
Haarlem,Haarlem,KNMI_Haarlem_17350101-18401231_ta_subdaily_qc.tsv,KNMI-Haarlem,Haarlem,52.38,4.64,5,KNMI,https://www.knmi.nl/nederland-nu/klimatologie/daggegevens/antieke-waarnemingen,ta,point,C,1735-1-1,1840-12-31,alt.1735-1742=2m | QC software=dataresqc v1.1.1
Haarlem,Haarlem,KNMI_Haarlem_17350101-18401231_dd_subdaily_qc.tsv,KNMI-Haarlem,Haarlem,52.38,4.64,5,KNMI,https://www.knmi.nl/nederland-nu/klimatologie/daggegevens/antieke-waarnemingen,dd,point,degree,1735-1-1,1840-12-31,alt.1735-1742=2m | QC software=dataresqc v1.1.1
Haarlem,Haarlem,KNMI_Haarlem_17350101-18401231_p_subdaily_qc.tsv,KNMI-Haarlem,Haarlem,52.38,4.64,5,KNMI,https://www.knmi.nl/nederland-nu/klimatologie/daggegevens/antieke-waarnemingen,p,point,hPa,1735-1-1,1840-12-31,alt.1735-1742=2m | PTC=Y | PGC=Y | QC software=dataresqc v1.1.1
Haarlem,Haarlem,KNMI_Haarlem_17350105-17421231_rr_subdaily.tsv,KNMI-Haarlem,Haarlem,52.38,4.64,5,KNMI,https://www.knmi.nl/nederland-nu/klimatologie/daggegevens/antieke-waarnemingen,rr,point,mm,1735-1-5,1742-12-31,alt.1735-1742=2m | QC software=dataresqc v1.1.1
Halden,Halden | Fredrikshald,GHCNd_Halden_18820101-20190730_rr_daily.tsv,NOE00100575,HALDEN,59.1225,11.3883,8,GHCN-D,,rr,sum,mm,1882-1-1,2019-7-30,
Halle,Halle | Saale,PALAEO-RA_Halle_17000101-17001231_dd_subdaily_qc.tsv,Halle,Halle,51.483056,11.966667,102,"PALAEO-RA, Ephemeris Barometrico Meteorologica",,dd,point,degree,1700-1-1,1700-12-31,coordinates=approximate | QC software=dataresqc v1.1.1
Halle,Halle | Saale,PALAEO-RA_Halle_17000101-17001231_ta_subdaily.tsv,Halle,Halle,51.483056,11.966667,102,"PALAEO-RA, Ephemeris Barometrico Meteorologica",,ta,point,unknown,1700-1-1,1700-12-31,coordinates=approximate
Halle,Halle | Saale,PALAEO-RA_Halle_Lenke_17090101-17090314_ta_daily.tsv,Lenke-Halle,Halle,43.2965,5.36978,44,"Untersuchung der ältesten Temperaturmessungen mit Hilfe des strengen Winters 1708-1709, Walter Lenke",,ta,point,C,1709-1-1,1709-3-14,coords=approx
Halle,Halle | Saale,ECAD_Halle_18510101-19661231_ta_daily.tsv,TG_SOUID_181086,HalleStadt,51.483056,11.966667,102,ECA&D,knmi-ecad-assets-prd.s3.amazonaws.com/download/ECA_nonblend_tg.zip,ta,mean,C,1851-1-1,1966-12-31,Mean temperature 0-0 UT | QC software=dataresqc v1.1.1
Halle,Halle | Saale,PALAEO-RA_Halle_17000101-17001231_p_subdaily.tsv,Halle,Halle,51.483056,11.966667,102,"PALAEO-RA, Ephemeris Barometrico Meteorologica",,p,point,unknown,1700-1-1,1700-12-31,coordinates=approximate | PGC=N | PTC=N
Hamburg,Hamburg | Hamborg | Freie und Hansestadt Hamburg | Friee un Hansestadt Hamborg ,PALAEO-RA_Hamburg_Lenke_17090101-17090131_ta_daily.tsv,Lenke-Hamburg,Hamburg,43.2965,5.36978,44,"Untersuchung der ältesten Temperaturmessungen mit Hilfe des strengen Winters 1708-1709, Walter Lenke",,ta,point,C,1709-1-1,1709-1-31,coords=approx
Hammerodde,Hammerodde | Hammer Odde | Hammerodde Fyr | Hammer Odde Fyr,CRU_Hammerodde_18740101-19951231_p_daily_qc.tsv,WMO-6193,Hammerodde,55.3,14.78,11,CRU,https://sites.uea.ac.uk/cru/,p,mean,hPa,1874-1-1,1995-12-31,PGC=N | PTC=N
Haparanda,Haparanda | Haaparanta,WRDv2-2_Haparanda_18730506-18750331_ta_subdaily.tsv,DWRUK_HAPARANDA,Haparanda,65.816709,24.133329,8,DWR_UKMO,DOI 10.5281/zenodo.5940391,ta,point,C,1873-5-6,1875-3-31,
Haparanda,Haparanda | Haaparanta,WRDv2-2_Haparanda_18730506-18750331_ta_barometer_subdaily.tsv,DWRUK_HAPARANDA,Haparanda,65.816709,24.133329,8,DWR_UKMO,DOI 10.5281/zenodo.5940391,ta,point,C,1873-5-6,1875-3-31,
Haparanda,Haparanda | Haaparanta,CRU_Haparanda_18600101-20021231_p_daily_qc.tsv,WMO-2196,Haparanda,65.82,24.13,6,CRU,https://sites.uea.ac.uk/cru/,p,mean,hPa,1860-1-1,2002-12-31,PGC=N | PTC=N
Haparanda,Haparanda | Haaparanta,WRDv2-2_Haparanda_18730506-18750331_p_subdaily.tsv,DWRUK_HAPARANDA,Haparanda,65.816709,24.133329,8,DWR_UKMO,DOI 10.5281/zenodo.5940391,p,point,hPa,1873-5-6,1875-3-31,PTC=? | PGC=?
Haparanda,Haparanda | Haaparanta,ECAD_Haparanda_18590716-20121231_ta_daily.tsv,TG_SOUID_137214,Haparanda,65.826944,24.143889,8,ECA&D,knmi-ecad-assets-prd.s3.amazonaws.com/download/ECA_nonblend_tg.zip,ta,mean,C,1859-7-16,2012-12-31,"Mean temperature calculated as weighted average of TN, TX and observations at 06, 12 and 18 UT (5 values) | QC software=dataresqc v1.1.1"
HeartsContent,Heart's Content | Hearts Content,WRDv2-2_Hearts-Content_18680113-18701130_p_subdaily.tsv,DWRUK_HEARTSCONTENT,Heart's Content,47.87,-53.37,107,DWR_UKMO,DOI 10.5281/zenodo.5940391,p,point,hPa,1868-1-13,1870-11-30,PTC=? | PGC=?
HeartsContent,Heart's Content | Hearts Content,WRDv2-2_Hearts-Content_18680114-18701130_rr_daily.tsv,DWRUK_HEARTSCONTENT,Heart's Content,47.87,-53.37,107,DWR_UKMO,DOI 10.5281/zenodo.5940391,rr,sum,mm,1868-1-14,1870-11-30,
HeartsContent,Heart's Content | Hearts Content,WRDv2-2_Hearts-Content_18680113-18701130_ta_subdaily.tsv,DWRUK_HEARTSCONTENT,Heart's Content,47.87,-53.37,107,DWR_UKMO,DOI 10.5281/zenodo.5940391,ta,point,C,1868-1-13,1870-11-30,
Heligoland,Heligoland | Helgoland | deät Lun | Hålilönj,WRDv2-2_Heligoland_18620210-18671130_ta_subdaily.tsv,DWRUK_HELIGOLAND,Heligoland,54.18,7.89,2,DWR_UKMO,DOI 10.5281/zenodo.5940391,ta,point,C,1862-2-10,1867-11-30,
Heligoland,Heligoland | Helgoland | deät Lun | Hålilönj,WRDv2-2_Heligoland_18620211-18671130_rr_daily.tsv,DWRUK_HELIGOLAND,Heligoland,54.18,7.89,2,DWR_UKMO,DOI 10.5281/zenodo.5940391,rr,sum,mm,1862-2-11,1867-11-30,
Heligoland,Heligoland | Helgoland | deät Lun | Hålilönj,WRDv2-2_Heligoland_18620210-18671130_p_subdaily.tsv,DWRUK_HELIGOLAND,Heligoland,54.18,7.89,2,DWR_UKMO,DOI 10.5281/zenodo.5940391,p,point,hPa,1862-2-10,1867-11-30,PTC=Y | PGC=N
Heligoland,Heligoland | Helgoland | deät Lun | Hålilönj,WRDv2-2_Heligoland_18620210-18631231_ta_barometer_subdaily.tsv,DWRUK_HELIGOLAND,Heligoland,54.18,7.89,2,DWR_UKMO,DOI 10.5281/zenodo.5940391,ta,point,C,1862-2-10,1863-12-31,
Helmond,Helmond | Hèllemond,GHCNd_Helmond_18690101-20190630_rr_daily.tsv,NLE00102079,HELMOND,51.4831,5.6167,18,GHCN-D,,rr,sum,mm,1869-1-1,2019-6-30,
Helsinki,Helsinki | Helsingfors | Helsingin kaupunki | Helsingfors stad,CRU_Helsinki_18500101-20011231_p_daily_qc.tsv,WMO-2974,Helsinki,60.17,24.95,56,CRU,https://sites.uea.ac.uk/cru/,p,mean,hPa,1850-1-1,2001-12-31,PGC=N | PTC=N
Henichesk,Henichesk | Genichesk,GHCNd_Henichesk_18830101-20220215_ta_daily.tsv,UPM00033910,Henichesk,46.1667,34.8167,15,GHCNd,ncei.noaa.gov/products/land-based-station/global-historical-climatology-network-daily,ta,mean,C,1883-1-1,2022-2-15,QC software=dataresqc v1.1.1
Henichesk,Henichesk | Genichesk,GHCNd_Henichesk_18830101-20051231_rr_daily.tsv,UPM00033910,HENICHESK,46.1667,34.8167,15,GHCN-D,,rr,sum,mm,1883-1-1,2005-12-31,
Herisau,Herisau,CHIMES_Herisau_Merz_18211001-18310630_p_subdaily_qc.tsv,AR01_Herisau_Merz,Herisau,47.385,9.279,770,CHIMES,https://doi.org/10.5194/cp-15-1345-2019,p,point,hPa,1821-10-1,1831-6-30,Observer=Johann Ludwig Merz | PTC=Y | PGC=Y | QC software=dataresqc v1.1.1
Herisau,Herisau,CHIMES_Herisau_Merz_18211001-18310630_ta_subdaily_qc.tsv,AR01_Herisau_Merz,Herisau,47.385,9.279,770,CHIMES,https://doi.org/10.5194/cp-15-1345-2019,ta,point,C,1821-10-1,1831-6-30,Observer=Johann Ludwig Merz | QC software=dataresqc v1.0.3
Herisau,Herisau,CHIMES_Herisau_Merz_18270207-18280514_Tn_daily_qc.tsv,AR01_Herisau_Merz,Herisau,47.385,9.279,770,CHIMES,https://doi.org/10.5194/cp-15-1345-2019,Tn,min,C,1827-2-7,1828-5-14,Observer=Johann Ludwig Merz | QC software=dataresqc v1.1.1
Herisau,Herisau,CHIMES_Herisau_Nef_18220101-18440127_p_subdaily_qc.tsv,AR01_Herisau_Nef,Herisau,47.385,9.279,770,CHIMES,https://doi.org/10.5194/cp-15-1345-2019,p,point,hPa,1822-1-1,1844-1-27,Observer=Johann Jakob Nef | PTC=Y | PGC=Y | QC software=dataresqc v1.0.3
Herisau,Herisau,CHIMES_Herisau_Nef_18330101-18440127_Tn_daily_qc.tsv,AR01_Herisau_Nef,Herisau,47.385,9.279,770,CHIMES,https://doi.org/10.5194/cp-15-1345-2019,Tn,min,C,1833-1-1,1844-1-27,Observer=Johann Jakob Nef | QC software=dataresqc v1.1.1
Herisau,Herisau,CHIMES_Herisau_Nef_18220101-18440110_ta_subdaily_qc.tsv,AR01_Herisau_Nef,Herisau,47.385,9.279,770,CHIMES,https://doi.org/10.5194/cp-15-1345-2019,ta,point,C,1822-1-1,1844-1-10,Observer=Johann Jakob Nef | QC software=dataresqc v1.0.3
Hernosand,Hernosand | Härnösand | Harnosand,WRDv2-2_Hernosand_18730506-18750331_ta_subdaily.tsv,DWRUK_HERNOSAND,Hernosand,62.61667,17.933332,8,DWR_UKMO,DOI 10.5281/zenodo.5940391,ta,point,C,1873-5-6,1875-3-31,
Hernosand,Hernosand | Härnösand | Harnosand,WRDv2-2_Hernosand_18730506-18750331_p_subdaily.tsv,DWRUK_HERNOSAND,Hernosand,62.61667,17.933332,8,DWR_UKMO,DOI 10.5281/zenodo.5940391,p,point,hPa,1873-5-6,1875-3-31,PTC=? | PGC=?
Hernosand,Hernosand | Härnösand | Harnosand,ECAD_Harnosand_18581101-20241231_ta_daily.tsv,TG_SOUID_136698,Harnosand,62.633056,17.933056,8,ECA&D,knmi-ecad-assets-prd.s3.amazonaws.com/download/ECA_nonblend_tg.zip,ta,mean,C,1858-11-1,2024-12-31,"Mean temperature calculated as weighted average of TN, TX and observations at 06, 12 and 18 UT (5 values) | QC software=dataresqc v1.1.1"
Hernosand,Hernosand | Härnösand | Harnosand,WRDv2-2_Hernosand_18730506-18750331_ta_barometer_subdaily.tsv,DWRUK_HERNOSAND,Hernosand,62.61667,17.933332,8,DWR_UKMO,DOI 10.5281/zenodo.5940391,ta,point,C,1873-5-6,1875-3-31,
Hochobir,Hochobir,ECAD_Hochobir_18810320-19440630_ta_daily.tsv,TG_SOUID_230276,Hochobir,46.5,14.483056,2041,ECA&D,knmi-ecad-assets-prd.s3.amazonaws.com/download/ECA_nonblend_tg.zip,ta,mean,C,1881-3-20,1944-6-30,Mean temperature calculated as average of TN and TX | QC software=dataresqc v1.1.1
Hohenpeissenberg,Hohenpeissenberg | Hohenpeißenberg,DWD_Hohenpeissenberg_17810101-17921231_p_subdaily_qc.tsv,Palatine-Society_Hohenpeissenberg,Hohenpeissenberg,47.8011,11.0156,977,DWD,,p,point,hPa,1781-1-1,1792-12-31,Observer=Fischer; Schlögel; Schwaiger | PTC=Y | PGC=Y | Instrument=Palatine Society | QC software=dataresqc v1.1.1
Hohenpeissenberg,Hohenpeissenberg | Hohenpeißenberg,DWD_Hohenpeissenberg_17880101-17881231_ta_daily_qc.tsv,Palatine-Society_Hohenpeissenberg,Hohenpeissenberg,47.8011,11.0156,977,DWD,,ta,point,C,1788-1-1,1788-12-31,Observer=Albino Schwaiger | Instrument=Palatine Society | FPC=Y | QC software=dataresqc v1.1.1
Hohenpeissenberg,Hohenpeissenberg | Hohenpeißenberg,DWD_Hohenpeissenberg_17880101-17881231_p_daily_qc.tsv,Palatine-Society_Hohenpeissenberg,Hohenpeissenberg,47.8011,11.0156,977,DWD,,p,point,hPa,1788-1-1,1788-12-31,Observer=Albino Schwaiger | PTC=Y | PGC=Y | QC software=dataresqc v1.1.1
Hohenpeissenberg,Hohenpeissenberg | Hohenpeißenberg,CAP9WT_Hohenpeissenberg_17810101-20221231_p_daily.tsv,HPE,Hohenpeissenberg,47.8,11.02,995,"Pfister, L., Wilhelm, L., Brugnara, Y., Imfeld, N., & Brönnimann, S. (2024). Weather type reconstruction using machine learning approaches. EGUsphere, 2024, 1-33.",https://doi.org/10.5194/wcd-6-571-2025,p,mean,hPa,1781-1-1,2022-12-31,PTC=Y | PGC=Y | homogenized=Y | gap_filled=Y | QC=Y
Hohenpeissenberg,Hohenpeissenberg | Hohenpeißenberg,GHCNd_Hohenpeissenberg_17810101-20190730_rr_daily.tsv,GM000010962,HOHENPEISSENBERG,47.8017,11.0117,977,GHCN-D,,rr,sum,mm,1781-1-1,2019-7-30,
Hohenpeissenberg,Hohenpeissenberg | Hohenpeißenberg,DWD_Hohenpeissenberg_17810101-17921231_ta_subdaily_qc.tsv,Palatine-Society_Hohenpeissenberg,Hohenpeissenberg,47.8011,11.0156,977,DWD,,ta,point,C,1781-1-1,1792-12-31,Observer=Fischer; Schlögel; Schwaiger | Instrument=Palatine Society|FPC=Y | QC software=dataresqc v1.1.1
Holmogadd,Holmogadd | Holmöarna,GHCNd_Holmogadd-A_18791101-20031231_rr_daily.tsv,SW000002288,HOLMOGADD A,63.59,20.76,6,GHCN-D,,rr,sum,mm,1879-11-1,2003-12-31,
Holyhead,Holyhead | Caergybi,WRDv2-2_Holyhead_18620701-18750331_rr_daily.tsv,DWRUK_HOLYHEAD,Holyhead,53.32,-4.62,220,DWR_UKMO,DOI 10.5281/zenodo.5940391,rr,sum,mm,1862-7-1,1875-3-31,"Coords=(53.32,-4.62,220m,18620701-18720629); (53.315922,-4.634486,220m,18720701-18750331)"
Holyhead,Holyhead | Caergybi,WRDv2-2_Holyhead_18620701-18750331_p_subdaily.tsv,DWRUK_HOLYHEAD,Holyhead,53.32,-4.62,220,DWR_UKMO,DOI 10.5281/zenodo.5940391,p,point,hPa,1862-7-1,1875-3-31,"PTC=Y | PGC=N | Coords=(53.32,-4.62,220m,18620701-18720629); (53.315922,-4.634486,220m,18720701-18750331)"
Holyhead,Holyhead | Caergybi,EMULATE_Holyhead_18680101-18710228_p_subdaily.tsv,HOLYHEAD,HOLYHEAD,53.31,-4.63,220,EMULATE,DOI 10.5281/zenodo.5940391,p,point,hPa,1868-1-1,1871-2-28,
Holyhead,Holyhead | Caergybi,WRDv2-2_Holyhead_18620701-18750331_ta_barometer_subdaily.tsv,DWRUK_HOLYHEAD,Holyhead,53.315922,-4.634486,220,DWR_UKMO,DOI 10.5281/zenodo.5940391,ta,point,C,1862-7-1,1875-3-31,"Coords=(53.32,-4.62,220m,18620701-18720629); (53.315922,-4.634486,220m,18720701-18750331)"
Holyhead,Holyhead | Caergybi,WRDv2-2_Holyhead_18720115-18750331_Tx_daily.tsv,DWRUK_HOLYHEAD,Holyhead,53.315922,-4.634486,220,DWR_UKMO,DOI 10.5281/zenodo.5940391,Tx,maximum,C,1872-1-15,1875-3-31,"Coords=(53.32,-4.62,220m,18720115-18720629); (53.315922,-4.634486,220m,18720701-18750331)"
Holyhead,Holyhead | Caergybi,WRDv2-2_Holyhead_18720115-18750331_Tn_daily.tsv,DWRUK_HOLYHEAD,Holyhead,53.315922,-4.634486,220,DWR_UKMO,DOI 10.5281/zenodo.5940391,Tn,minimum,C,1872-1-15,1875-3-31,"Coords=(53.32,-4.62,220m,18720115-18720629); (53.315922,-4.634486,220m,18720701-18750331)"
Holyhead,Holyhead | Caergybi,WRDv2-2_Holyhead_18620701-18750331_ta_subdaily.tsv,DWRUK_HOLYHEAD,Holyhead,53.32,-4.62,220,DWR_UKMO,DOI 10.5281/zenodo.5940391,ta,point,C,1862-7-1,1875-3-31,"Coords=(53.32,-4.62,220m,18620701-18720629); (53.315922,-4.634486,220m,18720701-18750331)"
Hoofddorp,Hoofddorp,GHCNd_Hoofddorp_18670101-20190630_rr_daily.tsv,NLE00100503,HOOFDDORP,52.3167,4.7,-3,GHCN-D,,rr,sum,mm,1867-1-1,2019-6-30,
Hoorn,Hoorn,GHCNd_Hoorn_18830501-20190630_rr_daily.tsv,NLE00100501,HOORN,52.65,5.0667,-1,GHCN-D,,rr,sum,mm,1883-5-1,2019-6-30,
Hull,Kingston upon Hull | Hull,WRDv2-2_Hull_18610301-18610304_ta_subdaily.tsv,DWRUK_HULL,Hull,53.74,-0.34,21,DWR_UKMO,DOI 10.5281/zenodo.5940391,ta,point,C,1861-3-1,1861-3-4,
Hull,Kingston upon Hull | Hull,WRDv2-2_Hull_18610301-18610304_p_subdaily.tsv,DWRUK_HULL,Hull,53.74,-0.34,21,DWR_UKMO,DOI 10.5281/zenodo.5940391,p,point,hPa,1861-3-1,1861-3-4,PTC=Y | PGC=N
Hull,Kingston upon Hull | Hull,WRDv2-2_Hull_18610301-18610304_ta_barometer_subdaily.tsv,DWRUK_HULL,Hull,53.74,-0.34,21,DWR_UKMO,DOI 10.5281/zenodo.5940391,ta,point,C,1861-3-1,1861-3-4,
HurstCastle,Hurstcastle | Hurst Castle,WRDv2-2_Hurst-Castle_18740328-18750331_ta_barometer_subdaily.tsv,DWRUK_HURSTCASTLE,Hurst Castle,50.70666,-1.55117,1,DWR_UKMO,DOI 10.5281/zenodo.5940391,ta,point,C,1874-3-28,1875-3-31,
HurstCastle,Hurstcastle | Hurst Castle,WRDv2-2_Hurst-Castle_18740328-18750331_p_subdaily.tsv,DWRUK_HURSTCASTLE,Hurst Castle,50.70666,-1.55117,1,DWR_UKMO,DOI 10.5281/zenodo.5940391,p,point,hPa,1874-3-28,1875-3-31,PTC=Y | PGC=N
HurstCastle,Hurstcastle | Hurst Castle,WRDv2-2_Hurst-Castle_18740328-18750331_rr_daily.tsv,DWRUK_HURSTCASTLE,Hurst Castle,50.70666,-1.55117,1,DWR_UKMO,DOI 10.5281/zenodo.5940391,rr,sum,mm,1874-3-28,1875-3-31,Height=0.28m
HurstCastle,Hurstcastle | Hurst Castle,WRDv2-2_Hurst-Castle_18740328-18750331_Tn_daily.tsv,DWRUK_HURSTCASTLE,Hurst Castle,50.70666,-1.55117,1,DWR_UKMO,DOI 10.5281/zenodo.5940391,Tn,minimum,C,1874-3-28,1875-3-31,
HurstCastle,Hurstcastle | Hurst Castle,WRDv2-2_Hurst-Castle_18740328-18750331_ta_subdaily.tsv,DWRUK_HURSTCASTLE,Hurst Castle,50.70666,-1.55117,1,DWR_UKMO,DOI 10.5281/zenodo.5940391,ta,point,C,1874-3-28,1875-3-31,
HurstCastle,Hurstcastle | Hurst Castle,WRDv2-2_Hurst-Castle_18740328-18750331_Tx_daily.tsv,DWRUK_HURSTCASTLE,Hurst Castle,50.70666,-1.55117,1,DWR_UKMO,DOI 10.5281/zenodo.5940391,Tx,maximum,C,1874-3-28,1875-3-31,
Hvar,Hvar | Pharina | Lesina | Pharos,GHCNd_Hvar_18580301-20181231_rr_daily.tsv,HRE00105189,HVAR,43.1667,16.45,20,GHCN-D,,rr,sum,mm,1858-3-1,2018-12-31,
Ile-d-Aix,Rochefort | Île-d'Aix | Aix Island,WRDv2-2_Ile-d-Aix_18621216-18750331_p_subdaily.tsv,DWRUK_ROCHEFORT,Rochefort (Ile de Aix),46.020193,-1.17283,0,DWR_UKMO,DOI 10.5281/zenodo.5940391,p,point,hPa,1862-12-16,1875-3-31,PTC=? | PGC=?
Ile-d-Aix,Rochefort | Île-d'Aix | Aix Island,WRDv2-2_Ile-d-Aix_18621216-18750331_ta_subdaily.tsv,DWRUK_ROCHEFORT,Rochefort (Ile de Aix),46.020193,-1.17283,0,DWR_UKMO,DOI 10.5281/zenodo.5940391,ta,point,C,1862-12-16,1875-3-31,
Ile-d-Aix,Rochefort | Île-d'Aix | Aix Island,WRDv2-2_Ile-d-Aix_18621126-18750331_rr_daily.tsv,DWRUK_ROCHEFORT,Rochefort (Ile de Aix),46.020193,-1.17283,0,DWR_UKMO,DOI 10.5281/zenodo.5940391,rr,sum,mm,1862-11-26,1875-3-31,
Ile-d-Aix,Rochefort | Île-d'Aix | Aix Island,EMULATE_Ile-d-Aix_18611220-18811231_p_subdaily.tsv,ROCHEFORT,ROCHEFORT,45.94,-0.96,0,EMULATE,DOI 10.5281/zenodo.5940391,p,point,hPa,1861-12-20,1881-12-31,
Ile-d-Aix,Rochefort | Île-d'Aix | Aix Island,WRDv2-2_Ile-d-Aix_18621216-18750331_ta_barometer_subdaily.tsv,DWRUK_ROCHEFORT,Rochefort (Ile de Aix),46.020193,-1.17283,0,DWR_UKMO,DOI 10.5281/zenodo.5940391,ta,point,C,1862-12-16,1875-3-31,
Ile-d-Aix,Rochefort | Île-d'Aix | Aix Island,WRDv2-2_Ile-d-Aix_18720115-18750331_Tx_daily.tsv,DWRUK_ROCHEFORT,Rochefort (Ile de Aix),46.020193,-1.17283,0,DWR_UKMO,DOI 10.5281/zenodo.5940391,Tx,maximum,C,1872-1-15,1875-3-31,
Ile-d-Aix,Rochefort | Île-d'Aix | Aix Island,WRDv2-2_Ile-d-Aix_18720114-18750331_Tn_daily.tsv,DWRUK_ROCHEFORT,Rochefort (Ile de Aix),46.020193,-1.17283,0,DWR_UKMO,DOI 10.5281/zenodo.5940391,Tn,minimum,C,1872-1-14,1875-3-31,
Ingolstadt,Ingolstadt,PALAEO-RA_Ingolstadt_17810101-17821231_ta_subdaily_qc.tsv,Palatine-Society_Ingolstadt,Ingolstadt,48.75,11.433333,369,PALAEO-RA,,ta,point,C,1781-1-1,1782-12-31,Observer=Steiglehner | Instrument=Palatine Society | QC software=dataresqc v1.1.0
Ingolstadt,Ingolstadt,PALAEO-RA_Ingolstadt_17810101-17821231_p_subdaily_qc.tsv,Palatine-Society_Ingolstadt,Ingolstadt,48.75,11.433333,369,PALAEO-RA,,p,point,hPa,1781-1-1,1782-12-31,Observer=Steiglehner | PGC=Y | PTC=Y | Instrument=Palatine Society | QC software=dataresqc v1.1.0
Ingolstadt,Ingolstadt,PALAEO-RA_Ingolstadt_17810101-17821231_w_subdaily.tsv,Palatine-Society_Ingolstadt,Ingolstadt,48.75,11.433333,369,PALAEO-RA,,w,point,0-4,1781-1-1,1782-12-31,Observer=Steiglehner
Ingolstadt,Ingolstadt,PALAEO-RA_Ingolstadt_17810101-17821231_dd_subdaily_qc.tsv,Palatine-Society_Ingolstadt,Ingolstadt,48.75,11.433333,369,PALAEO-RA,,dd,point,degree,1781-1-1,1782-12-31,Observer=Steiglehner | QC software=dataresqc v1.1.1
Ingolstadt,Ingolstadt,PALAEO-RA_Ingolstadt_17810101-17821231_rr_subdaily_qc.tsv,Palatine-Society_Ingolstadt,Ingolstadt,48.75,11.433333,369,PALAEO-RA,,rr,sum,mm,1781-1-1,1782-12-31,Observer=Steiglehner | orig.unit for 1782 = lines (1/12 of Paris inch) | QC software=dataresqc v1.1.1
Inishgort,Inishgort | Innisgort Island | Inis Goirt,ILMMT_Inishgort_18510401-18520531_Tn_daily_qc.tsv,ILMMT-Inishgort,Inishgort,53.833,-9.617,5.2,"Mateus, C., Potito, A., & Curley, M. (2020). Reconstruction of a long‐term historical daily maximum and minimum air temperature network dataset for Ireland (1831‐1968). Geoscience Data Journal, 7(2), 102-115.",https://www.edepositireland.ie/entities/publication/7271837d-dbe6-463f-b103-422f42a15446,Tn,minimum,C,1851-4-1,1852-5-31,"Observer=Light-keepers | Instrument=Self-registering thermometers | Location=Innisgort Lighthouse, Clew Bay | DataSource=Royal Irish Academy network | Notes=whole degree precision. | QC software=dataresqc v1.1.1"
Inishgort,Inishgort | Innisgort Island | Inis Goirt,ILMMT_Inishgort_18510401-18520531_Tx_daily_qc.tsv,ILMMT-Inishgort,Inishgort,53.833,-9.617,5.2,"Mateus, C., Potito, A., & Curley, M. (2020). Reconstruction of a long‐term historical daily maximum and minimum air temperature network dataset for Ireland (1831‐1968). Geoscience Data Journal, 7(2), 102-115.",https://www.edepositireland.ie/entities/publication/7271837d-dbe6-463f-b103-422f42a15446,Tx,minimum,C,1851-4-1,1852-5-31,"Observer=Light-keepers | Instrument=Self-registering thermometers | Location=Innisgort Lighthouse, Clew Bay | DataSource=Royal Irish Academy network | Notes=whole degree precision. | QC software=dataresqc v1.1.1"
Innsbruck,Innschbruck | Innsbruck,WeaR_Innsbruck_17881101-17890228_ta_daily.tsv,Innsbruck,Innsbruck,47.26,11.4,584,WeaR,DOI: 10.5194/cp-18-2545-2022,ta,mean,C,1788-11-1,1789-2-28,Observer=Zallinger
Ismailia,Ismailia | el-Ismāʻīlīyah,MEDARE_Ismailia_18840101-19561231_rr_daily.tsv,62441,Ismailia,30.6,32.23,10,Medare,https://www.idare-portal.org/data/medare,rr,sum,mm,1884-1-1,1956-12-31,
Ismailia,Ismailia | el-Ismāʻīlīyah,MEDARE_Ismailia_18840102-19561031_p_daily.tsv,62441,Ismailia,30.6,32.23,10,Medare,https://www.idare-portal.org/data/medare,p,mean,hPa,1884-1-2,1956-10-31,PGC=N | PTC=N | Orig.res=subdaily | Diurnal cycle=N
Istanbul,Istanbul | Halkali Agricultural School,Yilmaz_Istanbul_18961215-19171231_rh_subdaily_qc.tsv,Halkali_Agricultural_School,Halkali Agricultural School,41.03,28.78,119,Yilmaz,https://doi.org/10.5285/c6e27bda1fc849c098a7fff7ff69fd5a,rh,point,%,1896-12-15,1917-12-31,QC software=dataresqc v1.1.1
Istanbul,Istanbul | Halkali Agricultural School,Yilmaz_Istanbul_18961213-19171231_Tx_subdaily_qc.tsv,Halkali_Agricultural_School,Halkali Agricultural School,41.03,28.78,119,Yilmaz,https://doi.org/10.5285/c6e27bda1fc849c098a7fff7ff69fd5a,Tx,max,C,1896-12-13,1917-12-31,QC software=dataresqc v1.1.1
Istanbul,Istanbul | Halkali Agricultural School,CRU_Istanbul-Scutari_18660101-18801231_p_daily_qc.tsv,WMO-17062,Scutari,41.0,29.05,33,CRU,https://sites.uea.ac.uk/cru/,p,mean,hPa,1866-1-1,1880-12-31,PGC=N | PTC=N
Istanbul,Istanbul | Halkali Agricultural School,Yilmaz_Istanbul_18961213-19171231_Tn_subdaily_qc.tsv,Halkali_Agricultural_School,Halkali Agricultural School,41.03,28.78,119,Yilmaz,https://doi.org/10.5285/c6e27bda1fc849c098a7fff7ff69fd5a,Tn,min,C,1896-12-13,1917-12-31,QC software=dataresqc v1.1.1
Istanbul,Istanbul | Halkali Agricultural School,Yilmaz_Istanbul_18961213-19171231_p_subdaily_qc.tsv,Halkali_Agricultural_School,Halkali Agricultural School,41.03,28.78,119,Yilmaz,https://doi.org/10.5285/c6e27bda1fc849c098a7fff7ff69fd5a,p,point,hPa,1896-12-13,1917-12-31,QC software=dataresqc v1.1.1
Istanbul,Istanbul | Halkali Agricultural School,Yilmaz_Istanbul_18961213-19171231_w_subdaily_qc.tsv,Halkali_Agricultural_School,Halkali Agricultural School,41.03,28.78,119,Yilmaz,https://doi.org/10.5285/c6e27bda1fc849c098a7fff7ff69fd5a,w,point,m/s,1896-12-13,1917-12-31,QC software=dataresqc v1.1.1
Izmail,Izmail | Ismail | Smil | Smeilu,GHCNd_Izmail_18861001-20051231_rr_daily.tsv,UPM00033889,IZMAIL,45.3667,28.85,28,GHCN-D,,rr,sum,mm,1886-10-1,2005-12-31,
Izmail,Izmail | Ismail | Smil | Smeilu,GHCNd_Izmail_18861001-20220214_ta_daily.tsv,UPM00033889,Izmail,45.3667,28.85,28,GHCNd,ncei.noaa.gov/products/land-based-station/global-historical-climatology-network-daily,ta,mean,C,1886-10-1,2022-2-14,QC software=dataresqc v1.1.1
Jelgava,Jelgava | Mitava,ECAD_Jelgava_18891201-20241231_ta_daily.tsv,TG_SOUID_218862,Jelgava,56.556667,23.964167,7,ECA&D,knmi-ecad-assets-prd.s3.amazonaws.com/download/ECA_nonblend_tg.zip,ta,mean,C,1889-12-1,2024-12-31,Mean temperature calculated as average of 24 hourly values 23-22 UT | QC software=dataresqc v1.1.1
Jena,Jena | Zeiss-Planetarium,GHCNd_Jena-Sternwarte_18261201-20190730_rr_daily.tsv,GM000004204,JENA STERNWARTE,50.9267,11.5842,155,GHCN-D,,rr,sum,mm,1826-12-1,2019-7-30,
Jena,Jena | Zeiss-Planetarium,PALAEO-RA_Jena_Lenke_17090105-17090206_ta_daily.tsv,Lenke-Jena,Jena,43.2965,5.36978,44,"Untersuchung der ältesten Temperaturmessungen mit Hilfe des strengen Winters 1708-1709, Walter Lenke",,ta,point,C,1709-1-5,1709-2-6,coords=approx
Jena,Jena | Zeiss-Planetarium,ECAD_Jena_18240101-20241231_ta_daily.tsv,TG_SOUID_100172,JenaSternwarte,50.926667,11.584167,155,ECA&D,knmi-ecad-assets-prd.s3.amazonaws.com/download/ECA_nonblend_tg.zip,ta,mean,C,1824-1-1,2024-12-31,Mean temperature 0-0 UT | QC software=dataresqc v1.1.1
Jena,Jena | Zeiss-Planetarium,PALAEO-RA_Jena_17020101-17021231_p_subdaily_qc.tsv,Europe_Jena,Jena,50.927054,11.589237,150,PALAEO-RA,,p,point,hPa,1702-1-1,1702-12-31,Observer=Hamberger | PTC=N | PGC=Y | QC software=dataresqc v1.1.1
Jena,Jena | Zeiss-Planetarium,PALAEO-RA_Jena_17020101-17021231_dd_subdaily_qc.tsv,Europe_Jena,Jena,50.927054,11.589237,150,PALAEO-RA,,dd,point,degree,1702-1-1,1702-12-31,Observer=Hamberger | QC software=dataresqc v1.1.1
Jersey,"Jersey | Jèrri | the Bailiwick of Jersey,",WRDv2-2_Jersey_18620315-18630122_rr_daily.tsv,DWRUK_JERSEY,Jersey,49.2,-2.13,143,DWR_UKMO,DOI 10.5281/zenodo.5940391,rr,sum,mm,1862-3-15,1863-1-22,
Jersey,"Jersey | Jèrri | the Bailiwick of Jersey,",WRDv2-2_Jersey_18610301-18630122_p_subdaily.tsv,DWRUK_JERSEY,Jersey,49.2,-2.13,143,DWR_UKMO,DOI 10.5281/zenodo.5940391,p,point,hPa,1861-3-1,1863-1-22,PTC=Y | PGC=N
Jersey,"Jersey | Jèrri | the Bailiwick of Jersey,",WRDv2-2_Jersey_18610301-18630122_ta_subdaily.tsv,DWRUK_JERSEY,Jersey,49.2,-2.13,143,DWR_UKMO,DOI 10.5281/zenodo.5940391,ta,point,C,1861-3-1,1863-1-22,
Jersey,"Jersey | Jèrri | the Bailiwick of Jersey,",WRDv2-2_Jersey_18610301-18630122_ta_barometer_subdaily.tsv,DWRUK_JERSEY,Jersey,49.2,-2.13,143,DWR_UKMO,DOI 10.5281/zenodo.5940391,ta,point,C,1861-3-1,1863-1-22,
Jokkmokk,Jokkmokk | Jåhkåmåhkke | Dálvvadis | Jokimukka | Jokinmukka | Jokmokki ,ECAD_Jokkmokk_18601101-20180630_ta_daily.tsv,TG_SOUID_137307,Jokkmokk,66.629722,19.64,254,ECA&D,knmi-ecad-assets-prd.s3.amazonaws.com/download/ECA_nonblend_tg.zip,ta,mean,C,1860-11-1,2018-6-30,"Mean temperature calculated as weighted average of TN, TX and observations at 06, 12 and 18 UT (5 values) | QC software=dataresqc v1.1.1"
Kaisersbach,Kaisersbach Cronhutte | Kaisersbach,GHCNd_Kaisersbach-Cronhutte_18871201-20190730_rr_daily.tsv,GME00124330,KAISERSBACH-CRONHUTTE,48.9181,9.6881,489,GHCN-D,,rr,sum,mm,1887-12-1,2019-7-30,
Kaliningrad,Kaliningrad | Königsberg | Koenigsberg,PALAEO-RA_Kaliningrad_17020101-17021231_ta_subdaily.tsv,Kaliningrad,Kaliningrad,54.716667,20.5,23,PALAEO-RA,,ta,point,unknown,1702-1-1,1702-12-31,Observer=Gottsched
Kaliningrad,Kaliningrad | Königsberg | Koenigsberg,PALAEO-RA_Kaliningrad_17020101-17021231_p_subdaily_qc.tsv,Kaliningrad,Kaliningrad,54.7167,20.5,23,PALAEO-RA,,p,point,hPa,1702-1-1,1702-12-31,Observer=Gottsched | PGC=Y | PTC=N | QC software=dataresqc v1.1.1
Kaliningrad,Kaliningrad | Königsberg | Koenigsberg,PALAEO-RA_Kaliningrad_Lenke_17090101-17090228_ta_daily.tsv,Lenke-Kaliningrad,Königsberg,43.2965,5.36978,44,"Untersuchung der ältesten Temperaturmessungen mit Hilfe des strengen Winters 1708-1709, Walter Lenke",,ta,point,C,1709-1-1,1709-2-28,coords=approx
Kaliningrad,Kaliningrad | Königsberg | Koenigsberg,PALAEO-RA_Kaliningrad_17020101-17021231_dd_subdaily_qc.tsv,Kaliningrad,Kaliningrad,54.716667,20.5,23,PALAEO-RA,,dd,point,degree,1702-1-1,1702-12-31,Observer=Gottsched | QC software=dataresqc v1.1.1
Kamianets,Kamyanets | Kamianets-Podilskyi | Kamjanez-Podilskyj | Kamenez-Podolski | Camenita | Kamieniec Podolski,UA-UHMI_Kamianets_Podilskyi_18440413-18481212_ta_subdaily.tsv,Kamianets_Podilskyi,Kamianets-Podilskyi,48.6667,26.5833,228,UA-UHMI,https://doi.org/10.15407/uhmi.report.01,ta,point,C,1844-4-13,1848-12-12,
Kamianets,Kamyanets | Kamianets-Podilskyi | Kamjanez-Podilskyj | Kamenez-Podolski | Camenita | Kamieniec Podolski,UA-UHMI_Kamianets_Podilskyi_18651201-18661231_ta_subdaily.tsv,Kamianets_Podilskyi,Kamianets-Podilskyi,48.6667,26.5833,228,UA-UHMI,https://doi.org/10.15407/uhmi.report.01,ta,point,C,1865-12-1,1866-12-31,
Kamianets,Kamyanets | Kamianets-Podilskyi | Kamjanez-Podilskyj | Kamenez-Podolski | Camenita | Kamieniec Podolski,UA-UHMI_Kamianets_Podilskyi_18670101-18681130_ta_subdaily.tsv,Kamianets_Podilskyi,Kamianets-Podilskyi,48.6667,26.5833,228,UA-UHMI,https://doi.org/10.15407/uhmi.report.01,ta,point,C,1867-1-1,1868-11-30,
Kamianets,Kamyanets | Kamianets-Podilskyi | Kamjanez-Podilskyj | Kamenez-Podolski | Camenita | Kamieniec Podolski,UA-UHMI_Kamianets_Podilskyi_18440413-18481212_p_subdaily.tsv,Kamianets_Podilskyi,Kamianets-Podilskyi,48.6667,26.5833,228,UA-UHMI,https://doi.org/10.15407/uhmi.report.01,p,point,hPa,1844-4-13,1848-12-12,PTC=N | PGC=Y | QC=Y
Kamianets,Kamyanets | Kamianets-Podilskyi | Kamjanez-Podilskyj | Kamenez-Podolski | Camenita | Kamieniec Podolski,UA-UHMI_Kamianets_Podilskyi_18651201-18661231_p_subdaily.tsv,Kamianets_Podilskyi,Kamianets-Podilskyi,48.6667,26.5833,228,UA-UHMI,https://doi.org/10.15407/uhmi.report.01,p,point,hPa,1865-12-1,1866-12-31,PTC=Y | PGC=Y | QC=Y
Kamianets,Kamyanets | Kamianets-Podilskyi | Kamjanez-Podilskyj | Kamenez-Podolski | Camenita | Kamieniec Podolski,UA-UHMI_Kamianets_Podilskyi_18670101-18681130_p_subdaily.tsv,Kamianets_Podilskyi,Kamianets-Podilskyi,48.6667,26.5833,228,UA-UHMI,https://doi.org/10.15407/uhmi.report.01,p,point,hPa,1867-1-1,1868-11-30,PTC=Y | PGC=Y | QC=Y
Karakol,Przhevalsk | Prschewalsk | Karakol,GHCNd_Przhevalsk_18811101-19910630_rr_daily.tsv,KG000036948,PRZHEVALSK,42.5,78.43,1716,GHCN-D,,rr,sum,mm,1881-11-1,1991-6-30,
Karesuando,Karesuando | Kaaresuvanto | Karesuvanto | Gárasavvon | Karesuanto,ECAD_Karesuando_18781015-20120831_ta_daily.tsv,TG_SOUID_137475,Karesuando,68.441944,22.450278,330,ECA&D,knmi-ecad-assets-prd.s3.amazonaws.com/download/ECA_nonblend_tg.zip,ta,mean,C,1878-10-15,2012-8-31,"Mean temperature calculated as weighted average of TN, TX and observations at 06, 12 and 18 UT (5 values) | QC software=dataresqc v1.1.1"
Kargopol,Kargopol,GHCNd_Kargopol_18830101-20170630_rr_daily.tsv,RSM00022845,KARGOPOL,61.5,38.93,124,GHCN-D,,rr,sum,mm,1883-1-1,2017-6-30,
Karlsruhe,Karlsruhe | Kallsruh | KIT,GHCNd_Karlsruhe_18760101-20081031_rr_daily.tsv,GM000002698,KARLSRUHE,49.0392,8.365,112,GHCN-D,,rr,sum,mm,1876-1-1,2008-10-31,
Karlsruhe,Karlsruhe | Kallsruh | KIT,HISTALP_Karlsruhe_17780421-18681231_p_daily_qc.tsv,KIT_Karlsruhe,Karlsruhe,49.008,8.404121,122,"KIT, HISTALP",DOI:10.1007/s10584-009-9649-4,p,mean,hPa,1778-4-21,1868-12-31,"Observer=J.L.Boeckmann,C.W.Boeckmann,Eisenlohr,Weber | PGC=Y | PTC=Y | QC software=dataresqc v1.1.0 | Orig.res=subdaily | Diurnal cycle=Y"
Karlsruhe,Karlsruhe | Kallsruh | KIT,CAP9WT_Karlsruhe_17780421-20201231_p_daily.tsv,KAR,Karlsruhe,49.039,8.365,112,"Pfister, L., Wilhelm, L., Brugnara, Y., Imfeld, N., & Brönnimann, S. (2024). Weather type reconstruction using machine learning approaches. EGUsphere, 2024, 1-3.",https://doi.org/10.5194/wcd-6-571-2025,p,mean,hPa,1778-4-21,2020-12-31,PTC=Y | PGC=N | homogenized=Y | gap_filled=Y | QC=Y
Karlsruhe,Karlsruhe | Kallsruh | KIT,ECAD_Karlsruhe_18760101-20081031_ta_daily.tsv,TG_SOUID_100182,Karlsruhe,49.039167,8.365,112,ECA&D,knmi-ecad-assets-prd.s3.amazonaws.com/download/ECA_nonblend_tg.zip,ta,mean,C,1876-1-1,2008-10-31,Mean temperature 0-0 UT | QC software=dataresqc v1.1.1
Karlstad,Karlstad,ECAD_Karlstad_18581201-20080930_ta_daily.tsv,TG_SOUID_136152,Karlstad,59.35,13.466667,46,ECA&D,knmi-ecad-assets-prd.s3.amazonaws.com/download/ECA_nonblend_tg.zip,ta,mean,C,1858-12-1,2008-9-30,"Mean temperature calculated as weighted average of TN, TX and observations at 06, 12 and 18 UT (5 values) | QC software=dataresqc v1.1.1"
Kazaly,Kazalinsk | Kazaly | Qazaly,GHCNd_Kazalinsk_18810101-19911231_rr_daily.tsv,KZ000035849,KAZALINSK,45.767,62.117,68,GHCN-D,,rr,sum,mm,1881-1-1,1991-12-31,
Kazan,Kazan,CRU_Kazan_18550101-20001231_p_daily_qc.tsv,WMO-27595,Kazan,55.78,49.13,116,CRU,https://sites.uea.ac.uk/cru/,p,mean,hPa,1855-1-1,2000-12-31,PGC=N | PTC=N
Kazan,Kazan,GHCNd_Kazan_18810101-20170331_rr_daily.tsv,RSM00027595,KAZAN,55.7331,49.2,116,GHCN-D,,rr,sum,mm,1881-1-1,2017-3-31,
Kem,Kem | Kemi | Vienan Kemi,CRU_Kem_18660101-18801231_p_daily_qc.tsv,WMO-22522,Kem,64.95,34.65,8,CRU,https://sites.uea.ac.uk/cru/,p,mean,hPa,1866-1-1,1880-12-31,PGC=N | PTC=N
Kerkwerve,Kerkwerve,GHCNd_Kerkwerve_18780401-20190630_rr_daily.tsv,NLE00100506,KERKWERVE,51.6831,3.8667,7,GHCN-D,,rr,sum,mm,1878-4-1,2019-6-30,
Kew,Kew,WRDv2-2_Kew_18630101-18630530_ta_barometer_subdaily.tsv,DWRUK_KEW,Kew,51.46892,-0.31465,10,DWR_UKMO,DOI 10.5281/zenodo.5940391,ta,point,C,1863-1-1,1863-5-30,Alias=Kings Observatory
Kew,Kew,WRDv2-2_Kew_18630101-18630530_p_subdaily.tsv,DWRUK_KEW,Kew,51.46892,-0.31465,10,DWR_UKMO,DOI 10.5281/zenodo.5940391,p,point,hPa,1863-1-1,1863-5-30,PTC=Y | PGC=N | Alias=Kings Observatory
Kew,Kew,WRDv2-2_Kew_18740101-18861231_p_subdaily.tsv,KEW,Kew Observatory,51.4667,-0.3167,10,UK-HOURLY-BOOKS,https://github.com/ed-hawkins/weather-rescue-data/tree/master/hourly_uk,p,point,hPa,1874-1-1,1886-12-31,"Transcription project led by Lisa Alexander, converted by Jiahao Gu and Ed Hawkins"
Kew,Kew,WRDv2-2_Kew_18630101-18630530_ta_subdaily.tsv,DWRUK_KEW,Kew,51.46892,-0.31465,10,DWR_UKMO,DOI 10.5281/zenodo.5940391,ta,point,C,1863-1-1,1863-5-30,Alias=Kings Observatory
Kezmarok,Kezmarok | Kežmarok | Kesmark | Käsmark | Késmárk | Kezmark | Kieżmark,WeaR_Kezmarok_17890101-17890228_ta_daily.tsv,Kezmarok,Kezmarok,49.135,20.43,626,WeaR,DOI: 10.5194/cp-18-2545-2022,ta,mean,C,1789-1-1,1789-2-28,Observer=Genersich
Kharkiv,Kharkiv | Kharkiv university,UA-UHMI_Kharkiv-University_18450101-18471231_p_subdaily.tsv,Kharkiv_university,"Kharkiv, university",50.0,36.2333,140,UA-UHMI,https://doi.org/10.15407/uhmi.report.01,p,point,hPa,1845-1-1,1847-12-31,PTC=Y | PGC=Y | QC=Y
Kharkiv,Kharkiv | Kharkiv university,UA-UHMI_Kharkiv-University_18400913-18401112_p_subdaily.tsv,Kharkiv_university,"Kharkiv, university",50.0,36.2333,140,UA-UHMI,https://doi.org/10.15407/uhmi.report.01,p,point,hPa,1840-9-13,1840-11-12,PTC=Y | PGC=Y | QC=Y
Kharkiv,Kharkiv | Kharkiv university,UA-UHMI_Kharkiv-University_18450101-18471231_ta_subdaily.tsv,Kharkiv_university,"Kharkiv, university",50.0,36.2333,140,UA-UHMI,https://doi.org/10.15407/uhmi.report.01,ta,point,C,1845-1-1,1847-12-31,
Kharkiv,Kharkiv | Kharkiv university,UA-UHMI_Kharkiv-University_18400913-18401112_ta_subdaily.tsv,Kharkiv_university,"Kharkiv, university",50.0,36.2333,140,UA-UHMI,https://doi.org/10.15407/uhmi.report.01,ta,point,C,1840-9-13,1840-11-12,
Kharkiv,Kharkiv | Kharkiv university,UA-UHMI_Kharkiv-University_18400413-18400912_ta_subdaily.tsv,Kharkiv_university,"Kharkiv, university",50.0,36.2333,140,UA-UHMI,https://doi.org/10.15407/uhmi.report.01,ta,point,C,1840-4-13,1840-9-12,
Kharkiv,Kharkiv | Kharkiv university,UA-UHMI_Kharkiv-University_18770501-18801231_ta_subdaily.tsv,Kharkiv_university,"Kharkiv, university",50.0,36.2333,140,UA-UHMI,https://doi.org/10.15407/uhmi.report.01,ta,point,C,1877-5-1,1880-12-31,Observer=mant teachers | QC=Y
Kharkiv,Kharkiv | Kharkiv university,UA-UHMI_Kharkiv-University_18400413-18400712_p_subdaily.tsv,Kharkiv_university,"Kharkiv, university",50.0,36.2333,140,UA-UHMI,https://doi.org/10.15407/uhmi.report.01,p,point,hPa,1840-4-13,1840-7-12,PTC=Y | PGC=Y | QC=Y
Kharkiv,Kharkiv | Kharkiv university,UA-UHMI_Kharkiv-University_18430126-18450112_ta_subdaily.tsv,Kharkiv_university,"Kharkiv, university",50.0,36.2333,140,UA-UHMI,https://doi.org/10.15407/uhmi.report.01,ta,point,C,1843-1-26,1845-1-12,
Kharkiv,Kharkiv | Kharkiv university,UA-UHMI_Kharkiv-University_18430126-18450112_p_subdaily.tsv,Kharkiv_university,"Kharkiv, university",50.0,36.2333,140,UA-UHMI,https://doi.org/10.15407/uhmi.report.01,p,point,hPa,1843-1-26,1845-1-12,PTC=Y | PGC=Y | QC=Y
Kharkiv,Kharkiv | Kharkiv university,UA-UHMI_Kharkiv-University_18770501-18801231_p_subdaily.tsv,Kharkiv_university,"Kharkiv, university",50.0,36.2333,140,UA-UHMI,https://doi.org/10.15407/uhmi.report.01,p,point,hPa,1877-5-1,1880-12-31,Observer=mant teachers | PTC=Y | PGC=Y | QC=Y
Kherson,Kherson,UA-UHMI_Kherson_18370113-18390712_p_subdaily.tsv,Kherson,Kherson,46.6333,32.5667,20,UA-UHMI,https://doi.org/10.15407/uhmi.report.01,p,point,hPa,1837-1-13,1839-7-12,Observer=students | PTC=N | PGC=Y | QC=Y
Kherson,Kherson,UA-UHMI_Kherson_18081113-18250312_ta_subdaily.tsv,Kherson,Kherson,46.6333,32.5667,20,UA-UHMI,https://doi.org/10.15407/uhmi.report.01,ta,point,C,1808-11-13,1825-3-12,Observer=port employees | QC=Y
Kherson,Kherson,UA-UHMI_Kherson_18250313-18270712_ta_subdaily.tsv,Kherson,Kherson,46.6333,32.5667,20,UA-UHMI,https://doi.org/10.15407/uhmi.report.01,ta,point,C,1825-3-13,1827-7-12,Observer=port employees | QC=Y
Kherson,Kherson,GHCNd_Kherson_18850201-19931231_rr_daily.tsv,UPM00033902,KHERSON,46.633,32.567,54,GHCN-D,,rr,sum,mm,1885-2-1,1993-12-31,
Kherson,Kherson,UA-UHMI_Kherson_18370113-18390712_ta_subdaily.tsv,Kherson,Kherson,46.6333,32.5667,20,UA-UHMI,https://doi.org/10.15407/uhmi.report.01,ta,point,C,1837-1-13,1839-7-12,Observer=students | QC=Y
Kherson,Kherson,UA-UHMI_Kherson_18250313-18270712_p_subdaily.tsv,Kherson,Kherson,46.6333,32.5667,20,UA-UHMI,https://doi.org/10.15407/uhmi.report.01,p,point,hPa,1825-3-13,1827-7-12,Observer=port employees | PTC=N | PGC=Y | QC=Y
Kherson,Kherson,UA-UHMI_Kherson_18081113-18250312_p_subdaily.tsv,Kherson,Kherson,46.6333,32.5667,20,UA-UHMI,https://doi.org/10.15407/uhmi.report.01,p,point,hPa,1808-11-13,1825-3-12,Observer=port employees | PTC=N | PGC=Y | QC=Y
Kiel,Kiel,PALAEO-RA_Kiel_Lenke_17090111-17090329_ta_daily.tsv,Lenke-Kiel,Kiel,43.2965,5.36978,44,"Untersuchung der ältesten Temperaturmessungen mit Hilfe des strengen Winters 1708-1709, Walter Lenke",,ta,point,C,1709-1-11,1709-3-29,coords=approx
Kiel,Kiel,PALAEO-RA_Kiel_17670101-17681231_ta_subdaily_qc.tsv,Europe_Kiel_1,Kiel,54.316667,10.15,5,PALAEO-RA,,ta,point,C,1767-1-1,1768-12-31,Observer=Ackermann|QC software=dataresqc v1.1.0
Kiel,Kiel,PALAEO-RA_Kiel_17670101-17681231_p_subdaily_qc.tsv,Europe_Kiel_1,Kiel,54.316667,10.15,5,PALAEO-RA,,p,point,hPa,1767-1-1,1768-12-31,Observer=Ackermann | PTC=N | PGC=Y | QC software=dataresqc v1.1.0
Kiel,Kiel,PALAEO-RA_Kiel_17670101-17681231_dd_subdaily_qc.tsv,Europe_Kiel_1,Kiel,54.31667,10.15,5,PALAEO-RA,,dd,point,degree,1767-1-1,1768-12-31,Observer=Ackermann | QC software=dataresqc v1.1.1
Kiev,Kyív | Kyiv | Kyev | Kiev,UA-UHMI_Kyiv_18371008-18410312_p_subdaily.tsv,Kyiv,Kyiv,50.45,30.5031,183,UA-UHMI,https://doi.org/10.15407/uhmi.report.01,p,point,hPa,1837-10-8,1841-3-12,PTC=Y | PGC=Y | QC=Y
Kiev,Kyív | Kyiv | Kyev | Kiev,UA-UHMI_Kyiv_18700101-18801231_ta_subdaily.tsv,Kyiv,Kyiv,50.45,30.5031,183,UA-UHMI,https://doi.org/10.15407/uhmi.report.01,ta,point,C,1870-1-1,1880-12-31,
Kiev,Kyív | Kyiv | Kyev | Kiev,UA-UHMI_Kyiv_18560101-18691231_p_subdaily.tsv,Kyiv,Kyiv,50.45,30.5031,183,UA-UHMI,https://doi.org/10.15407/uhmi.report.01,p,point,hPa,1856-1-1,1869-12-31,PTC=Y | PGC=Y | QC=Y
Kiev,Kyív | Kyiv | Kyev | Kiev,UA-UHMI_Kyiv_arboretum_18610801-18620831_p_subdaily.tsv,Kyiv_arboretum,"Kyiv, arboretum",50.43,30.43,143,UA-UHMI,https://doi.org/10.15407/uhmi.report.01,p,point,hPa,1861-8-1,1862-8-31,PTC=Y | PGC=Y | QC=Y
Kiev,Kyív | Kyiv | Kyev | Kiev,UA-UHMI_Kyiv_18700101-18801231_p_subdaily.tsv,Kyiv,Kyiv,50.45,30.5031,183,UA-UHMI,https://doi.org/10.15407/uhmi.report.01,p,point,hPa,1870-1-1,1880-12-31,PTC=Y | PGC=Y | QC=Y
Kiev,Kyív | Kyiv | Kyev | Kiev,CRU_Kiev_18690101-19901231_p_daily_qc.tsv,WMO-33345,Kiev,50.4,30.45,179,CRU,https://sites.uea.ac.uk/cru/,p,mean,hPa,1869-1-1,1990-12-31,PGC=N | PTC=N
Kiev,Kyív | Kyiv | Kyev | Kiev,UA-UHMI_Kyiv_18120129-18251212_ta_subdaily.tsv,Kyiv,Kyiv,50.45,30.5031,183,UA-UHMI,https://doi.org/10.15407/uhmi.report.01,ta,point,C,1812-1-29,1825-12-12,
Kiev,Kyív | Kyiv | Kyev | Kiev,UA-UHMI_Kyiv_18371008-18410312_ta_subdaily.tsv,Kyiv,Kyiv,50.45,30.5031,183,UA-UHMI,https://doi.org/10.15407/uhmi.report.01,ta,point,C,1837-10-8,1841-3-12,
Kiev,Kyív | Kyiv | Kyev | Kiev,UA-UHMI_Kyiv_arboretum_18580101-18620831_ta_subdaily.tsv,Kyiv_arboretum,"Kyiv, arboretum",50.43,30.43,143,UA-UHMI,https://doi.org/10.15407/uhmi.report.01,ta,point,C,1858-1-1,1862-8-31,
Kiev,Kyív | Kyiv | Kyev | Kiev,GHCNd_Kiev_18810101-20051231_rr_daily.tsv,UPM00033345,KIEV,50.4,30.5331,166,GHCN-D,,rr,sum,mm,1881-1-1,2005-12-31,
Kiev,Kyív | Kyiv | Kyev | Kiev,UA-UHMI_Kyiv_18560101-18691231_ta_subdaily.tsv,Kyiv,Kyiv,50.45,30.5031,183,UA-UHMI,https://doi.org/10.15407/uhmi.report.01,ta,point,C,1856-1-1,1869-12-31,
Kilkenny,Kilkenny | Cill Chainnigh,ILMMT_Kilkenny_18621201-18640531_Tn_daily.tsv,ILMMT-Kilkenny,Kilkenny,52.654,-7.245,60,"Mateus, C., Potito, A., & Curley, M. (2020). Reconstruction of a long‐term historical daily maximum and minimum air temperature network dataset for Ireland (1831‐1968). Geoscience Data Journal, 7(2), 102-115.",https://www.edepositireland.ie/entities/publication/7271837d-dbe6-463f-b103-422f42a15446,Tn,minimum,C,1862-12-1,1864-5-31,Observer=Patrick Duffy | Instrument=Max/Min thermometers | DataSource=Kilkenny Journal | Notes=whole degree precision
Kilkenny,Kilkenny | Cill Chainnigh,ILMMT_Kilkenny_18621201-18640531_Tx_daily.tsv,ILMMT-Kilkenny,Kilkenny,52.654,-7.245,60,"Mateus, C., Potito, A., & Curley, M. (2020). Reconstruction of a long‐term historical daily maximum and minimum air temperature network dataset for Ireland (1831‐1968). Geoscience Data Journal, 7(2), 102-115.",https://www.edepositireland.ie/entities/publication/7271837d-dbe6-463f-b103-422f42a15446,Tx,minimum,C,1862-12-1,1864-5-31,Observer=Patrick Duffy | Instrument=Max/Min thermometers | DataSource=Kilkenny Journal | Notes=whole degree precision
Killarney,Killarney | Cill Airne,ILMMT_Killarney_18810501-19330131_Tn_daily_qc.tsv,ILMMT-Killarney,Killarney,52.062,-9.507,20.7,"Mateus, C., Potito, A., & Curley, M. (2020). Reconstruction of a long‐term historical daily maximum and minimum air temperature network dataset for Ireland (1831‐1968). Geoscience Data Journal, 7(2), 102-115.",https://www.edepositireland.ie/entities/publication/7271837d-dbe6-463f-b103-422f42a15446,Tn,minimum,C,1881-5-1,1933-1-31,"Observer=V. A. G. R. Wynne (1881-1898), G. J. Wynne (1920) | Instrument=Stevenson screen, Max/Min thermometers | Location=The Park, Killarney; 0.1F precision used in primary manuscript series. | QC software=dataresqc v1.1.1"
Killarney,Killarney | Cill Airne,ILMMT_Killarney_18810501-19321231_Tx_daily_qc.tsv,ILMMT-Killarney,Killarney,52.062,-9.507,20.7,"Mateus, C., Potito, A., & Curley, M. (2020). Reconstruction of a long‐term historical daily maximum and minimum air temperature network dataset for Ireland (1831‐1968). Geoscience Data Journal, 7(2), 102-115.",https://www.edepositireland.ie/entities/publication/7271837d-dbe6-463f-b103-422f42a15446,Tx,maximum,C,1881-5-1,1932-12-31,"Observer=V. A. G. R. Wynne (1881-1898), G. J. Wynne (1920) | Instrument=Stevenson screen, Max/Min thermometers | Location=The Park, Killarney; 0.1F precision used in primary manuscript series. | QC software=dataresqc v1.1.1"
Killough,Killough | Cill Locha,ILMMT_Killough_18510101-18540731_Tn_daily.tsv,ILMMT-Killough,Killough,54.217,-5.667,7,"Mateus, C., Potito, A., & Curley, M. (2020). Reconstruction of a long‐term historical daily maximum and minimum air temperature network dataset for Ireland (1831‐1968). Geoscience Data Journal, 7(2), 102-115.",https://www.edepositireland.ie/entities/publication/7271837d-dbe6-463f-b103-422f42a15446,Tn,minimum,C,1851-1-1,1854-7-31,"Observer=Light-keepers | Instrument=Self-registering thermometers | Location=St. John's Point Lighthouse, Killough | DataSource=Royal Irish Academy Manuscript 12M16 (1851-1852); Royal Irish Academy Manuscript 24 O 39/JOD/394 (`Johns Point`) (July 1854)Notes=whole degree precision"
Killough,Killough | Cill Locha,ILMMT_Killough_18510101-18540731_Tx_daily.tsv,ILMMT-Killough,Killough,54.217,-5.667,7,"Mateus, C., Potito, A., & Curley, M. (2020). Reconstruction of a long‐term historical daily maximum and minimum air temperature network dataset for Ireland (1831‐1968). Geoscience Data Journal, 7(2), 102-115.",https://www.edepositireland.ie/entities/publication/7271837d-dbe6-463f-b103-422f42a15446,Tx,minimum,C,1851-1-1,1854-7-31,"Observer=Light-keepers | Instrument=Self-registering thermometers | Location=St. John's Point Lighthouse, Killough | DataSource=Royal Irish Academy Manuscript 12M16 (1851-1852); Royal Irish Academy Manuscript 24 O 39/JOD/394 (`Johns Point`) (July 1854)Notes=whole degree precision"
Killybegs,Killybegs | Na Cealla Beaga,ILMMT_Killybegs_18501001-18510621_Tx_daily.tsv,ILMMT-Killybegs,Killybegs,54.567,-8.45,6.1,"Mateus, C., Potito, A., & Curley, M. (2020). Reconstruction of a long‐term historical daily maximum and minimum air temperature network dataset for Ireland (1831‐1968). Geoscience Data Journal, 7(2), 102-115.",https://www.edepositireland.ie/entities/publication/7271837d-dbe6-463f-b103-422f42a15446,Tx,minimum,C,1850-10-1,1851-6-21,Observer=Light-keepers | Instrument=Self-registering thermometers | Location=Killybegs (Rotten Island) Lighthouse | Note=0.1F precision.
Killybegs,Killybegs | Na Cealla Beaga,ILMMT_Killybegs_18501001-18510621_Tn_daily.tsv,ILMMT-Killybegs,Killybegs,54.567,-8.45,6.1,"Mateus, C., Potito, A., & Curley, M. (2020). Reconstruction of a long‐term historical daily maximum and minimum air temperature network dataset for Ireland (1831‐1968). Geoscience Data Journal, 7(2), 102-115.",https://www.edepositireland.ie/entities/publication/7271837d-dbe6-463f-b103-422f42a15446,Tn,minimum,C,1850-10-1,1851-6-21,Observer=Light-keepers | Instrument=Self-registering thermometers | Location=Killybegs (Rotten Island) Lighthouse | Note=0.1F precision.
Kilrush,Kilrush | Cill Rois,ILMMT_Kilrush_18501001-18510630_Tx_daily_qc.tsv,ILMMT-Kilrush,Kilrush,52.633,-9.5,5.8,"Mateus, C., Potito, A., & Curley, M. (2020). Reconstruction of a long‐term historical daily maximum and minimum air temperature network dataset for Ireland (1831‐1968). Geoscience Data Journal, 7(2), 102-115.",https://www.edepositireland.ie/entities/publication/7271837d-dbe6-463f-b103-422f42a15446,Tx,minimum,C,1850-10-1,1851-6-30,"Observer=Coast-guard boatmen | Instrument=Self-registering thermometers | Location=Kilrush coast-guard station | Notes=mixed precision (0.1F early, whole degrees later). | QC software=dataresqc v1.1.1"
Kilrush,Kilrush | Cill Rois,ILMMT_Kilrush_18501001-18510630_Tn_daily.tsv,ILMMT-Kilrush,Kilrush,52.633,-9.5,5.8,"Mateus, C., Potito, A., & Curley, M. (2020). Reconstruction of a long‐term historical daily maximum and minimum air temperature network dataset for Ireland (1831‐1968). Geoscience Data Journal, 7(2), 102-115.",https://www.edepositireland.ie/entities/publication/7271837d-dbe6-463f-b103-422f42a15446,Tn,minimum,C,1850-10-1,1851-6-30,"Observer=Coast-guard boatmen | Instrument=Self-registering thermometers | Location=Kilrush coast-guard station | Notes=mixed precision (0.1F early, whole degrees later)."
Kingstown,Kingstown,WRDv2-2_Kingstown_18720713-18750331_rr_daily.tsv,DWRUK_KINGSTOWN,Kingstown,53.2965,-6.13423,19,DWR_UKMO,DOI 10.5281/zenodo.5940391,rr,sum,mm,1872-7-13,1875-3-31,Alias=Dún Laoghaire;Dunleary
Kingstown,Kingstown,WRDv2-2_Kingstown_18720713-18750331_ta_subdaily.tsv,DWRUK_KINGSTOWN,Kingstown,53.2965,-6.13423,19,DWR_UKMO,DOI 10.5281/zenodo.5940391,ta,point,C,1872-7-13,1875-3-31,Alias=Dún Laoghaire;Dunleary
Kingstown,Kingstown,WRDv2-2_Kingstown_18720713-18750331_Tx_daily.tsv,DWRUK_KINGSTOWN,Kingstown,53.2965,-6.13423,19,DWR_UKMO,DOI 10.5281/zenodo.5940391,Tx,maximum,C,1872-7-13,1875-3-31,Alias=Dún Laoghaire;Dunleary
Kingstown,Kingstown,WRDv2-2_Kingstown_18720713-18750331_ta_barometer_subdaily.tsv,DWRUK_KINGSTOWN,Kingstown,53.2965,-6.13423,19,DWR_UKMO,DOI 10.5281/zenodo.5940391,ta,point,C,1872-7-13,1875-3-31,Alias=Dún Laoghaire;Dunleary
Kingstown,Kingstown,WRDv2-2_Kingstown_18720713-18750331_Tn_daily.tsv,DWRUK_KINGSTOWN,Kingstown,53.2965,-6.13423,19,DWR_UKMO,DOI 10.5281/zenodo.5940391,Tn,minimum,C,1872-7-13,1875-3-31,Alias=Dún Laoghaire;Dunleary
Kingstown,Kingstown,WRDv2-2_Kingstown_18720713-18750331_p_subdaily.tsv,DWRUK_KINGSTOWN,Kingstown,53.2965,-6.13423,19,DWR_UKMO,DOI 10.5281/zenodo.5940391,p,point,hPa,1872-7-13,1875-3-31,PTC=Y | PGC=N | Alias=Dún Laoghaire;Dunleary
Kirov,Kirov | Vyatka | Khlynov,GHCNd_Kirov_18810101-20190831_rr_daily.tsv,RSM00027199,KIROV,58.6,49.6331,157,GHCN-D,,rr,sum,mm,1881-1-1,2019-8-31,
Kisinev,Kisinev | Chișinău | Kishinev,GHCNd_Kisinev_18861101-20031231_rr_daily.tsv,MD000033815,KISINEV,47.02,28.87,173,GHCN-D,,rr,sum,mm,1886-11-1,2003-12-31,
Kisinev,Kisinev | Chișinău | Kishinev,GHCNd_Kisinev_18861101-20241231_ta_daily.tsv,MD000033815,Kisinev,47.02,28.87,173,GHCNd,ncei.noaa.gov/products/land-based-station/global-historical-climatology-network-daily,ta,mean,C,1886-11-1,2024-12-31,QC software=dataresqc v1.1.1
Kislovodsk,Kislovodsk,ECAD_Kislovodsk_18860101-20190630_ta_daily.tsv,TG_SOUID_152343,Kislovodsk,43.9,42.716667,943,ECA&D,knmi-ecad-assets-prd.s3.amazonaws.com/download/ECA_nonblend_tg.zip,ta,mean,C,1886-1-1,2019-6-30,QC software=dataresqc v1.1.1
Kislovodsk,Kislovodsk,GHCNd_Kislovodsk_18860101-20131231_rr_daily.tsv,RSM00037123,KISLOVODSK,43.9,42.72,890,GHCN-D,,rr,sum,mm,1886-1-1,2013-12-31,
Kola,Kola | Guoládat | Kola in Murman | Kola in Murmansk,GHCNd_Kola-In-Murman_18810201-19831031_rr_daily.tsv,RSM00022112,KOLA-IN-MURMAN,68.883,33.017,7,GHCN-D,,rr,sum,mm,1881-2-1,1983-10-31,
KonKolodez,Kon-Kolodez ,ECAD_KonKolodez_18930201-20190630_ta_daily.tsv,TG_SOUID_151753,KonKolodez,52.15,39.15,135,ECA&D,knmi-ecad-assets-prd.s3.amazonaws.com/download/ECA_nonblend_tg.zip,ta,mean,C,1893-2-1,2019-6-30,QC software=dataresqc v1.1.1
Kostroma,Kostroma,CRU_Kostroma_18500101-18681231_p_daily_qc.tsv,WMO-27333,Kostroma,57.73,40.78,126,CRU,https://sites.uea.ac.uk/cru/,p,mean,hPa,1850-1-1,1868-12-31,PGC=N | PTC=N
Kremsmuenster,Kremsmünster | Kremsmuenster,GHCNd_Kremsmuenster_18760101-20170530_rr_daily.tsv,AU000005010,KREMSMUENSTER,48.05,14.1331,383,GHCN-D,,rr,sum,mm,1876-1-1,2017-5-30,
Kristiansund,Christians | Kristiansund | Christianssund | Fosna,WRDv2-2_Kristiansund_18700103-18750331_ta_subdaily.tsv,DWRUK_CHRISTIANS,Christiansund,63.11,7.73,10,DWR_UKMO,DOI 10.5281/zenodo.5940391,ta,point,C,1870-1-3,1875-3-31,Alias=Kristiansund
Kristiansund,Christians | Kristiansund | Christianssund | Fosna,WRDv2-2_Kristiansund_18700103-18750331_p_subdaily.tsv,DWRUK_CHRISTIANS,Christiansund,63.11,7.73,10,DWR_UKMO,DOI 10.5281/zenodo.5940391,p,point,hPa,1870-1-3,1875-3-31,PTC=? | PGC=? | Alias=Kristiansund
Kristiansund,Christians | Kristiansund | Christianssund | Fosna,WRDv2-2_Kristiansund_18720104-18750331_ta_barometer_subdaily.tsv,DWRUK_CHRISTIANS,Christiansund,63.11,7.73,10,DWR_UKMO,DOI 10.5281/zenodo.5940391,ta,point,C,1872-1-4,1875-3-31,Alias=Kristiansund
Kuesnacht,Kuesnacht | Küsnacht | Chüsnacht | Chüsnecht,CHIMES_Kuesnacht_18520328-18561115_rh_subdaily_qc.tsv,Küsnacht,Küsnacht,47.31701,8.58323,420,CHIMES,https://doi.pangaea.de/10.1594/PANGAEA.948258,rh,point,%,1852-3-28,1856-11-15,"Observer=Zollinger,others | QC software=dataresqc v1.1.1"
Kuesnacht,Kuesnacht | Küsnacht | Chüsnacht | Chüsnecht,GCOS_Kuesnacht_18520111-18560830_Tx_daily_qc.tsv,Kuesnacht,Küsnacht,47.31701,8.58323,420,GCOS,https://doi.pangaea.de/10.1594/PANGAEA.948258,Tx,max,C,1852-1-11,1856-8-30,"Observer=Zollinger,others | QC software=dataresqc v1.1.0"
Kuesnacht,Kuesnacht | Küsnacht | Chüsnacht | Chüsnecht,CHIMES_Kuesnacht_18520111-18561011_p_subdaily_qc.tsv,ZH08_Kuesnacht,Küsnacht,47.31701,8.58323,420,CHIMES,https://doi.org/10.5194/cp-15-1345-2019,p,point,hPa,1852-1-11,1856-10-11,"Observer=Zollinger,Unknown | PTC=Y | PGC=Y | QC software=dataresqc v1.0.3"
Kuesnacht,Kuesnacht | Küsnacht | Chüsnacht | Chüsnecht,GCOS_Kuesnacht_18520111-18561115_Tn_daily_qc.tsv,Kuesnacht,Küsnacht,47.31701,8.58323,420,GCOS,https://doi.pangaea.de/10.1594/PANGAEA.948258,Tn,min,C,1852-1-11,1856-11-15,"Observer=Zollinger,others | QC software=dataresqc v1.1.1"
Kuesnacht,Kuesnacht | Küsnacht | Chüsnacht | Chüsnecht,CHIMES_Kuesnacht_18520111-18561115_dd_subdaily_qc.tsv,Küsnacht,Küsnacht,47.31701,8.58323,420,CHIMES,https://doi.pangaea.de/10.1594/PANGAEA.948258,dd,point,degree,1852-1-11,1856-11-15,"Observer=Zollinger,others | QC software=dataresqc v1.1.1"
Kuesnacht,Kuesnacht | Küsnacht | Chüsnacht | Chüsnecht,GCOS_Kuesnacht_18520111-18561115_ta_subdaily_qc.tsv,Kuesnacht,Küsnacht,47.31701,8.58323,420,GCOS,https://doi.pangaea.de/10.1594/PANGAEA.948258,ta,point,C,1852-1-11,1856-11-15,"Observer=Zollinger,others | QC software=dataresqc v1.1.0"
Kunzelsau,Kunzelsau | Künzelsau | Kinzelse,GHCNd_Kunzelsau_18871201-19800630_rr_daily.tsv,GME00124858,KUNZELSAU,49.2806,9.6933,225,GHCN-D,,rr,sum,mm,1887-12-1,1980-6-30,
Kursk,Kursk,ECAD_Kursk_18910101-20190630_ta_daily.tsv,TG_SOUID_100309,Kursk,51.766667,36.166667,246,ECA&D,knmi-ecad-assets-prd.s3.amazonaws.com/download/ECA_nonblend_tg.zip,ta,mean,C,1891-1-1,2019-6-30,QC software=dataresqc v1.1.1
KvikkjokkArrenjarka,Kvikkjokk | Kvikkjokk-Arrenjarka | Huhttán,ECAD_KvikkjokkArrenjarka_18870901-20130331_ta_daily.tsv,TG_SOUID_137346,KvikkjokkArrenjarka,66.959722,17.73,314,ECA&D,knmi-ecad-assets-prd.s3.amazonaws.com/download/ECA_nonblend_tg.zip,ta,mean,C,1887-9-1,2013-3-31,"Mean temperature calculated as weighted average of TN, TX and observations at 06, 12 and 18 UT (5 values) | QC software=dataresqc v1.1.1"
LaCorunna,A Coruña | La Coruña | Coruña | La Corunya | La Corunna | The Groyne,WRDv2-2_La-Corunna_18660116-18750328_ta_subdaily.tsv,DWRUK_CORUNNA,Corunna,43.35,-8.4,225,DWR_UKMO,DOI 10.5281/zenodo.5940391,ta,point,C,1866-1-16,1875-3-28,alias=A Coruña
LaCorunna,A Coruña | La Coruña | Coruña | La Corunya | La Corunna | The Groyne,CRU_Lacoruna_18651227-20021231_p_daily_qc.tsv,WMO-8001,Lacoruna,43.16,-8.5,58,CRU,https://sites.uea.ac.uk/cru/,p,mean,hPa,1865-12-27,2002-12-31,PGC=N | PTC=N
LaCorunna,A Coruña | La Coruña | Coruña | La Corunya | La Corunna | The Groyne,WRDv2-2_La-Corunna_18660116-18750328_p_subdaily.tsv,DWRUK_CORUNNA,Corunna,43.35,-8.4,225,DWR_UKMO,DOI 10.5281/zenodo.5940391,p,point,hPa,1866-1-16,1875-3-28,PTC=? | PGC=? | alias=A Coruña
LaCorunna,A Coruña | La Coruña | Coruña | La Corunya | La Corunna | The Groyne,EMULATE_Lacoruna_18710103-18711230_p_subdaily.tsv,LACORUNA,LACORUNA,43.36,-8.41,225,EMULATE,DOI 10.5281/zenodo.5940391,p,point,hPa,1871-1-3,1871-12-30,
LaHague,La Hague | Pointe de la Hague | Pte de la Hague,GHCNd_Pte-De-La-Hague_18800101-20190731_rr_daily.tsv,FRE00104937,PTE DE LA HAGUE,49.7253,-1.9394,6,GHCN-D,,rr,sum,mm,1880-1-1,2019-7-31,
LaRochelle,La Rochelle | La Rochéle,PALAEO-RA_LaRochelle_17820109-17901231_w_subdaily.tsv,Palatine-Society_LaRochelle,La Rochelle,46.160329,-1.151139,19,PALAEO-RA,,w,point,0-4,1782-1-9,1790-12-31,Observer=Seignette
LaRochelle,La Rochelle | La Rochéle,PALAEO-RA_LaRochelle_17870101-17881231_ta_daily_qc.tsv,Palatine-Society_LaRochelle,La Rochelle,46.160329,-1.151139,19,PALAEO-RA,,ta,mean,C,1787-1-1,1788-12-31,Observer=Seignette | QC software=dataresqc v1.1.1
LaRochelle,La Rochelle | La Rochéle,PALAEO-RA_LaRochelle_17830101-17861231_rr_daily_qc.tsv,Palatine-Society_LaRochelle,La Rochelle,46.160329,-1.151139,19,PALAEO-RA,,rr,sum,mm,1783-1-1,1786-12-31,Observer=Seignette | QC software=dataresqc v1.1.1
LaRochelle,La Rochelle | La Rochéle,PALAEO-RA_LaRochelle_17820101-17901231_dd_subdaily_qc.tsv,Palatine-Society_LaRochelle,La Rochelle,46.160329,-1.151139,19,PALAEO-RA,,dd,point,degree,1782-1-1,1790-12-31,Observer=Seignette | QC software=dataresqc v1.1.1
LaRochelle,La Rochelle | La Rochéle,PALAEO-RA_LaRochelle_17820101-17901231_p_subdaily_qc.tsv,Palatine-Society_LaRochelle,La Rochelle,46.160329,-1.151139,19,PALAEO-RA,,p,point,hPa,1782-1-1,1790-12-31,Observer=Seignette | PGC=Y | PTC=Y | Instrument=Palatine Society | QC software=dataresqc v1.1.1
LaRochelle,La Rochelle | La Rochéle,PALAEO-RA_LaRochelle_17870101-17881231_p_daily_qc.tsv,Palatine-Society_LaRochelle,La Rochelle,46.160329,-1.151139,19,PALAEO-RA,,p,mean,hPa,1787-1-1,1788-12-31,Observer=Seignette | PGC=Y | PTC=Y | Instrument=Palatine Society | QC software=dataresqc v1.1.1
LaRochelle,La Rochelle | La Rochéle,PALAEO-RA_LaRochelle_17820101-17901231_ta_subdaily_qc.tsv,Palatine-Society_LaRochelle,La Rochelle,46.160329,-1.151139,19,PALAEO-RA,,ta,point,C,1782-1-1,1790-12-31,Observer=Seignette | Instrument=Palatine Society | QC software=dataresqc v1.1.1
Laghouat,Laghouat | al-Aghwāṭ | al-Aġwāṭ | Leɣwaṭ,MEDARE_Laghouat_18880101-19381229_rr_daily.tsv,60545,Laghouat,33.8,2.89,767,Medare,https://www.idare-portal.org/data/medare,rr,sum,mm,1888-1-1,1938-12-29,
Lausanne,Lausanne | Lausannen | Losannen | Losena Losanna,CHIMES_Lausanne_Verdeil_17830123-17831231_ta_subdaily_qc.tsv,VD02_Lausanne_Verdeil,Lausanne,46.52177,6.63482,514,CHIMES,https://doi.org/10.5194/cp-15-1345-2019,ta,point,C,1783-1-23,1783-12-31,Observer=François Verdeil | QC software=dataresqc v1.1.1
Lausanne,Lausanne | Lausannen | Losannen | Losena Losanna,CHIMES_Lausanne_Unknown_18080201-18091231_ta_subdaily_qc.tsv,VD02_Lausanne_Unknown,Lausanne,46.52177,6.63482,514,CHIMES,https://doi.org/10.5194/cp-15-1345-2019,ta,point,C,1808-2-1,1809-12-31,Observer=Unknown | QC software=dataresqc v1.0.3
Lausanne,Lausanne | Lausannen | Losannen | Losena Losanna,CHIMES_Lausanne_Verdeil_17830123-17831231_p_subdaily_qc.tsv,VD02_Lausanne_Verdeil,Lausanne,46.52177,6.63482,514,CHIMES,https://doi.org/10.5194/cp-15-1345-2019,p,point,hPa,1783-1-23,1783-12-31,Observer=François Verdeil | PTC=N | PGC=Y | QC software=dataresqc v1.1.1
Leiden,Leiden,KNMI_Leiden_16970201-16981231_ta_daily_qc.tsv,KNMI-Leiden,Leiden,52.160114,4.49701,2,KNMI,https://www.knmi.nl/nederland-nu/klimatologie/daggegevens/antieke-waarnemingen,ta,point,C,1697-2-1,1698-12-31,Observer=Wolferd Senguerd | Instrument=liquid thermometer | QC software=dataresqc v1.1.1
Leiden,Leiden,KNMI_Leiden_16970201-16981231_p_daily_qc.tsv,KNMI-Leiden,Leiden,52.160114,4.49701,2,KNMI,https://www.knmi.nl/nederland-nu/klimatologie/daggegevens/antieke-waarnemingen,p,point,hPa,1697-2-1,1698-12-31,Observer=Wolferd Senguerd | PTC=Y | PGC=Y | QC software=dataresqc v1.1.1
Leiden,Leiden,KNMI_Leiden_17400101-17921231_ta_subdaily_qc.tsv,KNMI-Leiden,Leiden,52.16,4.5,2,KNMI,https://www.knmi.nl/nederland-nu/klimatologie/daggegevens/antieke-waarnemingen,ta,point,C,1740-1-1,1792-12-31,QC software=dataresqc v1.1.1
Leiden,Leiden,KNMI_Leiden_17400101-17581231_dd_subdaily_qc.tsv,KNMI-Leiden,Leiden,52.16,4.5,2,KNMI,https://www.knmi.nl/nederland-nu/klimatologie/daggegevens/antieke-waarnemingen,dd,point,degree,1740-1-1,1758-12-31,QC software=dataresqc v1.1.1
Leiden,Leiden,KNMI_Leiden_16970201-16981231_dd_daily_qc.tsv,KNMI-Leiden,Leiden,52.160114,4.49701,2,KNMI,https://www.knmi.nl/nederland-nu/klimatologie/daggegevens/antieke-waarnemingen,dd,point,degree,1697-2-1,1698-12-31,Observer=Wolferd Senguerd | QC software=dataresqc v1.1.1
Leiden,Leiden,KNMI_Leiden_17400101-17581231_rr_subdaily.tsv,KNMI-Leiden,Leiden,52.16,4.5,2,KNMI,https://www.knmi.nl/nederland-nu/klimatologie/daggegevens/antieke-waarnemingen,rr,point,mm,1740-1-1,1758-12-31,QC software=dataresqc v1.1.1
Leiden,Leiden,KNMI_Leiden_17400101-17581231_p_subdaily_qc.tsv,KNMI-Leiden,Leiden,52.16,4.5,2,KNMI,https://www.knmi.nl/nederland-nu/klimatologie/daggegevens/antieke-waarnemingen,p,point,hPa,1740-1-1,1758-12-31,PTC=Y | PGC=Y | QC software=dataresqc v1.1.1
Leipzig,Leipzig | Leibzsch | Lipsk,GHCNd_Leipzig-Holzhausen_18631201-20190730_rr_daily.tsv,GME00125218,LEIPZIG-HOLZHAUSEN,51.3164,12.4475,138,GHCN-D,,rr,sum,mm,1863-12-1,2019-7-30,
Leith,Leith | Lìte,WRDv2-2_Leith_18610301-18750331_ta_subdaily.tsv,DWRUK_LEITH,Leith Links,55.97082,-3.16255,294,DWR_UKMO,DOI 10.5281/zenodo.5940391,ta,point,C,1861-3-1,1875-3-31,
Leith,Leith | Lìte,WRDv2-2_Leith_18720114-18750331_Tx_daily.tsv,DWRUK_LEITH,Leith Links,55.97082,-3.16255,294,DWR_UKMO,DOI 10.5281/zenodo.5940391,Tx,maximum,C,1872-1-14,1875-3-31,
Leith,Leith | Lìte,WRDv2-2_Leith_18610301-18750331_ta_barometer_subdaily.tsv,DWRUK_LEITH,Leith Links,55.97082,-3.16255,294,DWR_UKMO,DOI 10.5281/zenodo.5940391,ta,point,C,1861-3-1,1875-3-31,
Leith,Leith | Lìte,WRDv2-2_Leith_18720114-18750331_Tn_daily.tsv,DWRUK_LEITH,Leith Links,55.97082,-3.16255,294,DWR_UKMO,DOI 10.5281/zenodo.5940391,Tn,minimum,C,1872-1-14,1875-3-31,
Leith,Leith | Lìte,WRDv2-2_Leith_18630501-18750331_rr_daily.tsv,DWRUK_LEITH,Leith Links,55.97082,-3.16255,294,DWR_UKMO,DOI 10.5281/zenodo.5940391,rr,sum,mm,1863-5-1,1875-3-31,
Leith,Leith | Lìte,WRDv2-2_Leith_18610301-18750331_p_subdaily.tsv,DWRUK_LEITH,Leith Post Office,55.974339,-3.167152,294,DWR_UKMO,DOI 10.5281/zenodo.5940391,p,point,hPa,1861-3-1,1875-3-31,PTC=Y | PGC=N
Lesina,Lesina,CRU_Lesina_18690101-18811231_p_daily_qc.tsv,WMO-13333,Lesina,43.53,16.3,21,CRU,https://sites.uea.ac.uk/cru/,p,mean,hPa,1869-1-1,1881-12-31,PGC=N | PTC=N
Liepaja,Liepaja | Liepāja | Libau,GHCNd_Liepaja_18810101-19990630_rr_daily.tsv,LG000026406,LIEPAJA,56.4831,21.0167,7,GHCN-D,,rr,sum,mm,1881-1-1,1999-6-30,
Lille,Lille | Rijsel | Lile | Rysel,WeaR_Lille_17881101-17890228_ta_daily.tsv,SRM_Lille,Lille,50.63,3.06,25,WeaR,DOI: 10.5194/cp-18-2545-2022,ta,mean,C,1788-11-1,1789-2-28,Observer=Saladin (Société Royale de Médécine)
Lille,Lille | Rijsel | Lile | Rysel,WeaR_Lille_17881101-17890228_p_daily.tsv,SRM_Lille,Lille,50.63,3.06,25,WeaR,DOI: 10.5194/cp-18-2545-2022,p,mean,hPa,1788-11-1,1789-2-28,Observer=Saladin (Société Royale de Médécine) | PGC=Y | PTC=Y
Lisbon,Lisbon | Lisboa | Very Noble and Ever Loyal City of Lisbon | Mui nobre e sempre leal cidade de Lisboa,EMULATE_Lisbon_18690103-18811230_p_subdaily.tsv,LISBON,LISBON,38.72,-9.14,51,EMULATE,DOI 10.5281/zenodo.5940391,p,point,hPa,1869-1-3,1881-12-30,
Lisbon,Lisbon | Lisboa | Very Noble and Ever Loyal City of Lisbon | Mui nobre e sempre leal cidade de Lisboa,WRDv2-2_Lisbon_18610830-18630617_p_subdaily.tsv,DWRUK_LISBON,Lisbon Observatory,38.71084,-9.187467,51,DWR_UKMO,DOI 10.5281/zenodo.5940391,p,point,hPa,1861-8-30,1863-6-17,PTC=? | PGC=? | alias=Infante Dom Luiz Meteorological Observatory
Lisbon,Lisbon | Lisboa | Very Noble and Ever Loyal City of Lisbon | Mui nobre e sempre leal cidade de Lisboa,WRDv2-2_Lisbon_18610830-18630617_ta_subdaily.tsv,DWRUK_LISBON,Lisbon Observatory,38.71084,-9.187467,51,DWR_UKMO,DOI 10.5281/zenodo.5940391,ta,point,C,1861-8-30,1863-6-17,alias=Infante Dom Luiz Meteorological Observatory
Liverpool,Liverpool,WRDv2-2_Liverpool_18611211-18750331_rr_daily.tsv,DWRUK_LIVERPOOL,Bidston Observatory,53.400735,-3.074226,30,DWR_UKMO,DOI 10.5281/zenodo.5940391,rr,sum,mm,1861-12-11,1875-3-31,
Liverpool,Liverpool,EMULATE_Liverpool_18680101-18710228_p_subdaily.tsv,LIVERPOOL,LIVERPOOL,53.4,-3.08,30,EMULATE,DOI 10.5281/zenodo.5940391,p,point,hPa,1868-1-1,1871-2-28,
Liverpool,Liverpool,WeaR_Liverpool_17881101-17890228_ta_daily.tsv,Liverpool,Liverpool,53.4,-2.99,15,WeaR,DOI: 10.5194/cp-18-2545-2022,ta,mean,C,1788-11-1,1789-2-28,Observer=Hutchinson
Liverpool,Liverpool,WRDv2-2_Liverpool_18610301-18750331_p_subdaily.tsv,DWRUK_LIVERPOOL,Bidston Observatory,53.400735,-3.074226,60,DWR_UKMO,DOI 10.5281/zenodo.5940391,p,point,hPa,1861-3-1,1875-3-31,PTC=Y | PGC=N
Liverpool,Liverpool,WRDv2-2_Liverpool_18720114-18750331_Tx_daily.tsv,DWRUK_LIVERPOOL,Bidston Observatory,53.400735,-3.074226,30,DWR_UKMO,DOI 10.5281/zenodo.5940391,Tx,maximum,C,1872-1-14,1875-3-31,
Liverpool,Liverpool,WRDv2-2_Liverpool_18610301-18750331_ta_subdaily.tsv,DWRUK_LIVERPOOL,Bidston Observatory,53.400735,-3.074226,30,DWR_UKMO,DOI 10.5281/zenodo.5940391,ta,point,C,1861-3-1,1875-3-31,
Liverpool,Liverpool,WRDv2-2_Liverpool_18610301-18750331_ta_barometer_subdaily.tsv,DWRUK_LIVERPOOL,Bidston Observatory,53.400735,-3.074226,30,DWR_UKMO,DOI 10.5281/zenodo.5940391,ta,point,C,1861-3-1,1875-3-31,
Liverpool,Liverpool,WRDv2-2_Liverpool_18720114-18750331_Tn_daily.tsv,DWRUK_LIVERPOOL,Bidston Observatory,53.400735,-3.074226,30,DWR_UKMO,DOI 10.5281/zenodo.5940391,Tn,minimum,C,1872-1-14,1875-3-31,
Liverpool,Liverpool,WeaR_Liverpool_17881101-17890228_p_daily.tsv,Liverpool,Liverpool,53.4,-2.99,15,WeaR,DOI: 10.5194/cp-18-2545-2022,p,mean,hPa,1788-11-1,1789-2-28,Observer=Hutchinson | PGC=Y
Loebau,Loebau | Löbau | Lausitz | Lubij,PALAEO-RA_Loebau_17200101-17300630_ta_daily.tsv,Kanold-Loebau,Lausitz,51.083,14.667,260,PALAEO-RA,,ta,point,unknown,1720-1-1,1730-6-30,Observer=C.Trautmann | obs.time=unknown
Loebau,Loebau | Löbau | Lausitz | Lubij,PALAEO-RA_Loebau_17200101-17300630_p_daily_qc.tsv,Kanold_Loebau,Löbau,51.083,14.667,260,PALAEO-RA,,p,point,hPa,1720-1-1,1730-6-30,Observer=Trautmann | PTC=N | PGC=Y | QC software=dataresqc v1.1.1
Loebau,Loebau | Löbau | Lausitz | Lubij,PALAEO-RA_Loebau_17200101-17300630_dd_daily.tsv,Kanold-Loebau,Lausitz,51.083,14.667,260,PALAEO-RA,,dd,point,degree,1720-1-1,1730-6-30,Observer=C.Trautmann | obs.time=unknown
London,London,Cornes_London_Holborn_17090203-17171205_p_subdaily_qc.tsv,25,Holborn,51.52,-0.12,42,Cornes,doi: 10.6084/m9.figshare.24242302.v1,p,point,hPa,1709-2-3,1717-12-5,PTC=Y | PGC=Y | QC software=dataresqc v1.1.1
London,London,Cornes_London_Royal-Society_17870101-18411231_p_subdaily_qc.tsv,"11, 12",Royal Society - Somerset House,51.511,-0.117,42,Cornes,doi: 10.6084/m9.figshare.24242302.v1,p,point,hPa,1787-1-1,1841-12-31,PTC=Y | PGC=Y | Note=temperature correction had already been applied to the Royal Society data during 1823-1825 | QC software=dataresqc v1.1.1
London,London,Cornes_London_Gresham-College_16930111-16931119_p_subdaily_qc.tsv,28,Gresham College,51.52,0.11,42,Cornes,doi: 10.6084/m9.figshare.24242302.v1,p,point,hPa,1693-1-11,1693-11-19,PTC=Y | PGC=Y | QC software=dataresqc v1.1.1
London,London,Cornes_London_Gentlemans-Magazine_17650801-17731231_p_subdaily_qc.tsv,22,LWD - Gentleman's Magazine,51.5,-0.15,42,Cornes,doi: 10.6084/m9.figshare.24242302.v1,p,point,hPa,1765-8-1,1773-12-31,PGC=Y | PTC=Y | QC software=dataresqc v1.1.1
London,London,Cornes_London_Jurin-Inn-Fields_17450501-17500331_p_subdaily_qc.tsv,20,LWD - James Jurin (Lincoln's Inn Fields),51.51,-0.12,42,Cornes,doi: 10.6084/m9.figshare.24242302.v1,p,point,hPa,1745-5-1,1750-3-31,QC software=dataresqc v1.1.1
London,London,WRDv2-2_London_18610301-18631231_ta_barometer_subdaily.tsv,DWRUK_LONDON,London (Westminster),51.50133,-0.12583,42,DWR_UKMO,DOI 10.5281/zenodo.5940391,ta,point,C,1861-3-1,1863-12-31,Alias=Parliament Street
London,London,Cornes_London_Bent_17840701-17861231_p_subdaily_qc.tsv,16,William Bent,51.51,-0.09,42,Cornes,doi: 10.6084/m9.figshare.24242302.v1,p,point,hPa,1784-7-1,1786-12-31,PTC=Y | PGC=Y | QC software=dataresqc v1.1.1
London,London,Cornes_London_Greenwich_18540101-19170402_p_subdaily_qc.tsv,6,Royal Observatory Greenwich - Upper magnet room,51.48,0.0,42,Cornes,doi: 10.6084/m9.figshare.24242302.v1,p,point,hPa,1854-1-1,1917-4-2,PTC=Y | PGC=Y | QC software=dataresqc v1.1.1
London,London,Cornes_London_Locke_16911221-17030531_p_subdaily_qc.tsv,27,John Locke,51.76,0.21,42,Cornes,doi: 10.6084/m9.figshare.24242302.v1,p,point,hPa,1691-12-21,1703-5-31,PTC=Y | PGC=Y | QC software=dataresqc v1.1.1
London,London,Cornes_London_Gentlemans-Magazine_17820421-17841003_p_subdaily_qc.tsv,13,The Gentleman's Magazine,51.51,-0.11,42,Cornes,doi: 10.6084/m9.figshare.24242302.v1,p,point,hPa,1782-4-21,1784-10-3,PTC=Y | PGC=Y | QC software=dataresqc v1.1.1
London,London,WRDv2-2_London_18620109-18750331_rr_daily.tsv,DWRUK_LONDON,London (Westminster),51.50133,-0.12583,42,DWR_UKMO,DOI 10.5281/zenodo.5940391,rr,sum,mm,1862-1-9,1875-3-31,"Alias=Parliament Street (18620109-18690530); Victoria Street (18690531-18720321); Acre Lane (18720322-18750331) | Coords=(51.50133,-0.12583,42m,18620109-18690530); (51.497665,-0.134093,42m,18690531-18720321); (51.459765,-0.127518,42m,18720322-18750331)"
London,London,Cornes_London_Belville_18420101-18541028_p_subdaily_qc.tsv,"8, 9",Henry Belville,51.48,-0.01,42,Cornes,doi: 10.6084/m9.figshare.24242302.v1,p,point,hPa,1842-1-1,1854-10-28,PTC=Y | PGC=Y | Location=Piror Street (18420101-18440131); Hyde Vale (18440201-18541028) | QC software=dataresqc v1.1.1
London,London,Cornes_London_Boyle_16841211-16860209_p_subdaily.tsv,Boyle_London,London,51.507222,-0.1275,42,Cornes,,p,point,hPa,1684-12-11,1686-2-9,Observer=Boyle | PTC=Y | PGC=Y | QC=Y
London,London,Cornes_London_Rogerson_18411213-18450331_p_subdaily_qc.tsv,30,William Rogerson,51.48,0.0,42,Cornes,doi: 10.6084/m9.figshare.24242302.v1,p,point,hPa,1841-12-13,1845-3-31,PTC=Y | PGC=Y | QC software=dataresqc v1.1.1
London,London,Cornes_London_Locke_16720131-16750613_dd_subdaily.tsv,London_Locke,London,51.76,0.21,42,Cornes,doi: 10.6084/m9.figshare.24242302.v1,dd,point,degree,1672-1-31,1675-6-13,
London,London,Cornes_London_Royal-Society_17740101-17810831_p_subdaily_qc.tsv,10,Royal Society - Crane Court,51.515,-0.109,42,Cornes,doi: 10.6084/m9.figshare.24242302.v1,p,point,hPa,1774-1-1,1781-8-31,PTC=Y | PGC=Y | QC software=dataresqc v1.1.1
London,London,Cornes_London_Hauskbee_17230801-17271231_p_subdaily_qc.tsv,18,LWD - Francis Hauskbee,51.51,-0.11,42,Cornes,doi: 10.6084/m9.figshare.24242302.v1,p,point,hPa,1723-8-1,1727-12-31,PTC=Y | PGC=Y | QC software=dataresqc v1.1.1
London,London,Cornes_London_Hoy-Syon-House_17820801-17821231_p_subdaily_qc.tsv,15,Thomas Hoy - Syon House,51.48,-0.31,42,Cornes,doi: 10.6084/m9.figshare.24242302.v1,p,point,hPa,1782-8-1,1782-12-31,PTC=Y | PGC=Y | QC software=dataresqc v1.1.1
London,London,Cornes_London_Stukeley_17230103-17230731_p_subdaily_qc.tsv,17,LWD - William Stukeley (estimated to be Gloucester Street),51.49,-0.14,42,Cornes,doi: 10.6084/m9.figshare.24242302.v1,p,point,hPa,1723-1-3,1723-7-31,PTC=Y | PGC=Y | QC software=dataresqc v1.1.1
London,London,Cornes_London_Molyneux_17161118-17230102_p_subdaily_qc.tsv,"23, 24",Molyneux - Whitehall,51.5,-0.13,42,Cornes,doi: 10.6084/m9.figshare.24242302.v1,p,point,hPa,1716-11-18,1723-1-2,PTC=Y | PGC=Y | Location=Whitehall (17161118-17200330); Great George St. (17200403-17230102) | QC software=dataresqc v1.1.1
London,London,Cornes_London_Jurin-Garlick-Field_17280101-17450430_p_subdaily_qc.tsv,19,LWD - James Jurin (Garlick Hill),51.51,-0.09,42,Cornes,doi: 10.6084/m9.figshare.24242302.v1,p,point,hPa,1728-1-1,1745-4-30,PTC=Y | PGC=Y | QC software=dataresqc v1.1.1
London,London,Cornes_London_Hooker_17500401-17650731_p_subdaily_qc.tsv,21,LWD - John Hooker (Tonbridge),51.19,0.28,42,Cornes,doi: 10.6084/m9.figshare.24242302.v1,p,point,hPa,1750-4-1,1765-7-31,PGC=Y | PTC=Y | QC software=dataresqc v1.1.1
London,London,Cornes_London_Hoy-Muswell-Hill_17810901-17820420_p_subdaily_qc.tsv,14,Thomas Hoy - Muswell Hill,51.59,-0.14,42,Cornes,doi: 10.6084/m9.figshare.24242302.v1,p,point,hPa,1781-9-1,1782-4-20,PTC=Y | PGC=Y | QC software=dataresqc v1.1.1
London,London,WRDv2-2_London_18720114-18750331_Tx_daily.tsv,DWRUK_LONDON,London (Westminster),51.497665,-0.134093,42,DWR_UKMO,DOI 10.5281/zenodo.5940391,Tx,maximum,C,1872-1-14,1875-3-31,"Alias=Victoria Street (18720114-18720321); Acre Lane (18720322-18750331) | Coords=(51.497665,-0.134093,42m,18720114-18720321); (51.459765,-0.127518,42m,18720322-18750331)"
London,London,WRDv2-2_London_18610301-18750331_ta_subdaily.tsv,DWRUK_LONDON,London (Westminster),51.50133,-0.12583,42,DWR_UKMO,DOI 10.5281/zenodo.5940391,ta,point,C,1861-3-1,1875-3-31,"Alias=Parliament Street (18610301-18690530); Victoria Street (18690531-18720321); Acre Lane (18720322-18750331) | Coords=(51.50133,-0.12583,42m,18610301-18690530); (51.497665,-0.134093,42m,18690531-18720321); (51.459765,-0.127518,42m,18720322-18750331)"
London,London,Cornes_London_Gentlemans-Magazine_18240315-18650219_p_subdaily_qc.tsv,31,The Gentleman's Magazine (Cary et al.),51.51,-0.11,42,Cornes,doi: 10.6084/m9.figshare.24242302.v1,p,point,hPa,1824-3-15,1865-2-19,PGC=Y | PTC=Y | QC software=dataresqc v1.1.1
London,London,Cornes_London_16920101-20071231_p_daily_qc.tsv,London,London,51.5,-0.15,42,"Cornes, R. C., Jones, P. D., Briffa, K. R. and Osborn, T. J. (2012) A daily series of mean sea-level pressure for London, 1692-2007. International Journal of Climatology 32, 641-656. doi: 10.1002/joc.2301",https://crudata.uea.ac.uk/cru/data/parislondon/,p,mean,hPa,1692-1-1,2007-12-31,"PTC=Y | PGC=Y | a homogenized version exists, see `raw` file | QC software=dataresqc v1.1.1"
London,London,WRDv2-2_London_18720104-18750331_ta_barometer_subdaily.tsv,DWRUK_LONDON,London (Westminster),51.497665,-0.134093,42,DWR_UKMO,DOI 10.5281/zenodo.5940391,ta,point,C,1872-1-4,1875-3-31,"Alias=Victoria Street (18720104-18720321); Acre Lane (18720322-18750331) | Coords=(51.497665,-0.134093,42m,18720104-18720321); (51.459765,-0.127518,42m,18720322-18750331)"
London,London,WRDv2-2_London_18720114-18750331_Tn_daily.tsv,DWRUK_LONDON,London (Westminster),51.497665,-0.134093,42,DWR_UKMO,DOI 10.5281/zenodo.5940391,Tn,minimum,C,1872-1-14,1875-3-31,"Alias=Victoria Street (18720114-18720321); Acre Lane (18720322-18750331) | Coords=(51.497665,-0.134093,42m,18720114-18720321); (51.459765,-0.127518,42m,18720322-18750331)"
London,London,Cornes_London_Derham_16970122-17090111_p_subdaily_qc.tsv,26,William Derham,51.56,0.25,42,Cornes,doi: 10.6084/m9.figshare.24242302.v1,p,point,hPa,1697-1-22,1709-1-11,PTC=Y | PGC=Y | QC software=dataresqc v1.1.1
London,London,Cornes_London_18610720-19021019_p_subdaily_qc.tsv,29,DWR,51.502,-0.126,42,Cornes,doi: 10.6084/m9.figshare.24242302.v1,p,point,hPa,1861-7-20,1902-10-19,PTC=Y | PGC=Y | QC software=dataresqc v1.1.1
London,London,Cornes_London_Boyle_16841211-16860210_ta_subdaily_qc.tsv,Boyle_London,London,51.507222,-0.1275,42,Cornes,,ta,point,C,1684-12-11,1686-2-10,Observer=Boyle | QC=Y
London,London,WRDv2-2_London_18610301-18750331_p_subdaily.tsv,DWRUK_LONDON,London (Westminster),51.50133,-0.12583,42,DWR_UKMO,DOI 10.5281/zenodo.5940391,p,point,hPa,1861-3-1,1875-3-31,"PTC=Y | PGC=N | Alias=Parliament Street (18610301-18690530); Victoria Street (18690531-18720321); Acre Lane (18720322-18750331) | Coords=(51.50133,-0.12583,42m,18610301-18690530); (51.497665,-0.134093,42m,18690531-18720321); (51.459765,-0.127518,42m,18720322-18750331)"
London,London,Cornes_London_Greenwich_18570204-19060706_p_subdaily_qc.tsv,32,Royal Observatory Greenwich - Upper magnet room (Missing Fill),51.48,0.0,42,Cornes,doi: 10.6084/m9.figshare.24242302.v1,p,point,hPa,1857-2-4,1906-7-6,PGC=Y | Note=obs taken from personal diaries used to fill missing dates in the main series | QC software=dataresqc v1.1.1
Lorient,Lorient | An Oriant,WRDv2-2_Lorient_18621222-18750331_ta_subdaily.tsv,DWRUK_LORIENT,Lorient (Grognon),47.652361,-3.502169,13,DWR_UKMO,DOI 10.5281/zenodo.5940391,ta,point,C,1862-12-22,1875-3-31,Alias=Beg Melen
Lorient,Lorient | An Oriant,WRDv2-2_Lorient_18720114-18741227_Tx_daily.tsv,DWRUK_LORIENT,Lorient (Grognon),47.652361,-3.502169,13,DWR_UKMO,DOI 10.5281/zenodo.5940391,Tx,maximum,C,1872-1-14,1874-12-27,alias=Beg Melen
Lorient,Lorient | An Oriant,WRDv2-2_Lorient_18621220-18750127_p_subdaily.tsv,DWRUK_LORIENT,Lorient (Grognon),47.652361,-3.502169,13,DWR_UKMO,DOI 10.5281/zenodo.5940391,p,point,hPa,1862-12-20,1875-1-27,PTC=? | PGC=? | Alias=Beg Melen
Lorient,Lorient | An Oriant,WRDv2-2_Lorient_18621220-18750331_rr_daily.tsv,DWRUK_LORIENT,Lorient (Grognon),47.652361,-3.502169,13,DWR_UKMO,DOI 10.5281/zenodo.5940391,rr,sum,mm,1862-12-20,1875-3-31,Alias=Beg Melen
Lorient,Lorient | An Oriant,WRDv2-2_Lorient_18621222-18750331_ta_barometer_subdaily.tsv,DWRUK_LORIENT,Lorient (Grognon),47.652361,-3.502169,13,DWR_UKMO,DOI 10.5281/zenodo.5940391,ta,point,C,1862-12-22,1875-3-31,Alias=Beg Melen
Lorient,Lorient | An Oriant,WRDv2-2_Lorient_18720114-18741229_Tn_daily.tsv,DWRUK_LORIENT,Lorient (Grognon),47.652361,-3.502169,13,DWR_UKMO,DOI 10.5281/zenodo.5940391,Tn,minimum,C,1872-1-14,1874-12-29,alias=Beg Melen
Lowestoft,Lowestoft,GHCNd_Lowestoft_18890201-20041231_rr_daily.tsv,UKE00105899,LOWESTOFT,52.4889,1.75,25,GHCN-D,,rr,sum,mm,1889-2-1,2004-12-31,
Lugano,Lugano | Lugan,CAP9WT_Lugano_18640101-20201231_p_daily.tsv,LUG,Lugano,46.0,8.97,273,"Pfister, L., Wilhelm, L., Brugnara, Y., Imfeld, N., & Brönnimann, S. (2024). Weather type reconstruction using machine learning approaches. EGUsphere, 2024, 1-33.",https://doi.org/10.5194/wcd-6-571-2025,p,mean,hPa,1864-1-1,2020-12-31,PTC=Y | PGC=N | homogenized=Y | gap_filled=Y | QC=Y
Luhansk,Lugansk | Luhansk,UA-UHMI_Luhansk_18370413-18371220_ta_subdaily.tsv,Luhansk,Luhansk,48.5667,39.25,62,UA-UHMI,https://doi.org/10.15407/uhmi.report.01,ta,point,C,1837-4-13,1837-12-20,
Luhansk,Lugansk | Luhansk,UA-UHMI_Luhansk_18700101-18801231_p_subdaily.tsv,Luhansk,Luhansk,48.5667,39.25,62,UA-UHMI,https://doi.org/10.15407/uhmi.report.01,p,point,hPa,1870-1-1,1880-12-31,Observer=Rudnev | PTC=Y | PGC=YQC=Y
Luhansk,Lugansk | Luhansk,UA-UHMI_Luhansk_18400101-18691231_p_subdaily.tsv,Luhansk,Luhansk,48.5667,39.25,62,UA-UHMI,https://doi.org/10.15407/uhmi.report.01,p,point,hPa,1840-1-1,1869-12-31,"Observer=Rudnev, Cherepintsov | PTC=Y | PGC=YQC=Y"
Luhansk,Lugansk | Luhansk,UA-UHMI_Luhansk_18400101-18691231_ta_subdaily.tsv,Luhansk,Luhansk,48.5667,39.25,62,UA-UHMI,https://doi.org/10.15407/uhmi.report.01,ta,point,C,1840-1-1,1869-12-31,"Observer=Rudnev, CherepintsovQC=Y"
Luhansk,Lugansk | Luhansk,UA-UHMI_Luhansk_18390113-18400112_p_subdaily.tsv,Luhansk,Luhansk,48.5667,39.25,62,UA-UHMI,https://doi.org/10.15407/uhmi.report.01,p,point,hPa,1839-1-13,1840-1-12,PTC=Y | PGC=YQC=Y
Luhansk,Lugansk | Luhansk,UA-UHMI_Luhansk_18371221-18390112_ta_subdaily.tsv,Luhansk,Luhansk,48.5667,39.25,62,UA-UHMI,https://doi.org/10.15407/uhmi.report.01,ta,point,C,1837-12-21,1839-1-12,
Luhansk,Lugansk | Luhansk,UA-UHMI_Luhansk_18290913-18370412_p_subdaily.tsv,Luhansk,Luhansk,48.5667,39.25,62,UA-UHMI,https://doi.org/10.15407/uhmi.report.01,p,point,hPa,1829-9-13,1837-4-12,PTC=N | PGC=YQC=Y
Luhansk,Lugansk | Luhansk,UA-UHMI_Luhansk_18390113-18400112_ta_subdaily.tsv,Luhansk,Luhansk,48.5667,39.25,62,UA-UHMI,https://doi.org/10.15407/uhmi.report.01,ta,point,C,1839-1-13,1840-1-12,
Luhansk,Lugansk | Luhansk,UA-UHMI_Luhansk_18370413-18371220_p_subdaily.tsv,Luhansk,Luhansk,48.5667,39.25,62,UA-UHMI,https://doi.org/10.15407/uhmi.report.01,p,point,hPa,1837-4-13,1837-12-20,PTC=Y | PGC=YQC=Y
Luhansk,Lugansk | Luhansk,GHCNd_Lugansk_18810101-20121231_rr_daily.tsv,UPM00034523,LUGANSK,48.5667,39.25,59,GHCN-D,,rr,sum,mm,1881-1-1,2012-12-31,
Luhansk,Lugansk | Luhansk,CRU_Lugansk_18500101-18801231_p_daily_qc.tsv,WMO-34523,Lugansk,48.6,39.3,60,CRU,https://sites.uea.ac.uk/cru/,p,mean,hPa,1850-1-1,1880-12-31,PGC=N | PTC=N
Luhansk,Lugansk | Luhansk,UA-UHMI_Luhansk_18371221-18390112_p_subdaily.tsv,Luhansk,Luhansk,48.5667,39.25,62,UA-UHMI,https://doi.org/10.15407/uhmi.report.01,p,point,hPa,1837-12-21,1839-1-12,PTC=Y | PGC=YQC=Y
Luhansk,Lugansk | Luhansk,UA-UHMI_Luhansk_18700101-18801231_ta_subdaily.tsv,Luhansk,Luhansk,48.5667,39.25,62,UA-UHMI,https://doi.org/10.15407/uhmi.report.01,ta,point,C,1870-1-1,1880-12-31,Observer=RudnevQC=Y
Luhansk,Lugansk | Luhansk,UA-UHMI_Luhansk_18270113-18370412_ta_subdaily.tsv,Luhansk,Luhansk,48.5667,39.25,62,UA-UHMI,https://doi.org/10.15407/uhmi.report.01,ta,point,C,1827-1-13,1837-4-12,
Lund,Lund,ECAD_Lund_17840121-20241231_ta_daily.tsv,TG_SOUID_135183,Lund,55.7,13.2,73,ECA&D,knmi-ecad-assets-prd.s3.amazonaws.com/download/ECA_nonblend_tg.zip,ta,mean,C,1784-1-21,2024-12-31,"Mean temperature calculated as weighted average of TN, TX and observations at 06, 12 and 18 UT (5 values) | QC software=dataresqc v1.1.1"
Lunenburg,Lunenburg | Luneburg | Lüneburg | the Hanseatic City of Lüneburg | Lümborg,WeaR_Lüneburg_17881101-17881231_ta_daily.tsv,Luneburg,Lüneburg,53.26,10.41,25,WeaR,DOI: 10.5194/cp-18-2545-2022,ta,mean,C,1788-11-1,1788-12-31,Observer=Ebeling
Lunenburg,Lunenburg | Luneburg | Lüneburg | the Hanseatic City of Lüneburg | Lümborg,WeaR_Lüneburg_17881101-17881231_p_daily.tsv,Luneburg,Lüneburg,53.25,10.41,25,WeaR,DOI: 10.5194/cp-18-2545-2022,p,mean,hPa,1788-11-1,1788-12-31,Observer=Ebeling | PGC=Y | PTC=N/Unknown
Luzern,Luzern | Lozärn | Lucerne | Lucerna,CHIMES_Luzern_Schwytzer_18440101-18641231_ta_subdaily_qc.tsv,LU01_Luzern_Schwytzer,Luzern,47.05242,8.30593,439,CHIMES,https://doi.org/10.5194/cp-15-1345-2019,ta,point,C,1844-1-1,1864-12-31,Observer=Franz Xaver Schwytzer | QC software=dataresqc v1.0.3
Luzern,Luzern | Lozärn | Lucerne | Lucerna,CHIMES_Luzern_Ineichen_18260401-18320430_ta_subdaily_qc.tsv,LU01_Luzern_Ineichen,Luzern,47.052,8.304,435,CHIMES,https://doi.org/10.5194/cp-15-1345-2019,ta,point,C,1826-4-1,1832-4-30,Observer=Josef Ineichen | QC software=dataresqc v1.0.3
Luzern,Luzern | Lozärn | Lucerne | Lucerna,CHIMES_Luzern_Ineichen_18260401-18320430_p_subdaily_qc.tsv,LU01_Luzern_Ineichen,Luzern,47.052,8.304,435,CHIMES,https://doi.org/10.5194/cp-15-1345-2019,p,point,hPa,1826-4-1,1832-4-30,Observer=Josef Ineichen | PTC=Y | PGC=Y | QC software=dataresqc v1.0.3
Luzern,Luzern | Lozärn | Lucerne | Lucerna,CHIMES_Luzern_Schwytzer_18440101-18641231_p_subdaily_qc.tsv,LU01_Luzern_Schwytzer,Luzern,47.05242,8.30593,439,CHIMES,https://doi.org/10.5194/cp-15-1345-2019,p,point,hPa,1844-1-1,1864-12-31,Observer=Franz Xaver Schwytzer | PTC=Y | PGC=Y | QC software=dataresqc v1.0.3
Lyon,Lyons Lyon | Liyon,EMULATE_Lyon_18690101-18811231_p_subdaily.tsv,LYONS,LYONS,45.76,4.84,210,EMULATE,DOI 10.5281/zenodo.5940391,p,point,hPa,1869-1-1,1881-12-31,
Lyon,Lyons Lyon | Liyon,WRDv2-2_Lyon_18680103-18750331_ta_subdaily.tsv,DWRUK_LYONS,Lyon (St. Genis-Laval),45.693951,4.782808,210,DWR_UKMO,DOI 10.5281/zenodo.5940391,ta,point,C,1868-1-3,1875-3-31,Alias=Lyon Observatory
Lyon,Lyons Lyon | Liyon,WRDv2-2_Lyon_18680103-18730904_p_subdaily.tsv,DWRUK_LYONS,Lyon (St. Genis-Laval),45.693951,4.782808,210,DWR_UKMO,DOI 10.5281/zenodo.5940391,p,point,hPa,1868-1-3,1873-9-4,PTC=? | PGC=? | Alias=Lyon Observatory
Maastricht,Maastricht | Maestricht | Mesjtreech | Mestreech,KNMI_Maastricht_18520101-19051231_Tn_daily_qc.tsv,KNMI-007_Maastricht,Maastricht,50.85,5.69,49,KNMI,https://www.knmi.nl/nederland-nu/klimatologie/daggegevens/antieke-waarnemingen,Tn,min,C,1852-1-1,1905-12-31,QC software=dataresqc v1.1.0
Maastricht,Maastricht | Maestricht | Mesjtreech | Mestreech,KNMI_Maastricht_18520101-19051231_ta_subdaily_qc.tsv,KNMI-007_Maastricht,Maastricht,50.851368,5.690972,49,KNMI,https://www.knmi.nl/nederland-nu/klimatologie/daggegevens/antieke-waarnemingen,ta,point,C,1852-1-1,1905-12-31,QC software=dataresqc v1.1.1
Maastricht,Maastricht | Maestricht | Mesjtreech | Mestreech,KNMI_Maastricht_18651201-19041231_p_subdaily_qc.tsv,KNMI-007_Maastricht,Maastricht,50.851368,5.690972,49,KNMI,https://www.knmi.nl/nederland-nu/klimatologie/daggegevens/antieke-waarnemingen,p,point,hPa,1865-12-1,1904-12-31,PTC=Y | PGC=Y | QC software=dataresqc v1.1.1
Maastricht,Maastricht | Maestricht | Mesjtreech | Mestreech,KNMI_Maastricht_18520101-19051231_rh_subdaily_qc.tsv,KNMI-007_Maastricht,Maastricht,50.851368,5.690972,49,KNMI,https://www.knmi.nl/nederland-nu/klimatologie/daggegevens/antieke-waarnemingen,rh,point,%,1852-1-1,1905-12-31,QC software=dataresqc v1.1.1
Maastricht,Maastricht | Maestricht | Mesjtreech | Mestreech,KNMI_Maastricht_18520101-19051231_Tx_daily_qc.tsv,KNMI-007_Maastricht,Maastricht,50.85,5.69,49,KNMI,https://www.knmi.nl/nederland-nu/klimatologie/daggegevens/antieke-waarnemingen,Tx,max,C,1852-1-1,1905-12-31,QC software=dataresqc v1.1.0
Maastricht,Maastricht | Maestricht | Mesjtreech | Mestreech,KNMI_Maastricht_18520401-19051231_rr_subdaily_qc.tsv,KNMI-007_Maastricht,Maastricht,50.851368,5.690972,49,KNMI,https://www.knmi.nl/nederland-nu/klimatologie/daggegevens/antieke-waarnemingen,rr,point,mm,1852-4-1,1905-12-31,QC software=dataresqc v1.1.1
Maastricht,Maastricht | Maestricht | Mesjtreech | Mestreech,KNMI_Maastricht_18511210-19051231_dd_subdaily_qc.tsv,KNMI-007_Maastricht,Maastricht,50.851368,5.690972,49,KNMI,https://www.knmi.nl/nederland-nu/klimatologie/daggegevens/antieke-waarnemingen,dd,point,degree,1851-12-10,1905-12-31,QC software=dataresqc v1.1.1
Madrid,Madrid,WeaR_Madrid_17881101-17890228_p_daily.tsv,Madrid,Madrid,40.42,-3.7,680,WeaR,DOI: 10.5194/cp-18-2545-2022,p,mean,hPa,1788-11-1,1789-2-28,Observer=Salanova | PGC=Y
Madrid,Madrid,CRU_Madrid_18500101-20021231_p_daily_qc.tsv,WMO-8220,Madrid,40.45,-3.71,667,CRU,https://sites.uea.ac.uk/cru/,p,mean,hPa,1850-1-1,2002-12-31,PGC=N | PTC=N
Magdeburg,Magdeburg,GHCNd_Magdeburg_18810101-20190730_rr_daily.tsv,GME00102252,MAGDEBURG,52.1031,11.5842,76,GHCN-D,,rr,sum,mm,1881-1-1,2019-7-30,
Mahackala,Mahackala |  Petrovskoye | Port-Petrovsk | Anji,GHCNd_Mahackala_18820101-20190731_rr_daily.tsv,RSM00037472,MAHACKALA,42.9667,47.55,28,GHCN-D,,rr,sum,mm,1882-1-1,2019-7-31,
MalinHead,Malin Head | Cionn Mhálanna | Dunalderagh,GHCNd_Malin-Head_18850101-20190430_rr_daily_qc.tsv,EI000003980,MALIN HEAD,55.3717,-7.34,21,GHCN-D,,rr,sum,mm,1885-1-1,2019-4-30,QC software=dataresqc v1.1.1
MalinHead,Malin Head | Cionn Mhálanna | Dunalderagh,ILMMT_MalinHead_18850101-19201231_Tn_daily_qc.tsv,ILMMT-MalinHead,MalinHead,55.381,-7.373,61,"Mateus, C., Potito, A., & Curley, M. (2020). Reconstruction of a long‐term historical daily maximum and minimum air temperature network dataset for Ireland (1831‐1968). Geoscience Data Journal, 7(2), 102-115.",https://www.edepositireland.ie/entities/publication/7271837d-dbe6-463f-b103-422f42a15446,Tn,minimum,C,1885-1-1,1920-12-31,"Observer=Lloyd's Signalmen (1885-1920) | Instrument=Stevenson screen in wall enclosure, Max/Min thermometers | Note=Extremely exposed coastal site (200ft)Max temp entered to PRECEDING day until Feb 1912; Whole degree precision. | QC software=dataresqc v1.1.1"
MalinHead,Malin Head | Cionn Mhálanna | Dunalderagh,ILMMT_MalinHead_18850101-19201231_Tx_daily_qc.tsv,ILMMT-MalinHead,MalinHead,55.381,-7.373,61,"Mateus, C., Potito, A., & Curley, M. (2020). Reconstruction of a long‐term historical daily maximum and minimum air temperature network dataset for Ireland (1831‐1968). Geoscience Data Journal, 7(2), 102-115.",https://www.edepositireland.ie/entities/publication/7271837d-dbe6-463f-b103-422f42a15446,Tx,maximum,C,1885-1-1,1920-12-31,"Observer=Lloyd's Signalmen (1885-1920) | Instrument=Stevenson screen in wall enclosure, Max/Min thermometers | Note=Extremely exposed coastal site (200ft)Max temp entered to PRECEDING day until Feb 1912; Whole degree precision. | QC software=dataresqc v1.1.1"
Malta,Malta,CRU_Malta_18520401-18801231_p_daily_qc.tsv,WMO-16597,Malta,35.83,14.0,91,CRU,https://sites.uea.ac.uk/cru/,p,mean,hPa,1852-4-1,1880-12-31,PGC=N | PTC=N
MalyUzen,Maly Uzen | Kishi Uzen | Sayozen,GHCNd_Maly-Uzen_18820101-19640731_rr_daily.tsv,RSM00034288,MALY UZEN',50.52,47.67,39,GHCN-D,,rr,sum,mm,1882-1-1,1964-7-31,
Mannheim,Mannheim | Mannem | Monnem,PALAEO-RA_Mannheim_17810101-17921231_w_subdaily.tsv,Palatine-Society_Mannheim,Mannheim,49.483333,8.466667,112,PALAEO-RA,,w,point,0-4,1781-1-1,1792-12-31,"Observer=Hemmer, Academia Theodoro-Palatina"
Mannheim,Mannheim | Mannem | Monnem,PALAEO-RA_Mannheim_17810101-17921231_dd_subdaily_qc.tsv,Palatine-Society_Mannheim,Mannheim,49.483333,8.466667,112,PALAEO-RA,,dd,point,degree,1781-1-1,1792-12-31,"Observer=Hemmer, Academia Theodoro-Palatina | QC software=dataresqc v1.1.1"
Mannheim,Mannheim | Mannem | Monnem,PALAEO-RA_Mannheim_17810101-17921231_rr_daily_qc.tsv,Palatine-Society_Mannheim,Mannheim,49.483333,8.466667,112,PALAEO-RA,,rr,sum,mm,1781-1-1,1792-12-31,"Observer=Hemmer, Academia Theodoro-Palatina | QC software=dataresqc v1.1.1"
Mannheim,Mannheim | Mannem | Monnem,PALAEO-RA_Mannheim_17810101-17921231_ta_subdaily_qc.tsv,Palatine-Society_Mannheim,Mannheim,49.483333,8.466667,112,PALAEO-RA,,ta,point,C,1781-1-1,1792-12-31,"Observer=Hemmer, Academia Theodoro-Palatina | Instrument=Palatine Society | QC software=dataresqc v1.1.1"
Mannheim,Mannheim | Mannem | Monnem,PALAEO-RA_Mannheim_17810101-17921231_p_subdaily_qc.tsv,Palatine-Society_Mannheim,Mannheim,49.483333,8.466667,112,PALAEO-RA,,p,point,hPa,1781-1-1,1792-12-31,"Observer=Hemmer, Academia Theodoro-Palatina | PGC=Y | PTC=Y | Instrument=Palatine Society | QC software=dataresqc v1.1.0"
Mannheim,Mannheim | Mannem | Monnem,PALAEO-RA_Mannheim_17810101-17911231_eee_daily_qc.tsv,Palatine-Society_Mannheim,Mannheim,49.483333,8.466667,112,PALAEO-RA,,eee,sum,mm,1781-1-1,1791-12-31,"Observer=Hemmer, Academia Theodoro-Palatina | QC software=dataresqc v1.1.0"
Mannheim,Mannheim | Mannem | Monnem,PALAEO-RA_Mannheim_17870101-17881231_ta_daily_qc.tsv,Palatine-Society_Mannheim,Mannheim,49.483333,8.466667,112,PALAEO-RA,,ta,mean,C,1787-1-1,1788-12-31,"Observer=Hemmer, Academia Theodoro-Palatina | QC software=dataresqc v1.1.1"
Mannheim,Mannheim | Mannem | Monnem,PALAEO-RA_Mannheim_17870101-17881231_p_daily_qc.tsv,Palatine-Society_Mannheim,Mannheim,49.483333,8.466667,112,PALAEO-RA,,p,mean,hPa,1787-1-1,1788-12-31,"Observer=Hemmer, Academia Theodoro-Palatina | PGC=Y | PTC=Y | Instrument=Palatine Society | QC software=dataresqc v1.1.1"
Mantua,Mantova | Mantua,GHCNd_Mantova_18400401-20081231_rr_daily.tsv,ITE00100553,MANTOVA,45.1581,10.7967,46,GHCN-D,,rr,sum,mm,1840-4-1,2008-12-31,
Markree,Markree | Markree Observatory,ILMMT_Markree_18501001-19681231_Tx_daily_qc.tsv,ILMMT-Markree,Markree,54.173,-8.457,38,"Mateus, C., Potito, A., & Curley, M. (2020). Reconstruction of a long‐term historical daily maximum and minimum air temperature network dataset for Ireland (1831‐1968). Geoscience Data Journal, 7(2), 102-115.",https://www.edepositireland.ie/entities/publication/7271837d-dbe6-463f-b103-422f42a15446,Tx,maximum,C,1850-10-1,1968-12-31,"Observer=Edward J. Cooper (1833-1863), Albert Marth & W. Doberck (1874-1883), F.W. Henkel (1898-1902) | Instrument=Stevenson screen, Max/Min thermometers | QC software=dataresqc v1.1.1"
Markree,Markree | Markree Observatory,ILMMT_Markree_18501001-19681231_Tn_daily_qc.tsv,ILMMT-Markree,Markree,54.173,-8.457,38,"Mateus, C., Potito, A., & Curley, M. (2020). Reconstruction of a long‐term historical daily maximum and minimum air temperature network dataset for Ireland (1831‐1968). Geoscience Data Journal, 7(2), 102-115.",https://www.edepositireland.ie/entities/publication/7271837d-dbe6-463f-b103-422f42a15446,Tn,minimum,C,1850-10-1,1968-12-31,"Observer=Edward J. Cooper (1833-1863), Albert Marth & W. Doberck (1874-1883), F.W. Henkel (1898-1902) | Instrument=Stevenson screen, Max/Min thermometers | QC software=dataresqc v1.1.1"
Marschlins,Marschlins | Schloss Marschlin,CHIMES_Marschlins_17820101-18710731_ta_subdaily_qc.tsv,GR04_Marschlins,Schloss Marschlins,46.96,9.58,562,CHIMES,https://doi.org/10.5194/cp-15-1345-2019,ta,point,C,1782-1-1,1871-7-31,"Observer=Johann Rudolf von Salis-Marschlins,Ulysses Adalbert von Salis-Marschlins | QC software=dataresqc v1.0.3"
Marschlins,Marschlins | Schloss Marschlin,CHIMES_Marschlins_18440201-18710731_p_bis_subdaily_qc.tsv,GR04_Marschlins,Schloss Marschlins,46.96,9.58,562,CHIMES,https://doi.org/10.5194/cp-15-1345-2019,p,point,hPa,1844-2-1,1871-7-31,Observer=Ulysses Adalbert von Salis-Marschlins | PTC=Y | PGC=Y | QC software=dataresqc v1.1.1
Marschlins,Marschlins | Schloss Marschlin,CHIMES_Marschlins_18640201-18710731_ta_bis_subdaily_qc.tsv,GR04_Marschlins,Schloss Marschlins,46.96,9.58,562,CHIMES,https://doi.org/10.5194/cp-15-1345-2019,ta,point,C,1864-2-1,1871-7-31,Observer=Ulysses Adalbert von Salis-Marschlins | QC software=dataresqc v1.0.3
Marschlins,Marschlins | Schloss Marschlin,CHIMES_Marschlins_17820101-18651021_p_subdaily_qc.tsv,GR04_Marschlins,Schloss Marschlins,46.96,9.58,562,CHIMES,https://doi.org/10.5194/cp-15-1345-2019,p,point,hPa,1782-1-1,1865-10-21,"Observer=Johann Rudolf von Salis-Marschlins,Ulysses Adalbert von Salis-Marschlins | PTC=N | PGC=Y | QC software=dataresqc v1.1.1"
Marseille,Marseille | Marselha,PALAEO-RA_Marseille_17820911-17921231_ta_subdaily_qc.tsv,Palatine-Society_Marseille,Marseille,43.2965,5.36978,44,PALAEO-RA,,ta,point,C,1782-9-11,1792-12-31,Observer=Jacques de Silvabelle | Instrument=Palatine Society | QC software=dataresqc v1.1.1
Marseille,Marseille | Marselha,Choi_Marseille_17090105-17090123_ta_daily.tsv,Marseille,Marseille,43.2965,5.36978,44,Jin-Woo Choi (collaborator),,ta,point,C,1709-1-5,1709-1-23,
Marseille,Marseille | Marselha,PALAEO-RA_Marseille_17820911-17921231_p_subdaily_qc.tsv,Palatine-Society_Marseille,Marseille,43.2965,5.36978,44,PALAEO-RA,,p,point,hPa,1782-9-11,1792-12-31,Observer=Jacques de Silvabelle | PGC=Y | PTC=Y | Instrument=Palatine Society | QC software=dataresqc v1.1.1
Marseille,Marseille | Marselha,PALAEO-RA_Marseille_17820911-17921231_w_subdaily.tsv,Palatine-Society_Marseille,Marseille,43.2965,5.36978,44,PALAEO-RA,,w,point,0-4,1782-9-11,1792-12-31,Observer=Jacques de Silvabelle
Marseille,Marseille | Marselha,Choi_Marseille_17090105-17090123_p_daily.tsv,Marseille,Marseille,43.2965,5.36978,44,Jin-Woo Choi (collaborator),,p,point,hPa,1709-1-5,1709-1-23,
Marseille,Marseille | Marselha,PALAEO-RA_Marseille_17820911-17921231_dd_subdaily_qc.tsv,Palatine-Society_Marseille,Marseille,43.2965,5.36978,44,PALAEO-RA,,dd,point,degree,1782-9-11,1792-12-31,Observer=Jacques de Silvabelle | QC software=dataresqc v1.1.1
Marseille,Marseille | Marselha,GHCNd_Marseille-Obs-Palais-Lonchamp_18810101-20041231_rr_daily.tsv,FR013055001,MARSEILLE OBS. PALAIS-LONCHAMP,43.305,5.3967,75,GHCN-D,,rr,sum,mm,1881-1-1,2004-12-31,
Marseille,Marseille | Marselha,PALAEO-RA_Marseille_17830101-17921231_rr_subdaily_qc.tsv,Palatine-Society_Marseille,Marseille,43.2965,5.36978,44,PALAEO-RA,,rr,sum,mm,1783-1-1,1792-12-31,Observer=Jacques de Silvabelle | QC software=dataresqc v1.1.1
Metten,Metten,GHCNd_Metten_18790101-20190730_rr_daily.tsv,GME00126010,METTEN,48.8556,12.9203,313,GHCN-D,,rr,sum,mm,1879-1-1,2019-7-30,
Michurinsk,Micurinsk | Mitschurinsk | Michurisnk,GHCNd_Micurinsk_18810101-20190731_rr_daily.tsv,RSM00027935,MICURINSK,52.883,40.483,158,GHCN-D,,rr,sum,mm,1881-1-1,2019-7-31,
Middelburg,Middelburg,PALAEO-RA_Middelburg_17820704-17881231_w_subdaily.tsv,Palatine-Society_Middelburg,Middelburg,51.498796,3.610998,15,PALAEO-RA,,w,point,0-4,1782-7-4,1788-12-31,Observer=Van de Perre | Data source=knmi.nl
Middelburg,Middelburg,PALAEO-RA_Middelburg_17820704-17881231_dd_subdaily_qc.tsv,Palatine-Society_Middelburg,Middelburg,51.498796,3.610998,15,PALAEO-RA,,dd,point,degree,1782-7-4,1788-12-31,Observer=Van de Perre | Data source=knmi.nl | QC software=dataresqc v1.1.1
Middelburg,Middelburg,PALAEO-RA_Middelburg_17870101-17881231_ta_daily_qc.tsv,Palatine-Society_Middelburg,Middelburg,51.498796,3.610998,15,PALAEO-RA,,ta,mean,C,1787-1-1,1788-12-31,Observer=Van de Perre | QC software=dataresqc v1.1.1
Middelburg,Middelburg,PALAEO-RA_Middelburg_17820704-17861231_eee_subdaily.tsv,Palatine-Society_Middelburg,Middelburg,51.498796,3.610998,15,PALAEO-RA,,eee,sum,mm,1782-7-4,1786-12-31,Observer=Van de Perre
Middelburg,Middelburg,PALAEO-RA_Middelburg_17870101-17881231_p_daily_qc.tsv,Palatine-Society_Middelburg,Middelburg,51.498796,3.610998,15,PALAEO-RA,,p,mean,hPa,1787-1-1,1788-12-31,Observer=Van de Perre | PGC=Y | PTC=Y | Instrument=Palatine Society | QC software=dataresqc v1.1.1
Middelburg,Middelburg,PALAEO-RA_Middelburg_17820704-17861231_ta_subdaily_qc.tsv,Palatine-Society_Middelburg,Middelburg,51.498796,3.610998,15,PALAEO-RA,,ta,point,C,1782-7-4,1786-12-31,Observer=Van de Perre | Instrument=Palatine Society | QC software=dataresqc v1.1.1
Middelburg,Middelburg,PALAEO-RA_Middelburg_17820704-17861231_p_subdaily_qc.tsv,Palatine-Society_Middelburg,Middelburg,51.498796,3.610998,15,PALAEO-RA,,p,point,hPa,1782-7-4,1786-12-31,Observer=Van de Perre | PGC=Y | PTC=Y | Instrument=Palatine Society | QC software=dataresqc v1.1.0
Milan,Milan | Milano | Mailand,Maugeri_Milan_17630101-19491231_Tx_daily_qc.tsv,Milan,Milan,45.47,9.19,150,"Maugeri, Maurizio et al. “Daily Milan temperature and pressure series (1763-1998): Completing and homogenising the data.” Climatic Change 53 (2002): 119-149.",https://doi.org/10.1023/A:1014923027396,Tx,max,C,1763-1-1,1949-12-31,QC software=dataresqc v1.1.1
Milan,Milan | Milano | Mailand,GHCNd_Milan_18580101-20081130_rr_daily.tsv,ITE00100554,MILAN,45.4717,9.1892,150,GHCN-D,,rr,sum,mm,1858-1-1,2008-11-30,
Milan,Milan | Milano | Mailand,IMPROVE_Milan_17630101-18621231_p_daily_qc.tsv,IMPROVE_Milan,Milan,45.47,9.19,150,IMPROVE,https://link.springer.com/book/10.1007/978-94-010-0371-1,p,mean,hPa,1763-1-1,1862-12-31,PGC=Y | QC software=dataresqc v1.1.1
Milan,Milan | Milano | Mailand,CRU_Milan_18500101-19981231_p_daily_qc.tsv,WMO-16080,Milan,45.61,8.73,211,CRU,https://sites.uea.ac.uk/cru/,p,mean,hPa,1850-1-1,1998-12-31,PGC=N | PTC=N
Milan,Milan | Milano | Mailand,Maugeri_Milan_17630101-19491231_Tn_daily_qc.tsv,Milan,Milan,45.47,9.19,150,"Maugeri, Maurizio et al. “Daily Milan temperature and pressure series (1763-1998): Completing and homogenising the data.” Climatic Change 53 (2002): 119-149.",https://doi.org/10.1023/A:1014923027396,Tn,min,C,1763-1-1,1949-12-31,QC software=dataresqc v1.1.1
Milan,Milan | Milano | Mailand,Maugeri_Milan_17630101-19491231_ta_daily_qc.tsv,Milan,Milan,45.47,9.19,150,"Maugeri, Maurizio et al. “Daily Milan temperature and pressure series (1763-1998): Completing and homogenising the data.” Climatic Change 53 (2002): 119-149.",https://doi.org/10.1023/A:1014923027396,ta,mean,C,1763-1-1,1949-12-31,QC software=dataresqc v1.1.1
Milan,Milan | Milano | Mailand,Maugeri_Milan_17630101-19491231_p_daily_qc.tsv,Milan,Milan,45.47,9.19,150,"Maugeri, Maurizio et al. “Daily Milan temperature and pressure series (1763-1998): Completing and homogenising the data.” Climatic Change 53 (2002): 119-149.",https://doi.org/10.1023/A:1014923027396,p,mean,hPa,1763-1-1,1949-12-31,QC software=dataresqc v1.1.1
Milan,Milan | Milano | Mailand,IMPROVE_Milan_17630101-18621231_ta_daily_qc.tsv,IMPROVE_Milan,Milan,45.47,9.19,150,IMPROVE,https://link.springer.com/book/10.1007/978-94-010-0371-1,ta,mean,C,1763-1-1,1862-12-31,QC software=dataresqc v1.1.0
MilfordHaven,Milford Haven |  Aberdaugleddau,WRDv2-2_Milford-Haven_18620710-18620724_ta_barometer_subdaily.tsv,DWRUK_MILFORD,Milford Haven,51.71,-5.04,36,DWR_UKMO,DOI 10.5281/zenodo.5940391,ta,point,C,1862-7-10,1862-7-24,
MilfordHaven,Milford Haven |  Aberdaugleddau,WRDv2-2_Milford-Haven_18620710-18620724_ta_subdaily.tsv,DWRUK_MILFORD,Milford Haven,51.71,-5.04,36,DWR_UKMO,DOI 10.5281/zenodo.5940391,ta,point,C,1862-7-10,1862-7-24,
MilfordHaven,Milford Haven |  Aberdaugleddau,WRDv2-2_Milford-Haven_18620710-18620724_p_subdaily.tsv,DWRUK_MILFORD,Milford Haven,51.71,-5.04,36,DWR_UKMO,DOI 10.5281/zenodo.5940391,p,point,hPa,1862-7-10,1862-7-24,PTC=Y | PGC=N
MilfordHaven,Milford Haven |  Aberdaugleddau,WRDv2-2_Milford-Haven_18620710-18620724_rr_daily.tsv,DWRUK_MILFORD,Milford Haven,51.71,-5.04,36,DWR_UKMO,DOI 10.5281/zenodo.5940391,rr,sum,mm,1862-7-10,1862-7-24,
Minsk,Minsk | Mensk | Menesk,GHCNd_Minsk_18910401-20241231_ta_daily.tsv,BOM00026850,Minsk,53.87,27.53,222,GHCNd,ncei.noaa.gov/products/land-based-station/global-historical-climatology-network-daily,ta,mean,C,1891-4-1,2024-12-31,QC software=dataresqc v1.1.1
Montauban,Montauban | Montalban,WeaR_Montauban_17881101-17890228_ta_daily.tsv,SRM_Montauban,Montauban,44.02,1.35,112,WeaR,DOI: 10.5194/cp-18-2545-2022,ta,mean,C,1788-11-1,1789-2-28,Observer=Moulet (Société Royale de Médécine)
Montauban,Montauban | Montalban,WeaR_Montauban_17881101-17890228_p_daily.tsv,SRM_Montauban,Montauban,44.02,1.35,112,WeaR,DOI: 10.5194/cp-18-2545-2022,p,mean,hPa,1788-11-1,1789-2-28,Observer=Moulet (Société Royale de Médécine) | PGC=Y | PTC=Y
Montpellier,Montpellier | Montpelhièr,PALAEO-RA_Montpellier_17370103-17480624_ta_subdaily_qc.tsv,Montpellier,Montpellier,43.61077,3.876716,57,PALAEO-RA,,ta,point,C,1737-1-3,1748-6-24,Observer=Bon | QC software=dataresqc v1.1.1
Montpellier,Montpellier | Montpelhièr,PALAEO-RA_Montpellier_17050203-17481228_p_subdaily_qc.tsv,Montpellier,Montpellier,43.61077,3.876716,57,PALAEO-RA,,p,point,hPa,1705-2-3,1748-12-28,Observer=Bon | PGC=Y | PTC=N | QC software=dataresqc v1.1.1
Montpellier,Montpellier | Montpelhièr,PALAEO-RA_Montpellier_Lenke_17090101-17090228_ta_daily.tsv,Lenke-Montpellier,Montpellier,43.2965,5.36978,44,"Untersuchung der ältesten Temperaturmessungen mit Hilfe des strengen Winters 1708-1709, Walter Lenke",,ta,point,C,1709-1-1,1709-2-28,coords=approx
Montpellier,Montpellier | Montpelhièr,PALAEO-RA_Montpellier_17050203-17480624_dd_subdaily_qc.tsv,Montpellier,Montpellier,43.61077,3.876716,57,PALAEO-RA,,dd,point,degree,1705-2-3,1748-6-24,Observer=Bon | QC software=dataresqc v1.1.1
Morges,Morges,CHIMES_Morges_18491101-18541130_rr_daily_qc.tsv,VD04_Morges,Morges,46.501,6.488,383,CHIMES,https://doi.org/10.5194/cp-15-1345-2019,rr,sum,mm,1849-11-1,1854-11-30,"Observer=Charles Dufour, Frédéric Burnier, Jean-Alexandre-Marc Yersin | QC software=dataresqc v1.1.1"
Morges,Morges,CHIMES_Morges_18491101-18541130_ta_subdaily_qc.tsv,VD04_Morges,Morges,46.501,6.488,383,CHIMES,https://doi.org/10.5194/cp-15-1345-2019,ta,point,C,1849-11-1,1854-11-30,"Observer=Charles Dufour, Frédéric Burnier, Jean-Alexandre-Marc Yersin | QC software=dataresqc v1.1.1"
Morges,Morges,CHIMES_Morges_18491101-18541130_Tn_daily_qc.tsv,VD04_Morges,Morges,46.501,6.488,383,CHIMES,https://doi.org/10.5194/cp-15-1345-2019,Tn,min,C,1849-11-1,1854-11-30,"Observer=Charles Dufour, Frédéric Burnier, Jean-Alexandre-Marc Yersin | QC software=dataresqc v1.1.1"
Morges,Morges,CHIMES_Morges_18491101-18541130_p_subdaily_qc.tsv,VD04_Morges,Morges,46.501,6.488,383,CHIMES,https://doi.org/10.5194/cp-15-1345-2019,p,point,hPa,1849-11-1,1854-11-30,"Observer=Charles Dufour, Frédéric Burnier, Jean-Alexandre-Marc Yersin | PTC=Y | PGC=Y | QC software=dataresqc v1.1.1"
Morges,Morges,CHIMES_Morges_18491101-18541130_Tx_daily_qc.tsv,VD04_Morges,Morges,46.501,6.488,383,CHIMES,https://doi.org/10.5194/cp-15-1345-2019,Tx,max,C,1849-11-1,1854-11-30,"Observer=Charles Dufour, Frédéric Burnier, Jean-Alexandre-Marc Yersin | QC software=dataresqc v1.1.1"
Moscow,Moscow | Moskva,PALAEO-RA_Moscow_17850321-17921231_p_subdaily_qc.tsv,Palatine-Society_Moscow,Moscow,55.755826,37.6173,130,PALAEO-RA,,p,point,hPa,1785-3-21,1792-12-31,Observer=Stritter | PGC=Y | PTC=N | Instrument=Palatine Society | QC software=dataresqc v1.1.1
Moscow,Moscow | Moskva,PALAEO-RA_Moscow_17850321-17921231_dd_subdaily_qc.tsv,Palatine-Society_Moscow,Moscow,55.755826,37.6173,130,PALAEO-RA,,dd,point,degree,1785-3-21,1792-12-31,Observer=Stritter | QC software=dataresqc v1.1.1
Moscow,Moscow | Moskva,CRU_Moscow_18660101-20001231_p_daily_qc.tsv,WMO-27612,Moscow,55.76,37.66,156,CRU,https://sites.uea.ac.uk/cru/,p,mean,hPa,1866-1-1,2000-12-31,PGC=N | PTC=N
Moscow,Moscow | Moskva,PALAEO-RA_Moscow_17850321-17921231_ta_subdaily_qc.tsv,Palatine-Society_Moscow,Moscow,55.755826,37.6173,130,PALAEO-RA,,ta,point,C,1785-3-21,1792-12-31,Observer=Stritter | Instrument=Palatine Society | QC software=dataresqc v1.1.0
Moville,Moville | Bun an Phobail,WRDv2-2_Moville_18710124-18750331_rr_daily.tsv,DWRUK_MOVILLE,Moville,55.19165,-7.0426,23.77,DWR_UKMO,DOI 10.5281/zenodo.5940391,rr,sum,mm,1871-1-24,1875-3-31,
Moville,Moville | Bun an Phobail,WRDv2-2_Moville_18720114-18750331_Tn_daily.tsv,DWRUK_MOVILLE,Moville,55.19165,-7.0426,40,DWR_UKMO,DOI 10.5281/zenodo.5940391,Tn,minimum,C,1872-1-14,1875-3-31,
Moville,Moville | Bun an Phobail,WRDv2-2_Moville_18710203-18750331_p_subdaily.tsv,DWRUK_MOVILLE,Moville,55.19165,-7.0426,40,DWR_UKMO,DOI 10.5281/zenodo.5940391,p,point,hPa,1871-2-3,1875-3-31,PTC=Y | PGC=N
Moville,Moville | Bun an Phobail,WRDv2-2_Moville_18720114-18750331_Tx_daily.tsv,DWRUK_MOVILLE,Moville,55.19165,-7.0426,40,DWR_UKMO,DOI 10.5281/zenodo.5940391,Tx,maximum,C,1872-1-14,1875-3-31,
Moville,Moville | Bun an Phobail,WRDv2-2_Moville_18720104-18750331_ta_barometer_subdaily.tsv,DWRUK_MOVILLE,Moville,55.19165,-7.0426,40,DWR_UKMO,DOI 10.5281/zenodo.5940391,ta,point,C,1872-1-4,1875-3-31,
Moville,Moville | Bun an Phobail,WRDv2-2_Moville_18710123-18750331_ta_subdaily.tsv,DWRUK_MOVILLE,Moville,55.19165,-7.0426,40,DWR_UKMO,DOI 10.5281/zenodo.5940391,ta,point,C,1871-1-23,1875-3-31,
Mulhouse,Mulhouse | Mìlhüsa | Mülhausen | Muelhausen,DigiHom_Mulhouse_17940305-18121231_ta_subdaily_qc.tsv,Mulhouse,Mulhouse,47.75,7.34,240,DigiHom,,ta,point,C,1794-3-5,1812-12-31,QC software=dataresqc v1.1.1
Mulhouse,Mulhouse | Mìlhüsa | Mülhausen | Muelhausen,DigiHom_Mulhouse_17940305-18121231_p_subdaily_qc.tsv,Mulhouse,Mulhouse,47.75,7.34,240,DigiHom,,p,point,hPa,1794-3-5,1812-12-31,PGC=Y | PTC=N | QC software=dataresqc v1.1.1
Munich,Munich | Münich | Muenich | München | Muenchen | Munchen | Minga,PALAEO-RA_Munich_17810101-17921231_ta_subdaily_qc.tsv,Palatine-Society_Munich,Munich,48.17,11.55,525,PALAEO-RA,,ta,point,C,1781-1-1,1792-12-31,"Observer=Huebpauer, Imhof | Instrument=Palatine Society | QC software=dataresqc v1.1.0"
Munich,Munich | Münich | Muenich | München | Muenchen | Munchen | Minga,PALAEO-RA_Munich_17810101-17921231_dd_subdaily_qc.tsv,Palatine-Society_Munich,Munich,48.17,11.55,525,PALAEO-RA,,dd,point,degree,1781-1-1,1792-12-31,"Observer=Huebpauer, Imhof | QC software=dataresqc v1.1.1"
Munich,Munich | Münich | Muenich | München | Muenchen | Munchen | Minga,PALAEO-RA_Munich_17820101-17881231_eee_subdaily.tsv,Palatine-Society_Munich,Munich,48.17,11.55,525,PALAEO-RA,,eee,sum,mm,1782-1-1,1788-12-31,"Observer=Huebpauer, Imhof"
Munich,Munich | Münich | Muenich | München | Muenchen | Munchen | Minga,GHCNd_Munchen-Nymphenburg_18790101-20190730_rr_daily.tsv,GM000004199,MUNCHEN-NYMPHENBURG,48.1667,11.5025,515,GHCN-D,,rr,sum,mm,1879-1-1,2019-7-30,
Munich,Munich | Münich | Muenich | München | Muenchen | Munchen | Minga,PALAEO-RA_Munich_17810101-17921231_p_subdaily_qc.tsv,Palatine-Society_Munich,Munich,48.17,11.55,525,PALAEO-RA,,p,point,hPa,1781-1-1,1792-12-31,"Observer=Huebpauer, Imhof | PGC=Y | PTC=Y | Instrument=Palatine Society | QC software=dataresqc v1.1.1"
Munich,Munich | Münich | Muenich | München | Muenchen | Munchen | Minga,PALAEO-RA_Munich_17870101-17871231_p_daily_qc.tsv,Palatine-Society_Munich,Munich,48.17,11.55,525,PALAEO-RA,,p,mean,hPa,1787-1-1,1787-12-31,Observer=Huebpauer | PGC=Y | PTC=Y | Instrument=Palatine Society | QC software=dataresqc v1.1.1
Munich,Munich | Münich | Muenich | München | Muenchen | Munchen | Minga,PALAEO-RA_Munich_17870101-17871231_ta_daily_qc.tsv,Palatine-Society_Munich,Munich,48.17,11.55,525,PALAEO-RA,,ta,mean,C,1787-1-1,1787-12-31,Observer=Huebpauer | QC software=dataresqc v1.1.1
Munich,Munich | Münich | Muenich | München | Muenchen | Munchen | Minga,PALAEO-RA_Munich_17810101-17921231_w_subdaily.tsv,Palatine-Society_Munich,Munich,48.17,11.55,525,PALAEO-RA,,w,point,0-4,1781-1-1,1792-12-31,"Observer=Huebpauer, Imhof"
Nairn,Nairn | Inbhir Narann,WRDv2-2_Nairn_18720114-18750331_Tn_daily.tsv,DWRUK_NAIRN,Nairn,57.577607,-3.895321,18,DWR_UKMO,DOI 10.5281/zenodo.5940391,Tn,minimum,C,1872-1-14,1875-3-31,alias=Delnies Schoolhouse
Nairn,Nairn | Inbhir Narann,EMULATE_Nairn_18680101-18710228_p_subdaily.tsv,NAIRN,NAIRN,57.59,-3.87,25,EMULATE,DOI 10.5281/zenodo.5940391,p,point,hPa,1868-1-1,1871-2-28,
Nairn,Nairn | Inbhir Narann,WRDv2-2_Nairn_18610301-18750331_ta_barometer_subdaily.tsv,DWRUK_NAIRN,Nairn,57.577607,-3.895321,18,DWR_UKMO,DOI 10.5281/zenodo.5940391,ta,point,C,1861-3-1,1875-3-31,Alias=Delnies Schoolhouse
Nairn,Nairn | Inbhir Narann,WRDv2-2_Nairn_18611216-18750331_rr_daily.tsv,DWRUK_NAIRN,Nairn,57.577607,-3.895321,18.3,DWR_UKMO,DOI 10.5281/zenodo.5940391,rr,sum,mm,1861-12-16,1875-3-31,Alias=Delnies Schoolhouse
Nairn,Nairn | Inbhir Narann,WRDv2-2_Nairn_18720114-18750331_Tx_daily.tsv,DWRUK_NAIRN,Nairn,57.577607,-3.895321,18,DWR_UKMO,DOI 10.5281/zenodo.5940391,Tx,maximum,C,1872-1-14,1875-3-31,alias=Delnies Schoolhouse
Nairn,Nairn | Inbhir Narann,WRDv2-2_Nairn_18610301-18750331_p_subdaily.tsv,DWRUK_NAIRN,Nairn,57.577607,-3.895321,25,DWR_UKMO,DOI 10.5281/zenodo.5940391,p,point,hPa,1861-3-1,1875-3-31,PTC=Y | PGC=N | Alias=Delnies Schoolhouse
Nairn,Nairn | Inbhir Narann,WRDv2-2_Nairn_18610301-18750331_ta_subdaily.tsv,DWRUK_NAIRN,Nairn,57.577607,-3.895321,18,DWR_UKMO,DOI 10.5281/zenodo.5940391,ta,point,C,1861-3-1,1875-3-31,Alias=Delnies Schoolhouse
Nancy,Nancy,WeaR_Nancy_17881101-17890228_p_daily.tsv,SRM_Nancy,Nancy,48.69,6.184,215,WeaR,DOI: 10.5194/cp-18-2545-2022,p,mean,hPa,1788-11-1,1789-2-28,Observer=Poma (Société Royale de Médécine) | PGC=Y | PTC=Y
Nancy,Nancy,WeaR_Nancy_17881101-17890228_ta_daily.tsv,SRM_Nancy,Nancy,48.69,6.184,215,WeaR,DOI: 10.5194/cp-18-2545-2022,ta,mean,C,1788-11-1,1789-2-28,Observer=Poma (Société Royale de Médécine)
Neuchatel,Neuchatel | Neuenburg | Neuenburg am See | Neuchâtel | Ntchati | Neocastello | Nuovocastello,CHIMES_Neuchatel_17530101-17821222_ta_subdaily_qc.tsv,NE01_Neuchatel,Neuchatel,46.9912,6.92968,434,CHIMES,https://doi.org/10.5194/cp-15-1345-2019,ta,point,C,1753-1-1,1782-12-22,Observer=Frédéric Moula | QC software=dataresqc v1.1.1
Neuchatel,Neuchatel | Neuenburg | Neuenburg am See | Neuchâtel | Ntchati | Neocastello | Nuovocastello,CHIMES_Neuchatel_17530101-17821222_p_subdaily_qc.tsv,NE01_Neuchatel,Neuchatel,46.9912,6.92968,434,CHIMES,https://doi.org/10.5194/cp-15-1345-2019,p,point,hPa,1753-1-1,1782-12-22,Observer=Frédéric Moula | PTC=N | PGC=Y | QC software=dataresqc v1.1.1
Nicosia,Nicosia | Lefkosia | Lefkoşa,MEDARE_Nicosia_18810801-19221231_rr_daily.tsv,17607,Nicosia,35.19,33.37,152,Medare,https://www.idare-portal.org/data/medare,rr,sum,mm,1881-8-1,1922-12-31,
Nicosia,Nicosia | Lefkosia | Lefkoşa,MEDARE_Nicosia_17607_18810801-19221231_p_daily.tsv,17607,Nicosia,35.19,33.37,152,Medare,https://www.idare-portal.org/data/medare,p,mean,hPa,1881-8-1,1922-12-31,PGC=N | PTC=N | Orig.res=subdaily | Diurnal cycle=N
Nicosia,Nicosia | Lefkosia | Lefkoşa,UERRA_Nicosia_18810801-19221231_ta_subdaily.tsv,CYP0017606,Nicosia,35.19,33.37,152,Ashcroft,doi.org/10.5194/essd-10-1613-2018-supplement,ta,point,C,1881-8-1,1922-12-31,QC software=dataresqc v1.1.1
Nikolaev,Mykolaiv | Nikolaev | Nikolaef,CRU_Nikolaef_18580913-18801231_p_daily_qc.tsv,WMO-33846,Nikolaef,46.58,31.95,19,CRU,https://sites.uea.ac.uk/cru/,p,mean,hPa,1858-9-13,1880-12-31,PGC=N | PTC=N
Nikolaev,Mykolaiv | Nikolaev | Nikolaef,GHCNd_Nikolaev_18810101-20121231_rr_daily.tsv,UPM00033846,NIKOLAEV,46.9667,31.9831,49,GHCN-D,,rr,sum,mm,1881-1-1,2012-12-31,
NizhnyNovgorod,Niznij Novgorod | Nizhny Novgorod | Nischni Nowgorod | Gorki | Gorkij,GHCNd_Niznij-Novgorod_18810101-20190131_rr_daily.tsv,RSM00027459,NIZNIJ NOVGOROD,56.2667,44.0,161,GHCN-D,,rr,sum,mm,1881-1-1,2019-1-31,
Nora,Nora,ECAD_Nora_18740101-19170331_ta_daily.tsv,TG_SOUID_166157,Nora,59.51,15.03,97,ECA&D,knmi-ecad-assets-prd.s3.amazonaws.com/download/ECA_nonblend_tg.zip,ta,mean,C,1874-1-1,1917-3-31,"Mean temperature calculated as weighted average of TN, TX and observations at 06, 12 and 18 UT (5 values) | QC software=dataresqc v1.1.1"
Nottingham,Nottingham,WRDv2-2_Nottingham_18720701-18750331_rr_daily.tsv,DWRUK_NOTTINGHAM,Nottingham,52.93741,-1.197,49,DWR_UKMO,DOI 10.5281/zenodo.5940391,rr,sum,mm,1872-7-1,1875-3-31,Alias=Highfield House
Nottingham,Nottingham,WRDv2-2_Nottingham_18720701-18750331_Tx_daily.tsv,DWRUK_NOTTINGHAM,Nottingham,52.93741,-1.197,51,DWR_UKMO,DOI 10.5281/zenodo.5940391,Tx,maximum,C,1872-7-1,1875-3-31,Alias=Highfield House
Nottingham,Nottingham,WRDv2-2_Nottingham_18720701-18750331_ta_barometer_subdaily.tsv,DWRUK_NOTTINGHAM,Nottingham,52.93741,-1.197,51,DWR_UKMO,DOI 10.5281/zenodo.5940391,ta,point,C,1872-7-1,1875-3-31,Alias=Highfield House
Nottingham,Nottingham,WRDv2-2_Nottingham_18720701-18750331_ta_subdaily.tsv,DWRUK_NOTTINGHAM,Nottingham,52.93741,-1.197,51,DWR_UKMO,DOI 10.5281/zenodo.5940391,ta,point,C,1872-7-1,1875-3-31,Alias=Highfield House
Nottingham,Nottingham,WRDv2-2_Nottingham_18720701-18750331_Tn_daily.tsv,DWRUK_NOTTINGHAM,Nottingham,52.93741,-1.197,51,DWR_UKMO,DOI 10.5281/zenodo.5940391,Tn,minimum,C,1872-7-1,1875-3-31,Alias=Highfield House
Nottingham,Nottingham,WRDv2-2_Nottingham_18720703-18750331_p_subdaily.tsv,DWRUK_NOTTINGHAM,Nottingham,52.93741,-1.197,49,DWR_UKMO,DOI 10.5281/zenodo.5940391,p,point,hPa,1872-7-3,1875-3-31,PTC=Y | PGC=N | Alias=Highfield House
Novorossijsk,Novorossijsk | Novorossiysk,GHCNd_Novorossijsk_18810101-19960630_rr_daily.tsv,RSM00037000,NOVOROSSIJSK,44.717,37.767,30,GHCN-D,,rr,sum,mm,1881-1-1,1996-6-30,
Nuernberg,Nuernberg | Nuremberg | Nürnberg | Nämberch | Nurnberg,PALAEO-RA_Nuernberg_17181221-17300630_ta_subdaily.tsv,Kanold_Nuernberg,Nürnberg,49.45,11.083333,316,PALAEO-RA,,ta,point,unknown,1718-12-21,1730-6-30,Observer=Rost
Nuernberg,Nuernberg | Nuremberg | Nürnberg | Nämberch | Nurnberg,PALAEO-RA_Nuernberg_17320101-17431231_p_daily_qc.tsv,Europe_Nuernberg,Nuremberg,49.452102,11.076665,316,PALAEO-RA,,p,point,hPa,1732-1-1,1743-12-31,Observer=Doppelmayr | PTC=N | PGC=Y | QC software=dataresqc v1.1.0
Nuernberg,Nuernberg | Nuremberg | Nürnberg | Nämberch | Nurnberg,PALAEO-RA_Nuernberg_17181221-17300630_dd_subdaily_qc.tsv,Kanold_Nuernberg,Nürnberg,49.45,11.083333,316,PALAEO-RA,,dd,point,degree,1718-12-21,1730-6-30,Observer=Rost | QC software=dataresqc v1.1.1
Nuernberg,Nuernberg | Nuremberg | Nürnberg | Nämberch | Nurnberg,PALAEO-RA_Nuernberg_17320101-17431231_ta_daily.tsv,Europe_Nuernberg,Nürnberg,49.45,11.083333,316,PALAEO-RA,https://www.astronomie-nuernberg.de/index.php?category=doppelmayr&page=doppelmayr-observationes-meteorologicas,ta,point,unknown,1732-1-1,1743-12-31,Observer=Doppelmayr
Nuernberg,Nuernberg | Nuremberg | Nürnberg | Nämberch | Nurnberg,PALAEO-RA_Nuernberg_17320101-17431231_dd_daily_qc.tsv,Europe_Nuernberg,Nuremberg,49.452102,11.076665,316,PALAEO-RA,,dd,point,degree,1732-1-1,1743-12-31,Observer=Doppelmayr | QC software=dataresqc v1.1.1
Nuernberg,Nuernberg | Nuremberg | Nürnberg | Nämberch | Nurnberg,PALAEO-RA_Nuernberg_17181221-17300630_p_subdaily_qc.tsv,Kanold_Nuernberg,Nürnberg,49.45,11.083333,316,PALAEO-RA,,p,point,hPa,1718-12-21,1730-6-30,Observer=Rost | PTC=N | PGC=Y | QC software=dataresqc v1.1.0
Nuernberg,Nuernberg | Nuremberg | Nürnberg | Nämberch | Nurnberg,ECAD_Nuernberg_18790101-20241231_ta_daily.tsv,TG_SOUID_102382,Nurnberg,49.504167,11.056667,314,ECA&D,knmi-ecad-assets-prd.s3.amazonaws.com/download/ECA_nonblend_tg.zip,ta,mean,C,1879-1-1,2024-12-31,Mean temperature 0-0 UT | QC software=dataresqc v1.1.1
Nufenen,Nufenen | Nueinas,CHIMES_Nufenen_18341206-18410728_p_subdaily_qc.tsv,GR11_Nufenen,Nufenen,46.5395,9.24468,1580,CHIMES,https://doi.org/10.5194/cp-15-1345-2019,p,point,hPa,1834-12-6,1841-7-28,Observer=Johann Friedrich Felix | PTC=Y | PGC=Y | QC software=dataresqc v1.1.1
Nufenen,Nufenen | Nueinas,CHIMES_Nufenen_18341206-18460730_ta_subdaily_qc.tsv,GR11_Nufenen,Nufenen,46.5395,9.24468,1580,CHIMES,https://doi.org/10.5194/cp-15-1345-2019,ta,point,C,1834-12-6,1846-7-30,Observer=Johann Friedrich Felix | QC software=dataresqc v1.0.3
Nuuk,Gothaab | Nuuk | Godthåb | Godthaab,PALAEO-RA_Godthaab_17870101-17870630_p_subdaily_qc.tsv,Palatine-Society_Godthaab,Godthaab,64.1023,-51.433,5,PALAEO-RA,Link,p,mean,hPa,1787-1-1,1787-6-30,Observer=Ginge | PGC=Y | PTC=N | Instrument=Palatine Society | QC software=dataresqc v1.1.0
Nuuk,Gothaab | Nuuk | Godthåb | Godthaab,Brugnara_Nuuk_18160101-18201231_p_subdaily_qc.tsv,Nuuk,Yuri_Nuuk,64.1877,-51.6756,10,"Brugnara, Y., Auchmann, R., Brönnimann, S., Allan, R. J., Auer, I., Barriendos, M., Bergström, H., Bhend, J., Brázdil, R., Compo, G. P., Cornes, R. C., Dominguez-Castro, F., van Engelen, A. F. V., Filipiak, J., Holopainen, J., Jourdain, S., Kunz, M., Luterbacher, J., Maugeri, M., Mercalli, L., Moberg, A., Mock, C. J., Pichard, G., Řezníčková, L., van der Schrier, G., Slonosky, V., Ustrnul, Z., Valente, M. A., Wypych, A., and Yin, X.: A collection of sub-daily pressure and temperature observations for the early instrumental period with a focus on the `year without a summer` 1816, Clim. Past, 11, 1027–1047, 2015.",https://doi.org/10.5194/cp-11-1027-2015,p,point,hPa,1816-1-1,1820-12-31,PTC=N | PGC=Y | QC software=dataresqc v1.1.1
Nuuk,Gothaab | Nuuk | Godthåb | Godthaab,PALAEO-RA_Godthaab_17870101-17870630_ta_subdaily_qc.tsv,Palatine-Society_Godthaab,Godthaab,64.103,-51.433,5,PALAEO-RA,Link,ta,mean,C,1787-1-1,1787-6-30,Observer=Ginge | Instrument=Palatine Society | QC software=dataresqc v1.1.1
Nuuk,Gothaab | Nuuk | Godthåb | Godthaab,PALAEO-RA_Godthaab_17861001-17870701_w_subdaily.tsv,Palatine-Society_Godthaab,Godthaab,64.103,-51.433,5,PALAEO-RA,Link,w,point,0-4,1786-10-1,1787-7-1,Observer=Ginge
Nuuk,Gothaab | Nuuk | Godthåb | Godthaab,CRU_Godthaab_18750116-18801231_p_daily_qc.tsv,WMO-4250,Godt_Haab,64.16,-51.75,70,CRU,https://sites.uea.ac.uk/cru/,p,mean,hPa,1875-1-16,1880-12-31,PGC=N | PTC=N
Nuuk,Gothaab | Nuuk | Godthåb | Godthaab,PALAEO-RA_Godthaab_17861001-17870701_dd_subdaily_qc.tsv,Palatine-Society_Godthaab,Godthaab,64.103,-51.433,5,PALAEO-RA,Link,dd,point,degree,1786-10-1,1787-7-1,Observer=Ginge | QC software=dataresqc v1.1.1
Odesa,Odesa | Odessa,UA-UHMI_Odesa_horticulture_18411013-18530630_p_subdaily.tsv,Odesa_horticulture,"Odesa, horticulture",46.46,30.68,35,UA-UHMI,https://doi.org/10.15407/uhmi.report.01,p,point,hPa,1841-10-13,1853-6-30,PTC=Y | PGC=Y | QC=Y
Odesa,Odesa | Odessa,UA-UHMI_Odesa_horticulture_18560101-18560331_p_subdaily.tsv,Odesa_horticulture,"Odesa, horticulture",46.46,30.68,35,UA-UHMI,https://doi.org/10.15407/uhmi.report.01,p,point,hPa,1856-1-1,1856-3-31,PTC=Y | PGC=Y | QC=Y
Odesa,Odesa | Odessa,UA-UHMI_Odesa_lighthouse_18671016-18710612_p_subdaily.tsv,Odesa_lighthouse,"Odesa, lighthouse",46.4,30.75,45,UA-UHMI,https://doi.org/10.15407/uhmi.report.01,p,point,hPa,1867-10-16,1871-6-12,PTC=Y | PGC=Y | QC=Y
Odesa,Odesa | Odessa,UA-UHMI_Odesa_lighthouse_18710613-18720512_p_subdaily.tsv,Odesa_lighthouse,"Odesa, lighthouse",46.4,30.75,45,UA-UHMI,https://doi.org/10.15407/uhmi.report.01,p,point,hPa,1871-6-13,1872-5-12,PTC=Y | PGC=Y | QC=Y
Odesa,Odesa | Odessa,UA-UHMI_Odesa_18700101-18801231_ta_subdaily.tsv,Odesa,Odesa,46.4333,30.7667,43,UA-UHMI,https://doi.org/10.15407/uhmi.report.01,ta,point,C,1870-1-1,1880-12-31,Observer=Stalevych | QC=Y
Odesa,Odesa | Odessa,UA-UHMI_Odesa_lighthouse_18650513-18710612_ta_subdaily.tsv,Odesa_lighthouse,"Odesa, lighthouse",46.4,30.75,45,UA-UHMI,https://doi.org/10.15407/uhmi.report.01,ta,point,C,1865-5-13,1871-6-12,QC=Y
Odesa,Odesa | Odessa,UA-UHMI_Odesa_Vorontsov-lighthouse_18740720-18801012_p_subdaily.tsv,Odesa_Vorontsov_lighthouse,"Odesa, Vorontsov lighthouse",46.5,30.77,0,UA-UHMI,https://doi.org/10.15407/uhmi.report.01,p,point,hPa,1874-7-20,1880-10-12,Observer=s.lieutenant Ivimunov(?) | PTC=Y | PGC=Y | QC=Y
Odesa,Odesa | Odessa,UA-UHMI_Odesa_horticulture_18560401-18591231_ta_subdaily.tsv,Odesa_horticulture,"Odesa, horticulture",46.46,30.68,35,UA-UHMI,https://doi.org/10.15407/uhmi.report.01,ta,point,C,1856-4-1,1859-12-31,QC=Y
Odesa,Odesa | Odessa,UA-UHMI_Odesa_lighthouse_18710613-18720512_ta_subdaily.tsv,Odesa_lighthouse,"Odesa, lighthouse",46.4,30.75,45,UA-UHMI,https://doi.org/10.15407/uhmi.report.01,ta,point,C,1871-6-13,1872-5-12,QC=Y
Odesa,Odesa | Odessa,UA-UHMI_Odesa_Vorontsov-lighthouse_18740720-18801012_ta_subdaily.tsv,Odesa_Vorontsov_lighthouse,"Odesa, Vorontsov lighthouse",46.5,30.77,0,UA-UHMI,https://doi.org/10.15407/uhmi.report.01,ta,point,C,1874-7-20,1880-10-12,Observer=s.lieutenant Ivimunov(?) | QC=Y
Odesa,Odesa | Odessa,UA-UHMI_Odesa_lighthouse_18720513-18810112_ta_subdaily.tsv,Odesa_lighthouse,"Odesa, lighthouse",46.4,30.75,45,UA-UHMI,https://doi.org/10.15407/uhmi.report.01,ta,point,C,1872-5-13,1881-1-12,QC=Y
Odesa,Odesa | Odessa,GHCNd_Odesa_18940101-20241231_ta_daily.tsv,UPM00033837,Odesa,46.48,30.63,42,GHCNd,ncei.noaa.gov/products/land-based-station/global-historical-climatology-network-daily,ta,mean,C,1894-1-1,2024-12-31,QC software=dataresqc v1.1.1
Odesa,Odesa | Odessa,UA-UHMI_Odesa_18390422-18400112_ta_subdaily.tsv,Odesa,Odesa,46.4333,30.7667,43,UA-UHMI,https://doi.org/10.15407/uhmi.report.01,ta,point,C,1839-4-22,1840-1-12,QC=Y
Odesa,Odesa | Odessa,UA-UHMI_Odesa_18390422-18400112_p_subdaily.tsv,Odesa,Odesa,46.4333,30.7667,43,UA-UHMI,https://doi.org/10.15407/uhmi.report.01,p,point,hPa,1839-4-22,1840-1-12,PTC=Y | PGC=Y | QC=Y
Odesa,Odesa | Odessa,UA-UHMI_Odesa_18591101-18691231_p_subdaily.tsv,Odesa,Odesa,46.4333,30.7667,43,UA-UHMI,https://doi.org/10.15407/uhmi.report.01,p,point,hPa,1859-11-1,1869-12-31,Observer=Stalevych | PTC=Y | PGC=Y | QC=Y
Odesa,Odesa | Odessa,UA-UHMI_Odesa_horticulture_18530701-18541231_p_subdaily.tsv,Odesa_horticulture,"Odesa, horticulture",46.46,30.68,35,UA-UHMI,https://doi.org/10.15407/uhmi.report.01,p,point,hPa,1853-7-1,1854-12-31,PTC=Y | PGC=Y | QC=Y
Odesa,Odesa | Odessa,UA-UHMI_Odesa_18710101-18801231_p_subdaily.tsv,Odesa,Odesa,46.4333,30.7667,43,UA-UHMI,https://doi.org/10.15407/uhmi.report.01,p,point,hPa,1871-1-1,1880-12-31,Observer=Stalevych | PTC=Y | PGC=Y | QC=Y
Odesa,Odesa | Odessa,UA-UHMI_Odesa_horticulture_18411013-18530630_ta_subdaily.tsv,Odesa_horticulture,"Odesa, horticulture",46.46,30.68,35,UA-UHMI,https://doi.org/10.15407/uhmi.report.01,ta,point,C,1841-10-13,1853-6-30,QC=Y
Odesa,Odesa | Odessa,UA-UHMI_Odesa_18400101-18500613_p_subdaily.tsv,Odesa,Odesa,46.4333,30.7667,43,UA-UHMI,https://doi.org/10.15407/uhmi.report.01,p,point,hPa,1840-1-1,1850-6-13,PTC=Y | PGC=Y | QC=Y
Odesa,Odesa | Odessa,UA-UHMI_Odesa_18591101-18691231_ta_subdaily.tsv,Odesa,Odesa,46.4333,30.7667,43,UA-UHMI,https://doi.org/10.15407/uhmi.report.01,ta,point,C,1859-11-1,1869-12-31,Observer=Stalevych | QC=Y
Odesa,Odesa | Odessa,UA-UHMI_Odesa_horticulture_18560101-18560331_ta_subdaily.tsv,Odesa_horticulture,"Odesa, horticulture",46.46,30.68,35,UA-UHMI,https://doi.org/10.15407/uhmi.report.01,ta,point,C,1856-1-1,1856-3-31,QC=Y
Odesa,Odesa | Odessa,UA-UHMI_Odesa_horticulture_18530701-18541231_ta_subdaily.tsv,Odesa_horticulture,"Odesa, horticulture",46.46,30.68,35,UA-UHMI,https://doi.org/10.15407/uhmi.report.01,ta,point,C,1853-7-1,1854-12-31,QC=Y
Odesa,Odesa | Odessa,UA-UHMI_Odesa_18400101-18500613_ta_subdaily.tsv,Odesa,Odesa,46.4333,30.7667,43,UA-UHMI,https://doi.org/10.15407/uhmi.report.01,ta,point,C,1840-1-1,1850-6-13,QC=Y
Odesa,Odesa | Odessa,UA-UHMI_Odesa_horticulture_18560401-18591231_p_subdaily.tsv,Odesa_horticulture,"Odesa, horticulture",46.46,30.68,35,UA-UHMI,https://doi.org/10.15407/uhmi.report.01,p,point,hPa,1856-4-1,1859-12-31,PTC=Y | PGC=Y | QC=Y
Odesa,Odesa | Odessa,UA-UHMI_Odesa_lighthouse_18720513-18810112_p_subdaily.tsv,Odesa_lighthouse,"Odesa, lighthouse",46.4,30.75,45,UA-UHMI,https://doi.org/10.15407/uhmi.report.01,p,point,hPa,1872-5-13,1881-1-12,PTC=Y | PGC=Y | QC=Y
Ohringen,Ohringen | Öhringen | Ähringe,GHCNd_Ohringen_18890701-20190730_rr_daily.tsv,GME00121126,OHRINGEN,49.2081,9.5183,276,GHCN-D,,rr,sum,mm,1889-7-1,2019-7-30,
Oksoy,"Oxo | Oksøy Lighthouse
Oksøy fyrstasjon | Oksoy",WRDv2-2_Oxo_18720104-18750331_ta_barometer_subdaily.tsv,DWRUK_OXO,Oxo,58.073,8.053,30,DWR_UKMO,DOI 10.5281/zenodo.5940391,ta,point,C,1872-1-4,1875-3-31,Alias=Oksøy;Oxö
Oksoy,"Oxo | Oksøy Lighthouse
Oksøy fyrstasjon | Oksoy",WRDv2-2_Oxo_18700103-18750331_p_subdaily.tsv,DWRUK_OXO,Oxo,58.073,8.053,30,DWR_UKMO,DOI 10.5281/zenodo.5940391,p,point,hPa,1870-1-3,1875-3-31,PTC=? | PGC=? | Alias=Oksøy;Oxö
Oksoy,"Oxo | Oksøy Lighthouse
Oksøy fyrstasjon | Oksoy",WRDv2-2_Oxo_18700103-18750331_ta_subdaily.tsv,DWRUK_OXO,Oxo,58.073,8.053,30,DWR_UKMO,DOI 10.5281/zenodo.5940391,ta,point,C,1870-1-3,1875-3-31,Alias=Oksøy;Oxö
Oksoy,"Oxo | Oksøy Lighthouse
Oksøy fyrstasjon | Oksoy",CRU_Oksoy-Fyr_18700101-20021231_p_daily_qc.tsv,WMO-1448,Oksoy_Fyr,58.07,8.05,8,CRU,https://sites.uea.ac.uk/cru/,p,mean,hPa,1870-1-1,2002-12-31,PGC=N | PTC=N
Oksoy,"Oxo | Oksøy Lighthouse
Oksøy fyrstasjon | Oksoy",GHCNd_Oksoey-Fyr_18750101-20140930_rr_daily.tsv,NOE00105483,OKSOEY FYR,58.0667,8.0506,9,GHCN-D,,rr,sum,mm,1875-1-1,2014-9-30,
Oktyabrskiy,Oktyabrskiy | Oktjabrskij Gorodok,GHCNd_Oktjabrskij-Gorodok_18810101-20190430_rr_daily.tsv,RSM00034163,OKTJABRSKIJ-GORODOK,51.63,45.45,202,GHCN-D,,rr,sum,mm,1881-1-1,2019-4-30,
Oran,Oran | Wahrān | Wehran,MEDARE_Oran_18520101-19661230_rr_daily.tsv,60461,Oran,35.7,-0.65,53,Medare,https://www.idare-portal.org/data/medare,rr,sum,mm,1852-1-1,1966-12-30,
Oran,Oran | Wahrān | Wehran,MEDARE_Oran_60461_18520101-19661231_p_daily.tsv,60461,Oran,35.7,-0.65,53,Medare,https://www.idare-portal.org/data/medare,p,mean,hPa,1852-1-1,1966-12-31,PGC=N | PTC=N | Orig.res=subdaily | Diurnal cycle=N
Orenburg,Orenburg | Chkalov,GHCNd_Orenburg_18860201-20190831_rr_daily.tsv,RSM00035121,ORENBURG,51.6831,55.1,117,GHCN-D,,rr,sum,mm,1886-2-1,2019-8-31,
Orenburg,Orenburg | Chkalov,CRU_Orenburg_18500101-18761231_p_daily_qc.tsv,WMO-35121,Orenburg,51.75,55.1,121,CRU,https://sites.uea.ac.uk/cru/,p,mean,hPa,1850-1-1,1876-12-31,PGC=N | PTC=N
Osijek,Osijek | Grad Osijek,ECAD_Osijek_18580301-20211231_ta_daily.tsv,TG_SOUID_105201,Osijek,45.533056,18.633056,88,ECA&D,knmi-ecad-assets-prd.s3.amazonaws.com/download/ECA_nonblend_tg.zip,ta,mean,C,1858-3-1,2021-12-31,"Mean temperature calculated as average of 07, 14, 21, 21 CET | QC software=dataresqc v1.1.1"
Oudenbosch,Oudenbosch,GHCNd_Oudenbosch_18880201-20190630_rr_daily.tsv,NLE00100509,OUDENBOSCH,51.5667,4.5331,1,GHCN-D,,rr,sum,mm,1888-2-1,2019-6-30,
Oxford,Oxford,WRDv2-2_Oxford_18720701-18750331_rr_daily.tsv,DWRUK_OXFORD,Oxford,51.7612,-1.26399,63.4,DWR_UKMO,DOI 10.5281/zenodo.5940391,rr,sum,mm,1872-7-1,1875-3-31,Alias=Radcliffe Observatory
Oxford,Oxford,PALAEO-RA_Oxford_Plot_16840101-16841231_p_subdaily_qc.tsv,Europe_Oxford_2,Oxford,51.77,-1.27,63,PALAEO-RA,,p,point,hPa,1684-1-1,1684-12-31,Observer=Plot | PTC=N | PGC=Y | QC software=dataresqc v1.1.0
Oxford,Oxford,Boyle_Oxford_Locke_16660704-16830710_ta_subdaily.tsv,Europe_Oxford_1,Oxford,51.77,-1.27,63,"Boyle, General history of the air, London, 1692, pag. 104",,ta,point,unknown,1666-7-4,1683-7-10,Observer=Locke
Oxford,Oxford,WRDv2-2_Oxford_18720702-18750331_Tn_daily.tsv,DWRUK_OXFORD,Oxford,51.7612,-1.26399,63,DWR_UKMO,DOI 10.5281/zenodo.5940391,Tn,minimum,C,1872-7-2,1875-3-31,Alias=Radcliffe Observatory
Oxford,Oxford,PALAEO-RA_Oxford_Locke_16660704-16830706_dd_subdaily_qc.tsv,Europe_Oxford_1,Oxford,51.77,-1.27,63,PALAEO-RA,,dd,point,degree,1666-7-4,1683-7-6,Observer=Locke | QC software=dataresqc v1.1.1
Oxford,Oxford,WRDv2-2_Oxford_18720701-18750331_Tx_daily.tsv,DWRUK_OXFORD,Oxford,51.7612,-1.26399,63,DWR_UKMO,DOI 10.5281/zenodo.5940391,Tx,maximum,C,1872-7-1,1875-3-31,Alias=Radcliffe Observatory
Oxford,Oxford,GHCNd_Oxford_18270101-20190430_rr_daily.tsv,UK000056225,OXFORD,51.7667,-1.2667,63,GHCN-D,,rr,sum,mm,1827-1-1,2019-4-30,
Oxford,Oxford,WRDv2-2_Oxford_18720702-18750331_ta_subdaily.tsv,DWRUK_OXFORD,Oxford,51.7612,-1.26399,63,DWR_UKMO,DOI 10.5281/zenodo.5940391,ta,point,C,1872-7-2,1875-3-31,Alias=Radcliffe Observatory
Oxford,Oxford,WRDv2-2_Oxford_18720701-18750331_p_subdaily.tsv,DWRUK_OXFORD,Oxford,51.7612,-1.26399,64.6,DWR_UKMO,DOI 10.5281/zenodo.5940391,p,point,hPa,1872-7-1,1875-3-31,PTC=Y | PGC=N | Alias=Radcliffe Observatory
Oxford,Oxford,ECAD_Oxford_Radcliffe_18150101-20241231_ta_daily.tsv,TG_SOUID_100929,RadcliffeMeteorologicalStationOxford,51.760833,-1.263889,63,ECA&D,knmi-ecad-assets-prd.s3.amazonaws.com/download/ECA_nonblend_tg.zip,ta,mean,C,1815-1-1,2024-12-31,ta=(Tx+Tn)/2 | QC software=dataresqc v1.1.1
Oxford,Oxford,PALAEO-RA_Oxford_Locke_16660704-16830710_p_subdaily_qc.tsv,Europe_Oxford_1,Oxford,51.77,-1.27,63,PALAEO-RA,,p,point,hPa,1666-7-4,1683-7-10,Observer=Locke | PTC=N | PGC=Y | QC software=dataresqc v1.1.0
Oxford,Oxford,WRDv2-2_Oxford_18720702-18750331_ta_barometer_subdaily.tsv,DWRUK_OXFORD,Oxford,51.7612,-1.26399,63,DWR_UKMO,DOI 10.5281/zenodo.5940391,ta,point,C,1872-7-2,1875-3-31,Alias=Radcliffe Observatory
Padua,Padua | Padova | Pàdova | Pàdoa | Pàoa,PALAEO-RA_Padua_17810101-17921231_rr_subdaily_qc.tsv,Palatine-Society_Padua,Padua,45.4,11.87,18,PALAEO-RA,,rr,sum,mm,1781-1-1,1792-12-31,"Observer=Toaldo, Chiminello | QC software=dataresqc v1.1.1"
Padua,Padua | Padova | Pàdova | Pàdoa | Pàoa,PALAEO-RA_Padua_17810101-17921231_dd_subdaily_qc.tsv,Palatine-Society_Padua,Padua,45.4,11.87,18,PALAEO-RA,,dd,point,degree,1781-1-1,1792-12-31,"Observer=Toaldo, Chiminello | QC software=dataresqc v1.1.1"
Padua,Padua | Padova | Pàdova | Pàdoa | Pàoa,Stefanini_Padua_17740101-19970531_Tn_daily_qc.tsv,Padua,Padua,45.4,11.87,18,"Stefanini, Claudio; Becherini, Francesca; della Valle, Antonio; Camuffo, Dario (2024). Padua daily temperature 1725-2023. figshare. Dataset.",https://doi.org/10.6084/m9.figshare.25471507.v1,Tn,min,C,1774-1-1,1997-5-31,"Observer=Giovanni Poleni, Francesco Poleni (1725-1764); Giambattista Morgagni (1740-1768); Giuseppe Toaldo (1766-1773) | homogenized=Y | QC software=dataresqc v1.1.1"
Padua,Padua | Padova | Pàdova | Pàdoa | Pàoa,Stefanini_Padua_17250112-17731231_ta_noon_qc.tsv,Padua,Padua,45.4,11.87,18,"Stefanini, Claudio; Becherini, Francesca; della Valle, Antonio; Camuffo, Dario (2024). Padua daily temperature 1725-2023. figshare. Dataset.",https://doi.org/10.6084/m9.figshare.25471507.v1,ta,point,C,1725-1-12,1773-12-31,"Observer=Giovanni Poleni, Francesco Poleni (1725-1764); Giambattista Morgagni (1740-1768); Giuseppe Toaldo (1766-1773) | homogenized=Y | QC software=dataresqc v1.1.1"
Padua,Padua | Padova | Pàdova | Pàdoa | Pàoa,IMPROVE_Padua_17250112-19970531_ta_daily_qc.tsv,IMPROVE_Padova,Padua,45.4,11.87,18,IMPROVE,https://link.springer.com/book/10.1007/978-94-010-0371-1,ta,mean,C,1725-1-12,1997-5-31,QC software=dataresqc v1.1.1
Padua,Padua | Padova | Pàdova | Pàdoa | Pàoa,Stefanini_Padua_17740101-19970531_Tx_daily_qc.tsv,Padua,Padua,45.4,11.87,18,"Stefanini, Claudio; Becherini, Francesca; della Valle, Antonio; Camuffo, Dario (2024). Padua daily temperature 1725-2023. figshare. Dataset.",https://doi.org/10.6084/m9.figshare.25471507.v1,Tx,max,C,1774-1-1,1997-5-31,"Observer=Giovanni Poleni, Francesco Poleni (1725-1764); Giambattista Morgagni (1740-1768); Giuseppe Toaldo (1766-1773) | homogenized=Y | QC software=dataresqc v1.1.1"
Padua,Padua | Padova | Pàdova | Pàdoa | Pàoa,Camuffo_Padua_17270101-20181231_rr_daily_qc.tsv,Camuffo_Padua,Padua,45.4,11.87,18,"Camuffo, D., della Valle, A., Becherini, F. et al. Three centuries of daily precipitation in Padua, Italy, 1713–2018: history, relocations, gaps, homogeneity and raw data. Climatic Change 162, 923–942 (2020).",https://doi.org/10.1007/s10584-020-02717-2,rr,sum,mm,1727-1-1,2018-12-31,Observer=Giovanni & Francesco Poleni (1727-1764); Toaldo & Chiminello (1764-1811); Santini & Lorenzoni (1812-1919); Magrini Observatory (1920-1949); ARPAV Botanical Garden (1997-2018) | QC software=dataresqc v1.1.1
Padua,Padua | Padova | Pàdova | Pàdoa | Pàoa,PALAEO-RA_Padua_17870101-17881231_ta_daily_qc.tsv,Palatine-Society_Padua,Padua,45.4,11.87,18,PALAEO-RA,,ta,mean,C,1787-1-1,1788-12-31,"Observer=Toaldo, Chiminello | QC software=dataresqc v1.1.1"
Padua,Padua | Padova | Pàdova | Pàdoa | Pàoa,PALAEO-RA_Padua_17810101-17921231_ta_subdaily_qc.tsv,Palatine-Society_Padua,Padua,45.4,11.87,18,PALAEO-RA,,ta,point,C,1781-1-1,1792-12-31,"Observer=Toaldo, Chiminello | Instrument=Palatine Society | QC software=dataresqc v1.1.0"
Padua,Padua | Padova | Pàdova | Pàdoa | Pàoa,PALAEO-RA_Padua_17810101-17921231_p_subdaily_qc.tsv,Palatine-Society_Padua,Padua,45.4,11.87,18,PALAEO-RA,,p,point,hPa,1781-1-1,1792-12-31,"Observer=Toaldo, Chiminello | PGC=Y | PTC=Y | Instrument=Palatine Society | QC software=dataresqc v1.1.0"
Padua,Padua | Padova | Pàdova | Pàdoa | Pàoa,IMPROVE_Padua_17250112-19971130_p_daily_qc.tsv,IMPROVE_Padova,Padua,45.4,11.87,18,IMPROVE,https://link.springer.com/book/10.1007/978-94-010-0371-1,p,mean,hPa,1725-1-12,1997-11-30,QC software=dataresqc v1.1.1
Pakri,Pakri | Pakri Islands | Pakri saared | Rågöarna | Pakri saared,GHCNd_Pakri_18860901-20151230_rr_daily.tsv,ENE00175039,PAKRI,59.3892,24.04,23,GHCN-D,,rr,sum,mm,1886-9-1,2015-12-30,
Palermo,Palermo | Palermu | Paliemmu | Palèimmu,CRU_Palermo_18530102-18801231_p_daily_qc.tsv,WMO-16405,Palermo,38.13,13.33,21,CRU,https://sites.uea.ac.uk/cru/,p,mean,hPa,1853-1-2,1880-12-31,PGC=N | PTC=N
Palermo,Palermo | Palermu | Paliemmu | Palèimmu,GHCNd_Palermo_17970101-20081231_rr_daily.tsv,ITE00105250,PALERMO,38.1103,13.3514,37,GHCN-D,,rr,sum,mm,1797-1-1,2008-12-31,
Paris,Paris,Rousseau_Paris_16751201-20231231_Tn_daily.tsv,Paris_Rousseau,Paris_Rousseau,48.8217,2.3378,75,Rousseau,doi.org/10.37053/lameteorologie-2024-0083,Tn,min,C,1675-12-1,2023-12-31,"Observer=Louis Morin (1675.12.01-1713.05.07), Jacques Cassini (1713.05.08-1732.01.02), Rene-Antoine Ferchault de Reaumur (1732.01.03-1747.12.31), Reaumur & Joseph-Nicolas Delisle (1748.01.01-1752.12.31), Delisle (1753.01.01-1760.12.02), Journal de Medecine (1760.12.03-1776.12.31), Journal de Paris (1777.01.01-1792.08.09), Observatoire de Paris (1792.08.10-1868.12.31), Montsouris (1869.01.01-2023.12.31) | QC software=dataresqc v1.1.1"
Paris,Paris,WeaR_Paris_17881101-17890228_ta_daily.tsv,Paris,Paris,48.86,2.35,74,WeaR,DOI: 10.5194/cp-18-2545-2022,ta,mean,C,1788-11-1,1789-2-28,Instrument=Paris Observatoire | FPC=Y
Paris,Paris,WRDv2-2_Paris_18721017-18750131_Tn_daily.tsv,DWRUK_PARIS,Paris (Montsouris),48.8217,2.33781,60,DWR_UKMO,DOI 10.5281/zenodo.5940391,Tn,minimum,C,1872-10-17,1875-1-31,alias=Parc Montsouris Observatory
Paris,Paris,WRDv2-2_Paris_18721017-18750331_rr_daily.tsv,DWRUK_PARIS,Paris,48.8217,2.33781,60,DWR_UKMO,DOI 10.5281/zenodo.5940391,rr,sum,mm,1872-10-17,1875-3-31,
Paris,Paris,Rousseau_Paris_16580525-20231231_ta_daily.tsv,Paris_Rousseau,Paris_Rousseau,48.8217,2.3378,75,Rousseau,doi.org/10.37053/lameteorologie-2024-0083,ta,mean,C,1658-5-25,2023-12-31,"Observer=Ismael Boulliau (1658.05.25-1665.01.31), Louis Morin (1665.02.01-1713.05.07), Jacques Cassini (1713.05.08-1732.01.02), Rene-Antoine Ferchault de Reaumur (1732.01.03-1747.12.31), Reaumur & Joseph-Nicolas Delisle (1748.01.01-1752.12.31), Delisle (1753.01.01-1760.12.02), Journal de Medecine (1760.12.03-1776.12.31), Journal de Paris (1777.01.01-1792.08.09), Observatoire de Paris (1792.08.10-1868.12.31), Montsouris (1869.01.01-2023.12.31) | QC software=dataresqc v1.1.1"
Paris,Paris,Cornes_Paris_Cotte_17760801-17841231_p_subdaily_qc.tsv,3,Cotte,48.98,2.32,106.5,"Cornes, R.C., Jones, P., Brandsma, T., Cendrier, D., & Jourdain, S. (2023). The London, Paris and De Bilt sub‐daily pressure series. Geoscience Data Journal, 11, 330 - 341.",https://doi.org/10.1002/gdj3.226,p,point,hPa,1776-8-1,1784-12-31,"Paris Inches, 1PinHg=36.1hPa | PTC=Y | PGC=Y | QC software=dataresqc v1.1.1"
Paris,Paris,Cornes_Paris_16700301-20071231_p_daily_qc.tsv,Paris_Morin,Paris,48.86,2.337,67,"Cornes, R. C., Jones, P. D., Briffa, K. R. and Osborn, T. J. (2012) A daily series of mean sea-level pressure for Paris, 1670-2007. International Journal of Climatology 32, 1135-1150. doi: 10.1002/joc.2349",https://crudata.uea.ac.uk/cru/data/parislondon/,p,mean,hPa,1670-3-1,2007-12-31,"PTC=Y | PGC=Y | a homogenized version exists, see `raw` file | QC software=dataresqc v1.1.1"
Paris,Paris,WRDv2-2_Paris_18721018-18740107_ta_barometer_subdaily.tsv,DWRUK_PARIS,Paris (Montsouris),48.8217,2.33781,60,DWR_UKMO,DOI 10.5281/zenodo.5940391,ta,point,C,1872-10-18,1874-1-7,alias=Parc Montsouris Observatory
Paris,Paris,Cornes_Paris_Cuny-Roux_17471220-17760731_p_subdaily_qc.tsv,"1,2",Paris,48.85,2.34,57,"Cornes, R.C., Jones, P., Brandsma, T., Cendrier, D., & Jourdain, S. (2023). The London, Paris and De Bilt sub‐daily pressure series. Geoscience Data Journal, 11, 330 - 341.",https://doi.org/10.1002/gdj3.226,p,point,hPa,1747-12-20,1776-7-31,"Paris Inches, 1PinHg=36.1hPa | Observers=Cluny (1747-1759); Roux (1760-1776) | PTC=Y | PGC=Y | QC software=dataresqc v1.1.1"
Paris,Paris,Pliemon_Paris_16650201-17130630_rr_daily_qc.tsv,Paris_Morin,Paris,48.861347,2.350561,33,"Pliemon, T., Foelsche, U., Rohr, C., & Pfister, C. (2023). Precipitation reconstructions for Paris based on the observations by Louis Morin, 1665–1713 CE [Data set].",https://doi.org/10.5281/zenodo.7404635,rr,sum,mm,1665-2-1,1713-6-30,"Location=Rue Quinquempoix (1665-1685), Hôtel de Rohan-Soubise (1685-1688), Abbey of Saint-Victor (1688-1715) | legend: RI=rain intensity, RD=rain duration | Note=calibrated reconstruction from narrative observations | QC software=dataresqc v1.1.1"
Paris,Paris,PALAEO-RA_Paris_Lenke_17090105-17090121_ta_daily.tsv,Lenke-Paris,Paris,43.2965,5.36978,44,"Untersuchung der ältesten Temperaturmessungen mit Hilfe des strengen Winters 1708-1709, Walter Lenke",DOI 10.5281/zenodo.5940391,ta,point,C,1709-1-5,1709-1-21,coords=approx
Paris,Paris,Pliemon_Paris_16750901-17130712_ta_subdaily_qc.tsv,ParisMorin,ParisMorin,48.866,2.354,33,"Pliemon, T., Foelsche, U., Rohr, C., & Pfister, C. (2023). Precipitation reconstructions for Paris based on the observations by Louis Morin, 1665–1713 CE [Data set].",doi.org/10.5194/cp-19-2237-2023,ta,point,MorinUnits,1675-9-1,1713-7-12,QC software=dataresqc v1.1.1
Paris,Paris,Jefferson_Paris_17880901-17890925_rh_subdaily_qc.tsv,Jefferson_Paris,Paris,48.856,2.352,60,Jefferson weather records,https://jefferson-weather-records.org/,rh,point,%,1788-9-1,1789-9-25,Observer=Jefferson | Instrument=Saussure | QC software=dataresqc v1.1.1
Paris,Paris,CAP9WT_Paris_17200102-20210831_p_daily.tsv,PAR,Paris,48.817,2.322,77,"Pfister, L., Wilhelm, L., Brugnara, Y., Imfeld, N., & Brönnimann, S. (2024). Weather type reconstruction using machine learning approaches. EGUsphere, 2024, 1-33.",https://doi.org/10.5194/wcd-6-571-2025,p,mean,hPa,1720-1-2,2021-8-31,PTC=Y | PGC=Y | homogenized=Y | gap_filled=Y | QC=Y
Paris,Paris,Jefferson_Paris_17850609-17890925_ta_subdaily_qc.tsv,Jefferson_Paris,Paris,48.856,2.352,60,Jefferson weather records,https://jefferson-weather-records.org/,ta,point,C,1785-6-9,1789-9-25,Observer=Jefferson | QC software=dataresqc v1.1.1
Paris,Paris,WRDv2-2_Paris_18721017-18750130_Tx_daily.tsv,DWRUK_PARIS,Paris (Montsouris),48.8217,2.33781,60,DWR_UKMO,DOI 10.5281/zenodo.5940391,Tx,maximum,C,1872-10-17,1875-1-30,alias=Parc Montsouris Observatory
Paris,Paris,Rousseau_Paris_16751201-20231231_Tx_daily.tsv,Paris_Rousseau,Paris_Rousseau,48.8217,2.3378,75,Rousseau,doi.org/10.37053/lameteorologie-2024-0083,Tx,max,C,1675-12-1,2023-12-31,"Observer=Louis Morin (1675.12.01-1713.05.07), Jacques Cassini (1713.05.08-1732.01.02), Rene-Antoine Ferchault de Reaumur (1732.01.03-1747.12.31), Reaumur & Joseph-Nicolas Delisle (1748.01.01-1752.12.31), Delisle (1753.01.01-1760.12.02), Journal de Medecine (1760.12.03-1776.12.31), Journal de Paris (1777.01.01-1792.08.09), Observatoire de Paris (1792.08.10-1868.12.31), Montsouris (1869.01.01-2023.12.31) | QC software=dataresqc v1.1.1"
Paris,Paris,Cornes_Paris_Monstouris_17850101-20111106_p_subdaily_qc.tsv,"4, 5",Montsouris Observatory,48.8167,2.333,78,"Cornes, R.C., Jones, P., Brandsma, T., Cendrier, D., & Jourdain, S. (2023). The London, Paris and De Bilt sub‐daily pressure series. Geoscience Data Journal, 11, 330 - 341.",https://doi.org/10.1002/gdj3.226,p,point,hPa,1785-1-1,2011-11-6,Alt=67 (17850101-18720615); 78 (18720617-18961231); 77 (18961231-20111106) | PTC=Y | QC software=dataresqc v1.1.1
Paris,Paris,WRDv2-2_Paris_18680102-18750331_ta_subdaily.tsv,DWRUK_PARIS,Paris (Montsouris),48.8217,2.33781,60,DWR_UKMO,DOI 10.5281/zenodo.5940391,ta,point,C,1868-1-2,1875-3-31,alias=Parc Montsouris Observatory
Paris,Paris,WeaR_Paris_17881101-17890228_p_daily.tsv,Paris,Paris,48.86,2.35,67,WeaR,https://crudata.uea.ac.uk/cru/pubs/thesis/2010-cornes/Master_withlinks.pdf,p,mean,hPa,1788-11-1,1789-2-28,PGC=Y
Parnu,Parnu | Pärnu | Pernau,GHCNd_Parnu_18780101-20151230_rr_daily.tsv,ENE00175035,PARNU,58.4194,24.4694,12,GHCN-D,,rr,sum,mm,1878-1-1,2015-12-30,
Passau,Passau | Passau Maierhof | Batavium | Batava | Passavia | Paßau,GHCNd_Passau-Maierhof_18790101-20190531_rr_daily.tsv,GME00127186,PASSAU-MAIERHOF,48.5817,13.4167,327,GHCN-D,,rr,sum,mm,1879-1-1,2019-5-31,
Pembrokeshire,Pembrokeshire | Pembroke | St. Ann's Head Lighthouse | St. Ann's Low Light,EMULATE_Pembroke_18690701-18710228_p_subdaily.tsv,PEMBROKE,PEMBROKE,51.68,-5.18,13,EMULATE,DOI 10.5281/zenodo.5940391,p,point,hPa,1869-7-1,1871-2-28,
Pembrokeshire,Pembrokeshire | Pembroke | St. Ann's Head Lighthouse | St. Ann's Low Light,WRDv2-2_Pembroke_18620725-18750331_ta_barometer_subdaily.tsv,DWRUK_PEMBROKE,St. Ann's Head,51.682,-5.176,13,DWR_UKMO,DOI 10.5281/zenodo.5940391,ta,point,C,1862-7-25,1875-3-31,
Pembrokeshire,Pembrokeshire | Pembroke | St. Ann's Head Lighthouse | St. Ann's Low Light,WRDv2-2_Pembroke_18620725-18750331_rr_daily.tsv,DWRUK_PEMBROKE,St. Ann's Head,51.682,-5.176,45.7,DWR_UKMO,DOI 10.5281/zenodo.5940391,rr,sum,mm,1862-7-25,1875-3-31,
Pembrokeshire,Pembrokeshire | Pembroke | St. Ann's Head Lighthouse | St. Ann's Low Light,WRDv2-2_Pembroke_18720114-18750330_Tn_daily.tsv,DWRUK_PEMBROKE,St. Ann's Head,51.682,-5.176,13,DWR_UKMO,DOI 10.5281/zenodo.5940391,Tn,minimum,C,1872-1-14,1875-3-30,
Pembrokeshire,Pembrokeshire | Pembroke | St. Ann's Head Lighthouse | St. Ann's Low Light,WRDv2-2_Pembroke_18720114-18750331_Tx_daily.tsv,DWRUK_PEMBROKE,St. Ann's Head,51.682,-5.176,13,DWR_UKMO,DOI 10.5281/zenodo.5940391,Tx,maximum,C,1872-1-14,1875-3-31,
Pembrokeshire,Pembrokeshire | Pembroke | St. Ann's Head Lighthouse | St. Ann's Low Light,WRDv2-2_Pembroke_18620725-18750331_ta_subdaily.tsv,DWRUK_PEMBROKE,St. Ann's Head,51.682,-5.176,13,DWR_UKMO,DOI 10.5281/zenodo.5940391,ta,point,C,1862-7-25,1875-3-31,
Pembrokeshire,Pembrokeshire | Pembroke | St. Ann's Head Lighthouse | St. Ann's Low Light,WRDv2-2_Pembroke_18620725-18750331_p_subdaily.tsv,DWRUK_PEMBROKE,St. Ann's Head,51.682,-5.176,45.7,DWR_UKMO,DOI 10.5281/zenodo.5940391,p,point,hPa,1862-7-25,1875-3-31,PTC=Y | PGC=N
Penzance,Penzance | Pennsans,EMULATE_Penzance_18680101-18710228_p_subdaily.tsv,PENZANCE,PENZANCE,50.12,-5.54,23,EMULATE,DOI 10.5281/zenodo.5940391,p,point,hPa,1868-1-1,1871-2-28,
Penzance,Penzance | Pennsans,WRDv2-2_Penzance_18610301-18710331_ta_subdaily.tsv,DWRUK_PENZANCE,Penzance,50.11788,-5.53601,23,DWR_UKMO,DOI 10.5281/zenodo.5940391,ta,point,C,1861-3-1,1871-3-31,"Alias=Union Hotel (18610301-18640630); Market House (18640701-18710331) | Coords=(50.11788,-5.53601,23m,18610301-18640630); (50.11884,-5.53656,23m,18640701-18710331)"
Penzance,Penzance | Pennsans,WRDv2-2_Penzance_18611210-18710331_rr_daily.tsv,DWRUK_PENZANCE,Penzance,50.11788,-5.53601,23,DWR_UKMO,DOI 10.5281/zenodo.5940391,rr,sum,mm,1861-12-10,1871-3-31,"Alias=Union Hotel (18611210-18640630); Market House (18640701-18710331) | Coords=(50.11788,-5.53601,23m,18611210-18640630); (50.11884,-5.53656,23m,18640701-18710331)"
Penzance,Penzance | Pennsans,WRDv2-2_Penzance_18610301-18710325_p_subdaily.tsv,DWRUK_PENZANCE,Penzance,50.11788,-5.53601,23,DWR_UKMO,DOI 10.5281/zenodo.5940391,p,point,hPa,1861-3-1,1871-3-25,"PTC=Y | PGC=N | Alias=Union Hotel (18610301-18640630); Market House (18640701-18710325) | Coords=(50.11788,-5.53601,23m,18610301-18640630); (50.11884,-5.53656,23m,18640701-18710325)"
Penzance,Penzance | Pennsans,WRDv2-2_Penzance_18610301-18631231_ta_barometer_subdaily.tsv,DWRUK_PENZANCE,Penzance,50.11788,-5.53601,23,DWR_UKMO,DOI 10.5281/zenodo.5940391,ta,point,C,1861-3-1,1863-12-31,Alias=Union Hotel
Perm,Perm | Yagoshikha | Molotov,GHCNd_Perm_18820901-20190430_rr_daily.tsv,RSM00028224,PERM,58.0167,56.3,171,GHCN-D,,rr,sum,mm,1882-9-1,2019-4-30,
Pesaro,Pesaro | Pés're,GHCNd_Pesaro_18710101-20081231_rr_daily.tsv,ITE00115584,PESARO,43.9108,12.9042,11,GHCN-D,,rr,sum,mm,1871-1-1,2008-12-31,
Piacenza,Piacenza | Piaṡëinsa | Placentia,SMI_Piacenza_18711201-20020630_ta_daily_qc.tsv,Piacenza,Piacenza,45.035278,9.725,78,Collegio Alberoni --  Società Meteorologica Italiana,,ta,mean,C,1871-12-1,2002-6-30,QC software=dataresqc v1.1.1
Piacenza,Piacenza | Piaṡëinsa | Placentia,SMI_Piacenza_18711201-20221231_rr_daily_qc.tsv,Piacenza,Piacenza,45.035278,9.725,78,Collegio Alberoni --  Società Meteorologica Italiana,,rr,sum,mm,1871-12-1,2022-12-31,QC software=dataresqc v1.1.1
Pinsk,Pinsk | Pińsk,GHCNd_Pinsk_18750701-20090531_rr_daily.tsv,BOM00033019,PINSK,52.117,26.117,142,GHCN-D,,rr,sum,mm,1875-7-1,2009-5-31,
Pitea,Pitea | Piteå | Piitime | Piitin,ECAD_Pitea_18590707-20241231_ta_daily.tsv,TG_SOUID_137112,Pitea,65.319722,21.49,9,ECA&D,knmi-ecad-assets-prd.s3.amazonaws.com/download/ECA_nonblend_tg.zip,ta,mean,C,1859-7-7,2024-12-31,"Mean temperature calculated as weighted average of TN, TX and observations at 06, 12 and 18 UT (5 values) | QC software=dataresqc v1.1.1"
Plauen,Plauen | Pławno | Plavno,GHCNd_Plauen_18820101-20190730_rr_daily.tsv,GME00127354,PLAUEN,50.4831,12.1317,386,GHCN-D,,rr,sum,mm,1882-1-1,2019-7-30,
Plymouth,Plymouth,WRDv2-2_Plymouth_18610301-18631231_ta_barometer_subdaily.tsv,DWRUK_PLYMOUTH,Plymouth,50.36974,-4.13916,53,DWR_UKMO,DOI 10.5281/zenodo.5940391,ta,point,C,1861-3-1,1863-12-31,
Plymouth,Plymouth,WRDv2-2_Plymouth_18620211-18750331_rr_daily.tsv,DWRUK_PLYMOUTH,Plymouth,50.36974,-4.13916,53,DWR_UKMO,DOI 10.5281/zenodo.5940391,rr,sum,mm,1862-2-11,1875-3-31,"Alias=unknown (18620211-18700801); Plymouth Navigation School (18700802-18750331) | Coords=(50.36974,-4.13916,53m,18620211-18700801); (50.37322,-4.1319,22.9m,18700802-18750331)"
Plymouth,Plymouth,WRDv2-2_Plymouth_18610301-18750331_p_subdaily.tsv,DWRUK_PLYMOUTH,Plymouth,50.36974,-4.13916,53,DWR_UKMO,DOI 10.5281/zenodo.5940391,p,point,hPa,1861-3-1,1875-3-31,"PTC=Y | PGC=N | Alias=unknown (18610301-18700801); Plymouth Navigation School (18700803-18750331) | Coords=(50.36974,-4.13916,53m,18610301-18700801); (50.37322,-4.1319,20.9m,18700803-18750331)"
Plymouth,Plymouth,WRDv2-2_Plymouth_18720114-18750331_Tx_daily.tsv,DWRUK_PLYMOUTH,Plymouth,50.37322,-4.1319,53,DWR_UKMO,DOI 10.5281/zenodo.5940391,Tx,maximum,C,1872-1-14,1875-3-31,Alias=Plymouth Navigation School
Plymouth,Plymouth,WRDv2-2_Plymouth_18720114-18750331_Tn_daily.tsv,DWRUK_PLYMOUTH,Plymouth,50.37322,-4.1319,53,DWR_UKMO,DOI 10.5281/zenodo.5940391,Tn,minimum,C,1872-1-14,1875-3-31,Alias=Plymouth Navigation School
Plymouth,Plymouth,WRDv2-2_Plymouth_18610301-18750331_ta_subdaily.tsv,DWRUK_PLYMOUTH,Plymouth,50.36974,-4.13916,53,DWR_UKMO,DOI 10.5281/zenodo.5940391,ta,point,C,1861-3-1,1875-3-31,"Alias=unknown (18610301-18700709); Plymouth Navigation School (18700802-18750331) | Coords=(50.36974,-4.13916,53m,18610301-18700709); (50.37322,-4.1319,53m,18700802-18750331)"
Plymouth,Plymouth,EMULATE_Plymouth_18610101-18811231_p_subdaily.tsv,PLYMOUTH,PLYMOUTH,50.38,-4.14,53,EMULATE,DOI 10.5281/zenodo.5940391,p,point,hPa,1861-1-1,1881-12-31,
Plymouth,Plymouth,WRDv2-2_Plymouth_18720104-18750331_ta_barometer_subdaily.tsv,DWRUK_PLYMOUTH,Plymouth,50.37322,-4.1319,53,DWR_UKMO,DOI 10.5281/zenodo.5940391,ta,point,C,1872-1-4,1875-3-31,Alias=Plymouth Navigation School
Poltava,Poltava,UA-UHMI_Poltava_18240101-18510112_ta_subdaily_qc.tsv,Poltava,Poltava,49.609444,34.544722,160,"Ukrainian early (pre-1850) historical weather observations, Skrynk et al.",https://doi.org/10.15407/uhmi.report.01,ta,point,C,1824-1-1,1851-1-12,QC software=dataresqc v1.1.1
Poltava,Poltava,UA-UHMI_Poltava_18360101-18510112_p_subdaily_qc.tsv,Poltava,Poltava,49.609444,34.544722,160,"Ukrainian early (pre-1850) historical weather observations, Skrynk et al.",https://doi.org/10.15407/uhmi.report.01,p,point,hPa,1836-1-1,1851-1-12,PGC=Y | PTC=Y | QC software=dataresqc v1.1.1
Poltava,Poltava,UA-UHMI_Poltava_18390101-18391231_ta_subdaily.tsv,Poltava,Poltava,49.6,34.55,160,UA-UHMI,https://doi.org/10.15407/uhmi.report.01,ta,point,C,1839-1-1,1839-12-31,Observer=Ivan Zozulyn | QC=Y
Poltava,Poltava,UA-UHMI_Poltava_18400101-18461231_ta_subdaily.tsv,Poltava,Poltava,49.6,34.55,160,UA-UHMI,https://doi.org/10.15407/uhmi.report.01,ta,point,C,1840-1-1,1846-12-31,Observer=Ivan Zozulyn | QC=Y
Poltava,Poltava,UA-UHMI_Poltava_18470101-18651130_p_subdaily.tsv,Poltava,Poltava,49.6,34.55,160,UA-UHMI,https://doi.org/10.15407/uhmi.report.01,p,point,hPa,1847-1-1,1865-11-30,PTC=Y | PGC=Y | QC=Y
Poltava,Poltava,UA-UHMI_Poltava_18470101-18651130_ta_subdaily.tsv,Poltava,Poltava,49.6,34.55,160,UA-UHMI,https://doi.org/10.15407/uhmi.report.01,ta,point,C,1847-1-1,1865-11-30,
Poltava,Poltava,UA-UHMI_Poltava_18400101-18461231_p_subdaily.tsv,Poltava,Poltava,49.6,34.55,160,UA-UHMI,https://doi.org/10.15407/uhmi.report.01,p,point,hPa,1840-1-1,1846-12-31,Observer=Ivan Zozulyn | PTC=Y | PGC=Y | QC=Y
PortSaid,Port Said | Bōrsaʿīd. Būr Saʿīd,MEDARE_Port-Said_18840101-19571231_p_daily.tsv,62333,Port_Said,31.28,32.23,6,Medare,https://www.idare-portal.org/data/medare,p,mean,hPa,1884-1-1,1957-12-31,PGC=N | PTC=N | Orig.res=subdaily | Diurnal cycle=N
PortSaid,Port Said | Bōrsaʿīd. Būr Saʿīd,MEDARE_Port-Said_18840101-19571230_rr_daily.tsv,62333,Port_Said,31.28,32.23,6,Medare,https://www.idare-portal.org/data/medare,rr,sum,mm,1884-1-1,1957-12-30,
Portarlington,Portarlington | Cooletoodera | Cúil an tSúdaire,ILMMT_Portarlington_18451221-18640730_Tx_daily_qc.tsv,ILMMT-Portarlington,Portarlington,53.15,-7.2,70.1,"Mateus, C., Potito, A., & Curley, M. (2020). Reconstruction of a long‐term historical daily maximum and minimum air temperature network dataset for Ireland (1831‐1968). Geoscience Data Journal, 7(2), 102-115.",https://www.edepositireland.ie/entities/publication/7271837d-dbe6-463f-b103-422f42a15446,Tx,minimum,C,1845-12-21,1864-7-30,"Observer=Dr. Hanlon (1845-1864) | Instrument=Max/Min thermometers | DataSource=Dublin Medical Press newspaper; high-quality manuscripts from the Royal Irish Academy network (1851-1852, overlap) | Notes=whole degree precision | QC software=dataresqc v1.1.1"
Portarlington,Portarlington | Cooletoodera | Cúil an tSúdaire,ILMMT_Portarlington_18451221-18640730_Tn_daily.tsv,ILMMT-Portarlington,Portarlington,53.15,-7.2,70.1,"Mateus, C., Potito, A., & Curley, M. (2020). Reconstruction of a long‐term historical daily maximum and minimum air temperature network dataset for Ireland (1831‐1968). Geoscience Data Journal, 7(2), 102-115.",https://www.edepositireland.ie/entities/publication/7271837d-dbe6-463f-b103-422f42a15446,Tn,minimum,C,1845-12-21,1864-7-30,"Observer=Dr. Hanlon (1845-1864) | Instrument=Max/Min thermometers | DataSource=Dublin Medical Press newspaper; high-quality manuscripts from the Royal Irish Academy network (1851-1852, overlap) | Notes=whole degree precision"
Portishead,Portishead,WRDv2-2_Portishead_18720703-18750331_Tx_daily.tsv,DWRUK_PORTISHEAD,Portishead,51.488,-2.764,26,DWR_UKMO,DOI 10.5281/zenodo.5940391,Tx,maximum,C,1872-7-3,1875-3-31,
Portishead,Portishead,WRDv2-2_Portishead_18720703-18750331_Tn_daily.tsv,DWRUK_PORTISHEAD,Portishead,51.488,-2.764,26,DWR_UKMO,DOI 10.5281/zenodo.5940391,Tn,minimum,C,1872-7-3,1875-3-31,
Portishead,Portishead,WRDv2-2_Portishead_18720703-18750331_ta_barometer_subdaily.tsv,DWRUK_PORTISHEAD,Portishead,51.488,-2.764,26,DWR_UKMO,DOI 10.5281/zenodo.5940391,ta,point,C,1872-7-3,1875-3-31,
Portishead,Portishead,WRDv2-2_Portishead_18720707-18750331_p_subdaily.tsv,DWRUK_PORTISHEAD,Portishead,51.488,-2.764,26,DWR_UKMO,DOI 10.5281/zenodo.5940391,p,point,hPa,1872-7-7,1875-3-31,PTC=Y | PGC=N
Portishead,Portishead,WRDv2-2_Portishead_18720703-18750331_rr_daily.tsv,DWRUK_PORTISHEAD,Portishead,51.488,-2.764,39.6,DWR_UKMO,DOI 10.5281/zenodo.5940391,rr,sum,mm,1872-7-3,1875-3-31,
Portishead,Portishead,WRDv2-2_Portishead_18720703-18750331_ta_subdaily.tsv,DWRUK_PORTISHEAD,Portishead,51.488,-2.764,26,DWR_UKMO,DOI 10.5281/zenodo.5940391,ta,point,C,1872-7-3,1875-3-31,
Portland,Portland | Isle of Portland ,WRDv2-2_Portland_18610301-18620724_p_subdaily.tsv,DWRUK_PORTLAND,Portland Bill,50.52228,-2.456419,55.8,DWR_UKMO,DOI 10.5281/zenodo.5940391,p,point,hPa,1861-3-1,1862-7-24,PTC=Y | PGC=N | Alias=Old Higher Lighthouse
Portland,Portland | Isle of Portland ,WRDv2-2_Portland_18610301-18620724_ta_subdaily.tsv,DWRUK_PORTLAND,Portland Bill,50.52228,-2.456419,11,DWR_UKMO,DOI 10.5281/zenodo.5940391,ta,point,C,1861-3-1,1862-7-24,Alias=Old Higher Lighthouse
Portland,Portland | Isle of Portland ,WRDv2-2_Portland_18610301-18620724_ta_barometer_subdaily.tsv,DWRUK_PORTLAND,Portland Bill,50.52228,-2.456419,11,DWR_UKMO,DOI 10.5281/zenodo.5940391,ta,point,C,1861-3-1,1862-7-24,Alias=Old Higher Lighthouse
Portland,Portland | Isle of Portland ,WRDv2-2_Portland_18611212-18620724_rr_daily.tsv,DWRUK_PORTLAND,Portland Bill,50.52228,-2.456419,53.9,DWR_UKMO,DOI 10.5281/zenodo.5940391,rr,sum,mm,1861-12-12,1862-7-24,Alias=Old Higher Lighthouse
Portrush,Portrush | Port Rois | Tha Port,WRDv2-2_Portrush_18610301-18630530_p_subdaily.tsv,DWRUK_PORTRUSH,Portrush,55.21,-6.65,23,DWR_UKMO,DOI 10.5281/zenodo.5940391,p,point,hPa,1861-3-1,1863-5-30,PTC=Y  |  PGC=N
Portrush,Portrush | Port Rois | Tha Port,WRDv2-2_Portrush_18610301-18630530_ta_barometer_subdaily.tsv,DWRUK_PORTRUSH,Portrush,55.21,-6.65,23,DWR_UKMO,DOI 10.5281/zenodo.5940391,ta,point,C,1861-3-1,1863-5-30,
Portrush,Portrush | Port Rois | Tha Port,ILMMT_Portrush_18501001-18520630_Tx_daily.tsv,ILMMT-Portrush,Portrush,55.2,-6.65,15.2,"Mateus, C., Potito, A., & Curley, M. (2020). Reconstruction of a long‐term historical daily maximum and minimum air temperature network dataset for Ireland (1831‐1968). Geoscience Data Journal, 7(2), 102-115.",https://www.edepositireland.ie/entities/publication/7271837d-dbe6-463f-b103-422f42a15446,Tx,minimum,C,1850-10-1,1852-6-30,Observer=Coast-guard boatmen | Instrument=Self-registering thermometers | Notes=whole degree precision; twice-daily readings fragment available for Oct. 1850
Portrush,Portrush | Port Rois | Tha Port,WRDv2-2_Portrush_18610301-18630530_ta_subdaily.tsv,DWRUK_PORTRUSH,Portrush,55.21,-6.65,23,DWR_UKMO,DOI 10.5281/zenodo.5940391,ta,point,C,1861-3-1,1863-5-30,
Portrush,Portrush | Port Rois | Tha Port,ILMMT_Portrush_18501001-18520630_Tn_daily_qc.tsv,ILMMT-Portrush,Portrush,55.2,-6.65,15.2,"Mateus, C., Potito, A., & Curley, M. (2020). Reconstruction of a long‐term historical daily maximum and minimum air temperature network dataset for Ireland (1831‐1968). Geoscience Data Journal, 7(2), 102-115.",https://www.edepositireland.ie/entities/publication/7271837d-dbe6-463f-b103-422f42a15446,Tn,minimum,C,1850-10-1,1852-6-30,Observer=Coast-guard boatmen | Instrument=Self-registering thermometers | Notes=whole degree precision; twice-daily readings fragment available for Oct. 1850 | QC software=dataresqc v1.1.1
Portrush,Portrush | Port Rois | Tha Port,WRDv2-2_Portrush_18620301-18630530_rr_daily.tsv,DWRUK_PORTRUSH,Portrush,55.21,-6.65,23,DWR_UKMO,DOI 10.5281/zenodo.5940391,rr,sum,mm,1862-3-1,1863-5-30,
Portsmouth,Portsmouth,WRDv2-2_Portsmouth_18620124-18731231_rr_daily.tsv,DWRUK_PORTSMOUTH,Portsmouth,50.7984,-1.10657,28,DWR_UKMO,DOI 10.5281/zenodo.5940391,rr,sum,mm,1862-1-24,1873-12-31,"Alias=The Hard (18620124-18701130); unknown (18701201-18731231) | Coords=(50.79840,-1.10657,28m,18620124-18701130); (50.80017,-1.10543,28m,18701201-18731231)"
Portsmouth,Portsmouth,WRDv2-2_Portsmouth_18610301-18731231_p_subdaily.tsv,DWRUK_PORTSMOUTH,Portsmouth,50.7984,-1.10657,28,DWR_UKMO,DOI 10.5281/zenodo.5940391,p,point,hPa,1861-3-1,1873-12-31,"PTC=Y | PGC=N | Alias=The Hard (18610301-18701130); unknown (18701201-18731231) | Coords=(50.79840,-1.10657,28m,18610301-18701130); (50.80017,-1.10543,28m,18701201-18731231)"
Portsmouth,Portsmouth,WRDv2-2_Portsmouth_18610301-18731231_ta_subdaily.tsv,DWRUK_PORTSMOUTH,Portsmouth,50.7984,-1.10657,28,DWR_UKMO,DOI 10.5281/zenodo.5940391,ta,point,C,1861-3-1,1873-12-31,"Alias=The Hard (18610301-18701030); unknown (18701201-18731231) | Coords=(50.79840,-1.10657,28m,18610301-18701030); (50.80017,-1.10543,28m,18701201-18731231)"
Portsmouth,Portsmouth,EMULATE_Portsmouth_18680101-18710228_p_subdaily.tsv,PORTSMOUTH,PORTSMOUTH,50.82,-1.09,28,EMULATE,DOI 10.5281/zenodo.5940391,p,point,hPa,1868-1-1,1871-2-28,
Portsmouth,Portsmouth,WRDv2-2_Portsmouth_18720114-18731231_Tx_daily.tsv,DWRUK_PORTSMOUTH,Portsmouth Navigation School,50.80017,-1.10543,28,DWR_UKMO,DOI 10.5281/zenodo.5940391,Tx,maximum,C,1872-1-14,1873-12-31,
Portsmouth,Portsmouth,WRDv2-2_Portsmouth_18720114-18731231_Tn_daily.tsv,DWRUK_PORTSMOUTH,Portsmouth Navigation School,50.80017,-1.10543,28,DWR_UKMO,DOI 10.5281/zenodo.5940391,Tn,minimum,C,1872-1-14,1873-12-31,
Portsmouth,Portsmouth,WRDv2-2_Portsmouth_18720104-18731231_ta_barometer_subdaily.tsv,DWRUK_PORTSMOUTH,Portsmouth Navigation School,50.80017,-1.10543,28,DWR_UKMO,DOI 10.5281/zenodo.5940391,ta,point,C,1872-1-4,1873-12-31,
Portsmouth,Portsmouth,WRDv2-2_Portsmouth_18610301-18631231_ta_barometer_subdaily.tsv,DWRUK_PORTSMOUTH,Portsmouth,50.7984,-1.10657,28,DWR_UKMO,DOI 10.5281/zenodo.5940391,ta,point,C,1861-3-1,1863-12-31,Alias=The Hard
Prague,Prague | Praha,GHCNd_Praha-Klementinum_18040501-20050430_rr_daily.tsv,EZE00100082,PRAHA-KLEMENTINUM,50.0864,14.4164,191,GHCN-D,,rr,sum,mm,1804-5-1,2005-4-30,
Prague,Prague | Praha,PALAEO-RA_Prague_17810801-17911231_dd_subdaily_qc.tsv,Palatine-Society_Prague,Prague,50.075538,14.4378,200,PALAEO-RA,,dd,point,degree,1781-8-1,1791-12-31,Observer=Strnadt | QC software=dataresqc v1.1.1
Prague,Prague | Praha,PALAEO-RA_Prague_17810801-17860731_rr_daily_qc.tsv,Palatine-Society_Prague,Prague,50.075538,14.4378,200,PALAEO-RA,,rr,sum,mm,1781-8-1,1786-7-31,Observer=Strnadt | QC software=dataresqc v1.1.1
Prague,Prague | Praha,Schwander_Prague_17750101-20140131_ta_daily_qc.tsv,Prague,Prague,50.073658,14.41,177,"Schwander, Mikhaël, et al. ""Reconstruction of Central European daily weather types back to 1763."" International Journal of Climatology 37.S1 (2017): 30-44.",DOI: 10.1002/joc.4974,ta,mean,C,1775-1-1,2014-1-31,QC software=dataresqc v1.1.1
Prague,Prague | Praha,PALAEO-RA_Prague_17870101-17871231_ta_daily_qc.tsv,Palatine-Society_Prague,Prague,50.075538,14.4378,200,PALAEO-RA,,ta,mean,C,1787-1-1,1787-12-31,Observer=Strnadt | QC software=dataresqc v1.1.1
Prague,Prague | Praha,PALAEO-RA_Prague_17810801-17911231_p_subdaily_qc.tsv,Palatine-Society_Prague,Prague,50.075538,14.4378,200,PALAEO-RA,,p,point,hPa,1781-8-1,1791-12-31,Observer=Strnadt | PGC=Y | PTC=Y | Instrument=Palatine Society | QC software=dataresqc v1.1.1
Prague,Prague | Praha,CRU_Prague_18500101-18801231_p_daily_qc.tsv,WMO-11520,Prague,50.08,14.42,202,CRU,https://sites.uea.ac.uk/cru/,p,mean,hPa,1850-1-1,1880-12-31,PGC=N | PTC=N
Prague,Prague | Praha,PALAEO-RA_Prague_17870101-17871231_p_daily_qc.tsv,Palatine-Society_Prague,Prague,50.075538,14.4378,200,PALAEO-RA,,p,mean,hPa,1787-1-1,1787-12-31,Observer=Strnadt | PGC=Y | PTC=Y | Instrument=Palatine Society | QC software=dataresqc v1.1.1
Prague,Prague | Praha,PALAEO-RA_Prague_17810801-17911128_w_subdaily.tsv,Palatine-Society_Prague,Prague,50.075538,14.4378,200,PALAEO-RA,,w,point,0-4,1781-8-1,1791-11-28,Observer=Strnadt
Prague,Prague | Praha,PALAEO-RA_Prague_17810801-17911231_ta_subdaily_qc.tsv,Palatine-Society_Prague,Prague,50.075538,14.4378,200,PALAEO-RA,,ta,point,C,1781-8-1,1791-12-31,Observer=Strnadt | Instrument=Palatine Society | QC software=dataresqc v1.1.0
Presov,Presov | Eperjes | Prešov | Eperies | Preschau | Preszów | Fragopolis | Eperiessinum,Kanold_Presov_17170701-17200630_p_subdaily_qc.tsv,Kanold_Eperjes,Eperjes,49.002,21.239,250,Kiss,,p,point,hPa,1717-7-1,1720-6-30,Observer=Reimann | PTC=N | PGC=Y | QC software=dataresqc v1.1.1
Putbus,Putbus,ECAD_Putbus_18530701-20241231_ta_daily.tsv,TG_SOUID_127464,Putbus,54.365556,13.478333,40,ECA&D,knmi-ecad-assets-prd.s3.amazonaws.com/download/ECA_nonblend_tg.zip,ta,mean,C,1853-7-1,2024-12-31,Mean temperature 0-0 UT | QC software=dataresqc v1.1.1
Putten,Putten-Gld | Putten,GHCNd_Putten-Gld_18670301-20190630_rr_daily.tsv,NLE00101991,PUTTEN (GLD),52.25,5.6167,14,GHCN-D,,rr,sum,mm,1867-3-1,2019-6-30,
Pyshminsk,Pyshminsk | Pyshmínsk | Pyshminskiy,PALAEO-RA_Pyshminsk_17900501-17911231_p_subdaily_qc.tsv,Palatine-Society_Pyshminsk,Pyshminsk,56.976111,60.594444,270,PALAEO-RA,,p,point,hPa,1790-5-1,1791-12-31,Observer=Hermann | PGC=Y | PTC=N | Instrument=Palatine Society | QC software=dataresqc v1.1.0
Pyshminsk,Pyshminsk | Pyshmínsk | Pyshminskiy,PALAEO-RA_Pyshminsk_17900501-17911231_ta_subdaily_qc.tsv,Palatine-Society_Pyshminsk,Pyshminsk,56.976111,60.594444,270,PALAEO-RA,,ta,point,C,1790-5-1,1791-12-31,Observer=Hermann | Instrument=Palatine Society | QC software=dataresqc v1.1.0
Pyshminsk,Pyshminsk | Pyshmínsk | Pyshminskiy,PALAEO-RA_Pyshminsk_17900501-17911231_dd_subdaily_qc.tsv,Palatine-Society_Pyshminsk,Pyshminsk,56.976111,60.594444,270,PALAEO-RA,,dd,point,degree,1790-5-1,1791-12-31,Observer=Hermann | QC software=dataresqc v1.1.1
Raciborz,Raciborz | Racibórz | Ratibor | Rattebor | Racibor,Przybylak_Raciborz_18480101-18791231_ta_daily_qc.tsv,Raciborz,Przybylak_Raciborz,50.3667,18.1833,206.8,"Programm der Königlichen Gymnasien zu Ratibor für die Zeit von Ostern 1879 bis dahin 1880, Ratibor 1880; Die meteorologischen Verhältnisse von Ratibor, auf Grund der Monatstabellen der meteorologischen",,ta,mean,C,1848-1-1,1879-12-31,QC software=dataresqc v1.1.1
Regensburg,Regensburg | Rengschburg | Rengschburch,PALAEO-RA_Regensburg_17880101-17881231_ta_daily_qc.tsv,Palatine-Society_Regensburg,Regensburg,49.01343,12.101624,346,PALAEO-RA,,ta,mean,C,1788-1-1,1788-12-31,Observer=Heinrich | QC software=dataresqc v1.1.1
Regensburg,Regensburg | Rengschburg | Rengschburch,PALAEO-RA_Regensburg_17810101-17911231_ta_subdaily_qc.tsv,Palatine-Society_Regensburg,Regensburg,49.01343,12.101624,346,PALAEO-RA,,ta,point,C,1781-1-1,1791-12-31,Observer=Heinrich | Instrument=Palatine Society | QC software=dataresqc v1.1.1
Regensburg,Regensburg | Rengschburg | Rengschburch,PALAEO-RA_Regensburg_17880101-17881231_p_daily_qc.tsv,Palatine-Society_Regensburg,Regensburg,49.01343,12.101624,346,PALAEO-RA,,p,mean,hPa,1788-1-1,1788-12-31,Observer=Heinrich | PGC=Y | PTC=Y | Instrument=Palatine Society | QC software=dataresqc v1.1.1
Regensburg,Regensburg | Rengschburg | Rengschburch,PALAEO-RA_Regensburg_17810101-17861231_rr_daily_qc.tsv,Palatine-Society_Regensburg,Regensburg,49.01343,12.101624,346,PALAEO-RA,,rr,sum,mm,1781-1-1,1786-12-31,Observer=Heinrich | QC software=dataresqc v1.1.1
Regensburg,Regensburg | Rengschburg | Rengschburch,PALAEO-RA_Regensburg_17810101-17911231_dd_subdaily_qc.tsv,Palatine-Society_Regensburg,Regensburg,49.01343,12.101624,346,PALAEO-RA,,dd,point,degree,1781-1-1,1791-12-31,Observer=Heinrich | QC software=dataresqc v1.1.1
Regensburg,Regensburg | Rengschburg | Rengschburch,PALAEO-RA_Regensburg_17810109-17911231_w_subdaily.tsv,Palatine-Society_Regensburg,Regensburg,49.01343,12.101624,346,PALAEO-RA,,w,point,0-4,1781-1-9,1791-12-31,Observer=Heinrich
Regensburg,Regensburg | Rengschburg | Rengschburch,PALAEO-RA_Regensburg_17810101-17911231_p_subdaily_qc.tsv,Palatine-Society_Regensburg,Regensburg,49.01343,12.101624,346,PALAEO-RA,,p,point,hPa,1781-1-1,1791-12-31,Observer=Heinrich | PGC=Y | PTC=Y | Instrument=Palatine Society | QC software=dataresqc v1.1.1
Reykjavik,Reykjavik | Reykjavík | Reykjavíkurborg,WRDv2-2_Reykjavik_18200801-18540228_p_noon.tsv,Reykjavik,Reykjavik,64.13,-21.93,0,Trausti Jónsson,DOI 10.5281/zenodo.5940391,p,point,hPa,1820-8-1,1854-2-28,PTC=Y | PGC=Y
Reykjavik,Reykjavik | Reykjavík | Reykjavíkurborg,CRU_Reykjavik_18500101-20011231_p_daily_qc.tsv,WMO-4030,Reykjavik,64.13,-21.9,61,CRU,https://sites.uea.ac.uk/cru/,p,mean,hPa,1850-1-1,2001-12-31,PGC=N | PTC=N
Rieux-Volvestre,Rieux-Volvestre | Rieux | Rius,WeaR_Rieux-Volvestre_17881101-17890228_ta_daily.tsv,SRM_Rieux-Volvestre,Rieux-Volvestre,43.25,1.2,220,WeaR,DOI: 10.5194/cp-18-2545-2022,ta,mean,C,1788-11-1,1789-2-28,Observer=Darbas (Société Royale de Médécine)
Rieux-Volvestre,Rieux-Volvestre | Rieux | Rius,WeaR_Rieux-Volvestre_17881101-17890228_p_daily.tsv,SRM_Rieux-Volvestre,Rieux-Volvestre,43.25,1.2,220,WeaR,DOI: 10.5194/cp-18-2545-2022,p,mean,hPa,1788-11-1,1789-2-28,Observer=Darbas (Société Royale de Médécine) | PGC=Y | PTC=Y
Riga,Riga | Rīga | Reiga | Rīgõ,CRU_Riga_18500901-19901231_p_daily_qc.tsv,WMO-26422,Riga,56.81,23.89,13,CRU,https://sites.uea.ac.uk/cru/,p,mean,hPa,1850-9-1,1990-12-31,PGC=N | PTC=N
RivaDelGarda,Riva | Riva del Garda | Rìva,GHCNd_Riva_18740101-19150430_rr_daily.tsv,ITE00155370,RIVA,45.885,10.84,84,GHCN-D,,rr,sum,mm,1874-1-1,1915-4-30,
RochesPoint,Rochespoint | Roche's Point Lighthouse | Roche's Point,WRDv2-2_Roches-Point_18720114-18750331_Tn_daily_qc.tsv,DWRUK_ROCHESPOINT,Roches Point,51.793124,-8.254541,8,DWR_UKMO,DOI 10.5281/zenodo.5940391,Tn,minimum,C,1872-1-14,1875-3-31,QC software=dataresqc v1.1.1
RochesPoint,Rochespoint | Roche's Point Lighthouse | Roche's Point,ILMMT_RochesPoint_18720113-19201231_Tx_daily_qc.tsv,ILMMT-RochesPoint,RochesPoint,51.795,-8.252,13.1,"Mateus, C., Potito, A., & Curley, M. (2020). Reconstruction of a long‐term historical daily maximum and minimum air temperature network dataset for Ireland (1831‐1968). Geoscience Data Journal, 7(2), 102-115.",https://www.edepositireland.ie/entities/publication/7271837d-dbe6-463f-b103-422f42a15446,Tx,maximum,C,1872-1-13,1920-12-31,"Observer=William Kennedy (1873-1902), Station staff (1902-1920) | Instrument=Stevenson screen (verified 1872-1920),Max/Min thermometer | QC software=dataresqc v1.1.1"
RochesPoint,Rochespoint | Roche's Point Lighthouse | Roche's Point,WRDv2-2_Roches-Point_18680101-18750331_p_subdaily.tsv,DWRUK_ROCHESPOINT,Roches Point,51.793124,-8.254541,12.8,DWR_UKMO,DOI 10.5281/zenodo.5940391,p,point,hPa,1868-1-1,1875-3-31,PTC=Y | PGC=N
RochesPoint,Rochespoint | Roche's Point Lighthouse | Roche's Point,WRDv2-2_Roches-Point_18720114-18750331_Tx_daily_qc.tsv,DWRUK_ROCHESPOINT,Roches Point,51.793124,-8.254541,8,DWR_UKMO,DOI 10.5281/zenodo.5940391,Tx,maximum,C,1872-1-14,1875-3-31,QC software=dataresqc v1.1.1
RochesPoint,Rochespoint | Roche's Point Lighthouse | Roche's Point,WRDv2-2_Roches-Point_18680101-18750331_ta_subdaily.tsv,DWRUK_ROCHESPOINT,Roches Point,51.793124,-8.254541,8,DWR_UKMO,DOI 10.5281/zenodo.5940391,ta,point,C,1868-1-1,1875-3-31,
RochesPoint,Rochespoint | Roche's Point Lighthouse | Roche's Point,WRDv2-2_Roches-Point_18720104-18750331_ta_barometer_subdaily.tsv,DWRUK_ROCHESPOINT,Roches Point,51.793124,-8.254541,8,DWR_UKMO,DOI 10.5281/zenodo.5940391,ta,point,C,1872-1-4,1875-3-31,
RochesPoint,Rochespoint | Roche's Point Lighthouse | Roche's Point,ILMMT_RochesPoint_18720114-19201231_Tn_daily_qc.tsv,ILMMT-RochesPoint,RochesPoint,51.795,-8.252,13.1,"Mateus, C., Potito, A., & Curley, M. (2020). Reconstruction of a long‐term historical daily maximum and minimum air temperature network dataset for Ireland (1831‐1968). Geoscience Data Journal, 7(2), 102-115.",https://www.edepositireland.ie/entities/publication/7271837d-dbe6-463f-b103-422f42a15446,Tn,minimum,C,1872-1-14,1920-12-31,"Observer=William Kennedy (1873-1902), Station staff (1902-1920) | Instrument=Stevenson screen (verified 1872-1920),Max/Min thermometer | QC software=dataresqc v1.1.1"
RochesPoint,Rochespoint | Roche's Point Lighthouse | Roche's Point,WRDv2-2_Roches-Point_18680101-18750331_rr_daily_qc.tsv,DWRUK_ROCHESPOINT,Roches Point,51.793124,-8.254541,12.8,DWR_UKMO,DOI 10.5281/zenodo.5940391,rr,sum,mm,1868-1-1,1875-3-31,QC software=dataresqc v1.1.1
Roermond,Roermond | Remunj | Ruremonde | Rurmund | Rühremonde,GHCNd_Roermond_18690101-20190630_rr_daily.tsv,NLE00100510,ROERMOND,51.1831,5.9667,20,GHCN-D,,rr,sum,mm,1869-1-1,2019-6-30,
Rome,Rome | Roma,PALAEO-RA_Rome_17870101-17881231_ta_daily_qc.tsv,Palatine-Society_Rome,Rome,41.898758,12.480704,56,PALAEO-RA,,ta,mean,C,1787-1-1,1788-12-31,Observer=Calandrelli | QC software=dataresqc v1.1.1
Rome,Rome | Roma,PALAEO-RA_Rome_17820101-17921231_w_subdaily.tsv,Palatine-Society_Rome,Rome,41.898758,12.480704,56,PALAEO-RA,,w,point,0-4,1782-1-1,1792-12-31,Observer=Calandrelli
Rome,Rome | Roma,PALAEO-RA_Rome_17820101-17921231_dd_subdaily_qc.tsv,Palatine-Society_Rome,Rome,41.898758,12.480704,56,PALAEO-RA,,dd,point,degree,1782-1-1,1792-12-31,Observer=Calandrelli | QC software=dataresqc v1.1.1
Rome,Rome | Roma,PALAEO-RA_Rome_17820101-17921231_ta_subdaily_qc.tsv,Palatine-Society_Rome,Rome,41.898758,12.480704,56,PALAEO-RA,,ta,point,C,1782-1-1,1792-12-31,Observer=Calandrelli | Instrument=Palatine Society | QC software=dataresqc v1.1.0
Rome,Rome | Roma,PALAEO-RA_Rome_17820101-17921231_eee_subdaily_qc.tsv,Palatine-Society_Rome,Rome,41.898758,12.480704,56,PALAEO-RA,,eee,sum,mm,1782-1-1,1792-12-31,Observer=Calandrelli | QC software=dataresqc v1.1.0
Rome,Rome | Roma,EMULATE_Rome_18690101-18811230_p_subdaily.tsv,ROME,ROME,41.9,12.5,56,EMULATE,DOI 10.5281/zenodo.5940391,p,point,hPa,1869-1-1,1881-12-30,
Rome,Rome | Roma,PALAEO-RA_Rome_17870101-17881231_p_daily_qc.tsv,Palatine-Society_Rome,Rome,41.898758,12.480704,56,PALAEO-RA,,p,mean,hPa,1787-1-1,1788-12-31,Observer=Calandrelli | PGC=Y | PTC=Y | Instrument=Palatine Society | QC software=dataresqc v1.1.1
Rome,Rome | Roma,PALAEO-RA_Rome_17820101-17921231_rr_subdaily_qc.tsv,Palatine-Society_Rome,Rome,41.898758,12.480704,56,PALAEO-RA,,rr,sum,mm,1782-1-1,1792-12-31,Observer=Calandrelli | QC software=dataresqc v1.1.1
Rome,Rome | Roma,PALAEO-RA_Rome_17820101-17921231_p_subdaily_qc.tsv,Palatine-Society_Rome,Rome,41.898758,12.480704,56,PALAEO-RA,,p,point,hPa,1782-1-1,1792-12-31,Observer=Calandrelli | PGC=Y | PTC=Y | Instrument=Palatine Society | QC software=dataresqc v1.1.1
Rostock,Rostock | the Hanseatic and University City of Rostock | Hanse- und Universitätsstadt Rostock,WeaR_Rostock_17881101-17890228_p_daily.tsv,Rostock,Rostock,54.09,12.1,35,WeaR,DOI: 10.5194/cp-18-2545-2022,p,mean,hPa,1788-11-1,1789-2-28,Observer=Schadeloock | PGC=Y | PTC=N/Unknown
Rostock,Rostock | the Hanseatic and University City of Rostock | Hanse- und Universitätsstadt Rostock,WeaR_Rostock_17881101-17890228_ta_daily.tsv,Rostock,Rostock,54.09,12.1,35,WeaR,DOI: 10.5194/cp-18-2545-2022,ta,mean,C,1788-11-1,1789-2-28,Observer=Schadeloock
Rouen,Rouen | Roan | Rothomagus | Rodomo | Rudaburg | Roðem | Ruþaborg,WeaR_Rouen_17881101-17890228_ta_daily.tsv,SRM_Rouen,Rouen,49.44,1.1,15,WeaR,DOI: 10.5194/cp-18-2545-2022,ta,mean,C,1788-11-1,1789-2-28,Observer=Lepecq (Société Royale de Médécine)
Rouen,Rouen | Roan | Rothomagus | Rodomo | Rudaburg | Roðem | Ruþaborg,WeaR_Rouen_17881101-17890228_p_daily.tsv,SRM_Rouen,Rouen,49.44,1.1,15,WeaR,DOI: 10.5194/cp-18-2545-2022,p,mean,hPa,1788-11-1,1789-2-28,Observer=Lepecq (Société Royale de Médécine) | PGC=Y | PTC=Y
Rovereto,Rovereto | Roveredo,PALAEO-RA_Rovereto_Unknown_18600702-18681223_p_subdaily_qc.tsv,Europe_Rovereto_3,Rovereto,45.9,11.05,210,PALAEO-RA,,p,point,hPa,1860-7-2,1868-12-23,PTC=Y | PGC=Y | QC software=dataresqc v1.1.1
Rovereto,Rovereto | Roveredo,PALAEO-RA_Rovereto_Unknown_18270101-18291230_p_subdaily_qc.tsv,Europe_Rovereto_2,Rovereto,45.9,11.05,200,PALAEO-RA,,p,point,hPa,1827-1-1,1829-12-30,PGC=Y | PTC=N | QC software=dataresqc v1.1.0
Rovereto,Rovereto | Roveredo,PALAEO-RA_Rovereto_Unknown_18600718-18681206_ta_subdaily_qc.tsv,Europe_Rovereto_3,Rovereto,45.9,11.05,210,PALAEO-RA,,ta,point,C,1860-7-18,1868-12-6,QC software=dataresqc v1.1.1
Rovereto,Rovereto | Roveredo,PALAEO-RA_Rovereto_Bonfioli_17820324-18390826_p_subdaily_qc.tsv,Europe_Rovereto_1,Rovereto,45.9,11.05,200,PALAEO-RA,,p,point,hPa,1782-3-24,1839-8-26,Observer=Bonfioli | PGC=Y | PTC=N | QC software=dataresqc v1.1.1
Rovereto,Rovereto | Roveredo,PALAEO-RA_Rovereto_Bonfioli_17820214-18390827_ta_subdaily_qc.tsv,Europe_Rovereto_1,Rovereto,45.9,11.05,200,PALAEO-RA,,ta,point,C,1782-2-14,1839-8-27,Observer=Bonfioli | QC software=dataresqc v1.1.0
Rovereto,Rovereto | Roveredo,PALAEO-RA_Rovereto_Unknown_18270101-18291230_ta_subdaily_qc.tsv,Europe_Rovereto_2,Rovereto,45.9,11.05,200,PALAEO-RA,,ta,point,C,1827-1-1,1829-12-30,QC software=dataresqc v1.1.1
Rovereto,Rovereto | Roveredo,PALAEO-RA_Rovereto_Unknown_18270101-18291230_dd_subdaily_qc.tsv,Europe_Rovereto_2,Rovereto,45.9,11.05,200,PALAEO-RA,,dd,point,degree,1827-1-1,1829-12-30,QC software=dataresqc v1.1.1
Saanen,Saanen | Gessenay,CHIMES_Saanen_18600901-18620228_p_subdaily_qc.tsv,BE07_Saanen,Saanen,46.49,7.26,1025,CHIMES,https://doi.org/10.5194/cp-15-1345-2019,p,point,hPa,1860-9-1,1862-2-28,Observer=Albert von Rütte | PTC=Y | PGC=Y | QC software=dataresqc v1.1.1
Saanen,Saanen | Gessenay,CHIMES_Saanen_18600901-18620228_ta_subdaily_qc.tsv,BE07_Saanen,Saanen,46.49,7.26,1025,CHIMES,https://doi.org/10.5194/cp-15-1345-2019,ta,point,C,1860-9-1,1862-2-28,Observer=Albert von Rütte | QC software=dataresqc v1.0.3
Saentis,Saentis | Säntis,GHCNd_Saentis_19010101-20190831_rr_daily.tsv,SZ000002220,SAENTIS,47.25,9.35,2502,GHCN-D,,rr,sum,mm,1901-1-1,2019-8-31,
Saint-Brieuc,Saint-Brieuc | Sant-Brieg,WeaR_Saint-Brieuc_17881101-17890228_p_daily.tsv,SRM_Saint-Brieuc,Saint-Brieuc,48.51,-2.79,100,WeaR,DOI: 10.5194/cp-18-2545-2022,p,mean,hPa,1788-11-1,1789-2-28,Observer=Bagot (Société Royale de Médécine) | PGC=Y | PTC=Y
Saint-Brieuc,Saint-Brieuc | Sant-Brieg,WeaR_Saint-Brieuc_17881101-17890228_ta_daily.tsv,SRM_Saint-Brieuc,Saint-Brieuc,48.51,-2.79,100,WeaR,DOI: 10.5194/cp-18-2545-2022,ta,mean,C,1788-11-1,1789-2-28,Observer=Bagot (Société Royale de Médécine)
Saint-Paul-Trois-Chateaux,Saint-Paul-Trois-Châteaux | Sant Pau de Tricastin,WeaR_Saint-Paul-Trois-Chateaux_17881101-17890228_ta_daily.tsv,SRM_Saint-Paul-Trois-Chateaux,Saint-Paul-Trois-Chateaux,44.35,4.77,85,WeaR,DOI: 10.5194/cp-18-2545-2022,ta,mean,C,1788-11-1,1789-2-28,Observer=Caudeiron (Société Royale de Médécine)
Saint-Paul-Trois-Chateaux,Saint-Paul-Trois-Châteaux | Sant Pau de Tricastin,WeaR_Saint-Paul-Trois-Chateaux_17881101-17890228_p_daily.tsv,SRM_Saint-Paul-Trois-Chateaux,Saint-Paul-Trois-Chateaux,44.35,4.77,85,WeaR,DOI: 10.5194/cp-18-2545-2022,p,mean,hPa,1788-11-1,1789-2-28,Observer=Caudeiron (Société Royale de Médécine) | PGC=Y | PTC=Y | QC software=dataresqc v1.1.0
Salekhard,Salekhard | Salechard | Pułñawat | Saljaꜧ harad | Obdorsk,GHCNd_Salekhard_18821101-20190228_rr_daily.tsv,RSM00023330,SALEKHARD,66.5294,66.5294,15,GHCN-D,,rr,sum,mm,1882-11-1,2019-2-28,
Salzburg,Salzburg,PALAEO-RA_Salzburg_17971118-17980417_p_subdaily_qc.tsv,Europe_Salzburg,Salzburg,47.8,13.0,423,PALAEO-RA,,p,point,hPa,1797-11-18,1798-4-17,Observer=Humboldt | PTC=Y | PGC=Y | QC software=dataresqc v1.1.1
Salzburg,Salzburg,PALAEO-RA_Salzburg_17971118-17980417_ta_subdaily_qc.tsv,Europe_Salzburg,Salzburg,47.8,13.0,423,PALAEO-RA,,ta,point,C,1797-11-18,1798-4-17,Observer=Humboldt | QC software=dataresqc v1.1.0
Salzburg,Salzburg,GHCNd_Salzburg_19010101-20101231_rr_daily.tsv,AU000006306,SALZBURG,47.8,13.0,437,GHCN-D,,rr,sum,mm,1901-1-1,2010-12-31,
Sandvig,Sandvig | Allinge-Sandvig,GHCNd_Sandvig_18740101-19701231_rr_daily.tsv,DA000032030,SANDVIG,55.2831,14.7831,13,GHCN-D,,rr,sum,mm,1874-1-1,1970-12-31,
Scarborough,Scarborough,WRDv2-2_Scarborough_18610301-18750331_ta_subdaily.tsv,DWRUK_SCARBOROUGH,Scarborough,54.28091,-0.39832,35.05,DWR_UKMO,DOI 10.5281/zenodo.5940391,ta,point,C,1861-3-1,1875-3-31,
Scarborough,Scarborough,WRDv2-2_Scarborough_18610301-18750331_ta_barometer_subdaily.tsv,DWRUK_SCARBOROUGH,Scarborough,54.28091,-0.39832,35.05,DWR_UKMO,DOI 10.5281/zenodo.5940391,ta,point,C,1861-3-1,1875-3-31,
Scarborough,Scarborough,WRDv2-2_Scarborough_18610301-18750331_p_subdaily.tsv,DWRUK_SCARBOROUGH,Scarborough,54.28091,-0.39832,36.58,DWR_UKMO,DOI 10.5281/zenodo.5940391,p,point,hPa,1861-3-1,1875-3-31,PTC=Y | PGC=N
Scarborough,Scarborough,WRDv2-2_Scarborough_18611218-18750331_rr_daily.tsv,DWRUK_SCARBOROUGH,Scarborough,54.28091,-0.39832,39.62,DWR_UKMO,DOI 10.5281/zenodo.5940391,rr,sum,mm,1861-12-18,1875-3-31,
Scarborough,Scarborough,WRDv2-2_Scarborough_18720114-18750331_Tx_daily.tsv,DWRUK_SCARBOROUGH,Scarborough,54.28091,-0.39832,35.05,DWR_UKMO,DOI 10.5281/zenodo.5940391,Tx,maximum,C,1872-1-14,1875-3-31,
Scarborough,Scarborough,EMULATE_Scarborough_18680101-18710228_p_subdaily.tsv,SCARBOROUGH,SCARBOROUGH,54.28,-0.4,36.58,EMULATE,DOI 10.5281/zenodo.5940391,p,point,hPa,1868-1-1,1871-2-28,
Scarborough,Scarborough,WRDv2-2_Scarborough_18720114-18750331_Tn_daily.tsv,DWRUK_SCARBOROUGH,Scarborough,54.28091,-0.39832,35.05,DWR_UKMO,DOI 10.5281/zenodo.5940391,Tn,minimum,C,1872-1-14,1875-3-31,
Scattery,Scattery | Inis Cathaigh | Scattery Island | Inniscattery Island | Inis Cathaigh,ILMMT_Scattery_18501201-18520531_Tn_daily_qc.tsv,ILMMT-Scattery,Scattery,52.617,-9.517,10,"Mateus, C., Potito, A., & Curley, M. (2020). Reconstruction of a long‐term historical daily maximum and minimum air temperature network dataset for Ireland (1831‐1968). Geoscience Data Journal, 7(2), 102-115.",https://www.edepositireland.ie/entities/publication/7271837d-dbe6-463f-b103-422f42a15446,Tn,minimum,C,1850-12-1,1852-5-31,Observer=Coast-guard boatmen | Instrument=Self-registering thermometers | DataSource=Royal Irish Academy Manuscript 12 M 16 | Location=Scattery IslandNotes=primarily whole degree precision; additional note in metadata regarding high Min bias in early 1852. | QC software=dataresqc v1.1.1
Scattery,Scattery | Inis Cathaigh | Scattery Island | Inniscattery Island | Inis Cathaigh,ILMMT_Scattery_18501201-18520531_Tx_daily.tsv,ILMMT-Scattery,Scattery,52.617,-9.517,10,"Mateus, C., Potito, A., & Curley, M. (2020). Reconstruction of a long‐term historical daily maximum and minimum air temperature network dataset for Ireland (1831‐1968). Geoscience Data Journal, 7(2), 102-115.",https://www.edepositireland.ie/entities/publication/7271837d-dbe6-463f-b103-422f42a15446,Tx,minimum,C,1850-12-1,1852-5-31,Observer=Coast-guard boatmen | Instrument=Self-registering thermometers | DataSource=Royal Irish Academy Manuscript 12 M 16 | Location=Scattery IslandNotes=primarily whole degree precision; additional note in metadata regarding high Min bias in early 1852.
Schaffhausen,Schaffhausen | Schafuuse | Schaffuuse | Schafhuuse | Schaffhouse | Sciaffusa | Schaffusa,CHIMES_Schaffhausen_17940101-18451028_dd_subdaily.tsv,Schaffhausen,CHIMES_Schaffhausen,47.696,8.639,400,CHIMES,https://doi.org/10.5194/cp-15-1345-2019,dd,point,degree,1794-1-1,1845-10-28,Observer=Johann Christoph Schalch
Schaffhausen,Schaffhausen | Schafuuse | Schaffuuse | Schafhuuse | Schaffhouse | Sciaffusa | Schaffusa,CHIMES_Schaffhausen_18280705-18451028_ta_bis_subdaily_qc.tsv,SH01_Schaffhausen,Schaffhausen,47.696,8.639,400,CHIMES,https://doi.org/10.5194/cp-15-1345-2019,ta,point,C,1828-7-5,1845-10-28,Observer=Johann Christoph Schalch | QC software=dataresqc v1.0.3
Schaffhausen,Schaffhausen | Schafuuse | Schaffuuse | Schafhuuse | Schaffhouse | Sciaffusa | Schaffusa,CHIMES_Schaffhausen_17940101-18450903_ta_subdaily_qc.tsv,SH01_Schaffhausen,Schaffhausen,47.696,8.639,400,CHIMES,https://doi.org/10.5194/cp-15-1345-2019,ta,point,C,1794-1-1,1845-9-3,Observer=Johann Christoph Schalch | QC software=dataresqc v1.0.3
Schaffhausen,Schaffhausen | Schafuuse | Schaffuuse | Schafhuuse | Schaffhouse | Sciaffusa | Schaffusa,CHIMES_Schaffhausen_17940101-18451028_p_subdaily_qc.tsv,SH01_Schaffhausen,Schaffhausen,47.696,8.639,400,CHIMES,https://doi.org/10.5194/cp-15-1345-2019,p,point,hPa,1794-1-1,1845-10-28,Observer=Johann Christoph Schalch | PTC=N | PGC=Y | QC software=dataresqc v1.0.3
Scilly,Scilly | Isles of Scilly | Syllan,WRDv2-2_Scilly_18720114-18750331_Tn_daily.tsv,DWRUK_SCILLY,St. Mary's Signal Station,49.912044,-6.322629,2,DWR_UKMO,DOI 10.5281/zenodo.5940391,Tn,minimum,C,1872-1-14,1875-3-31,
Scilly,Scilly | Isles of Scilly | Syllan,WRDv2-2_Scilly_18720104-18750331_ta_barometer_subdaily.tsv,DWRUK_SCILLY,St. Mary's Signal Station,49.912044,-6.322629,2,DWR_UKMO,DOI 10.5281/zenodo.5940391,ta,point,C,1872-1-4,1875-3-31,
Scilly,Scilly | Isles of Scilly | Syllan,WRDv2-2_Scilly_18710103-18750331_rr_daily.tsv,DWRUK_SCILLY,St. Mary's Signal Station,49.912044,-6.322629,25.9,DWR_UKMO,DOI 10.5281/zenodo.5940391,rr,sum,mm,1871-1-3,1875-3-31,Height=0.45m
Scilly,Scilly | Isles of Scilly | Syllan,WRDv2-2_Scilly_18720114-18750331_Tx_daily.tsv,DWRUK_SCILLY,St. Mary's Signal Station,49.912044,-6.322629,2,DWR_UKMO,DOI 10.5281/zenodo.5940391,Tx,maximum,C,1872-1-14,1875-3-31,
Scilly,Scilly | Isles of Scilly | Syllan,EMULATE_Scilly_18710101-18710228_p_subdaily.tsv,SCILLY,SCILLY,49.92,-6.3,25.9,EMULATE,DOI 10.5281/zenodo.5940391,p,point,hPa,1871-1-1,1871-2-28,
Scilly,Scilly | Isles of Scilly | Syllan,WRDv2-2_Scilly_18710104-19091231_p_subdaily.tsv,DWRUK_SCILLY,St. Mary's Signal Station,49.91,-6.32,6.1,DWR_UKMO; Edward Hanna,DOI 10.5281/zenodo.5940391,p,point,hPa,1871-1-4,1909-12-31,"PTC=Y | PGC=N | Coords=(49.912044,-6.322629,19.8m,18710104-18750331); (49.910000,-6.320000,6.1m,18750201-19091231)"
Scilly,Scilly | Isles of Scilly | Syllan,WRDv2-2_Scilly_18710103-18750331_ta_subdaily.tsv,DWRUK_SCILLY,St. Mary's Signal Station,49.912044,-6.322629,2,DWR_UKMO,DOI 10.5281/zenodo.5940391,ta,point,C,1871-1-3,1875-3-31,
Setif,Setif | Sétif | Saṭīf | Stif,MEDARE_Setif_18850101-19381230_p_daily.tsv,60445,Setif,36.18,5.4,1081,Medare,https://www.idare-portal.org/data/medare,p,mean,hPa,1885-1-1,1938-12-30,PGC=N | PTC=N | Orig.res=subdaily | Diurnal cycle=N
Setif,Setif | Sétif | Saṭīf | Stif,MEDARE_Setif_18780101-19381229_rr_daily.tsv,60445,Setif,36.18,5.4,1081,Medare,https://www.idare-portal.org/data/medare,rr,sum,mm,1878-1-1,1938-12-29,
Sevastopol,Sevastopol,GHCNd_Sevastopol-Mgs_18810501-19901231_rr_daily.tsv,UPM00033991,"SEVASTOPOL',MGS",44.62,33.53,7,GHCN-D,,rr,sum,mm,1881-5-1,1990-12-31,
Sevastopol,Sevastopol,CRU_Sevastopol_18650101-19901231_p_daily_qc.tsv,WMO-20304,Sevastopol,44.61,33.55,23,CRU,https://sites.uea.ac.uk/cru/,p,mean,hPa,1865-1-1,1990-12-31,PGC=N | PTC=N
Sevilla,Sevilla,EMOSSv2_Sevilla_18031006-18061225_p_daily_qc.tsv,Se1803-1830,Sevilla,36.3833,-5.9833,11,"Mature, J. (ed.). 1803-1807. El Correo Literario y Económico de Sevilla. Biblioteca de la Universidad de Sevilla, A059/042-051 (http://fondosdigitales.us.es)",http://hdl.handle.net/10835/6806,p,point,hPa,1803-10-6,1806-12-25,Obsever=Justino Matute | PTC=Y | PGC=Y | QC software=dataresqc v1.1.1
Sevilla,Sevilla,EMOSSv2_Sevilla_18031022-18061225_Tx_daily_qc.tsv,Se1803-1830,Sevilla,36.3833,-5.9833,11,"Mature, J. (ed.). 1803-1807. El Correo Literario y Económico de Sevilla. Biblioteca de la Universidad de Sevilla, A059/042-051 (http://fondosdigitales.us.es)",http://hdl.handle.net/10835/6806,Tx,maximum,C,1803-10-22,1806-12-25,Obsever=Justino Matute | QC software=dataresqc v1.1.1
Sevilla,Sevilla,EMOSSv2_Sevilla_18120920-18300123_ta_subdaily_qc.tsv,Se1812-1830,Sevilla,36.3833,-5.9833,11,"Diario del Gobierno de Sevilla/Diario de Sevilla/Diario de Sevilla de Comercio, Artes y Literatura. 1812, 1813, 1829, 1830. Biblioteca Nacional de España, R60042(11), (http://www.hemerotecadigital.bne.es).",http://hdl.handle.net/10835/6806,ta,point,C,1812-9-20,1830-1-23,Obsever=Justino Matute | QC software=dataresqc v1.1.1
Sevilla,Sevilla,EMOSSv2_Sevilla_18120920-18300123_p_subdaily_qc.tsv,Se1812-1830,Sevilla,36.3833,-5.9833,11,"Diario del Gobierno de Sevilla/Diario de Sevilla/Diario de Sevilla de Comercio, Artes y Literatura. 1812, 1813, 1829, 1830. Biblioteca Nacional de España, R60042(11), (http://www.hemerotecadigital.bne.es).",http://hdl.handle.net/10835/6806,p,point,hPa,1812-9-20,1830-1-23,Obsever=Justino Matute | PTC=Y | PGC=Y | QC software=dataresqc v1.1.1
Sevilla,Sevilla,EMOSSv2_Sevilla_18031030-18061211_Tn_daily_qc.tsv,Se1803-1830,Sevilla,36.3833,-5.9833,11,"Mature, J. (ed.). 1803-1807. El Correo Literario y Económico de Sevilla. Biblioteca de la Universidad de Sevilla, A059/042-051 (http://fondosdigitales.us.es)",http://hdl.handle.net/10835/6806,Tn,minimum,C,1803-10-30,1806-12-11,Obsever=Justino Matute | QC software=dataresqc v1.1.1
Sevilla,Sevilla,EMOSSv2_Sevilla_18031126-18061225_dd_daily_qc.tsv,Se1803-1830,Sevilla,36.3833,-5.9833,11,"Mature, J. (ed.). 1803-1807. El Correo Literario y Económico de Sevilla. Biblioteca de la Universidad de Sevilla, A059/042-051 (http://fondosdigitales.us.es)",http://hdl.handle.net/10835/6806,dd,point,degree,1803-11-26,1806-12-25,Obsever=Justino Matute | QC software=dataresqc v1.1.1
Sevilla,Sevilla,EMOSSv2_Sevilla_18130512-18300123_dd_subdaily_qc.tsv,Se1812-1830,Sevilla,36.3833,-5.9833,11,"Diario del Gobierno de Sevilla/Diario de Sevilla/Diario de Sevilla de Comercio, Artes y Literatura. 1812, 1813, 1829, 1830. Biblioteca Nacional de España, R60042(11), (http://www.hemerotecadigital.bne.es).",http://hdl.handle.net/10835/6806,dd,point,degree,1813-5-12,1830-1-23,Obsever=Justino Matute | QC software=dataresqc v1.1.1
Sfax,Sfax | Ṣafāqus | Sifaks,MEDARE_Sfax_60750_18870101-19570531_p_daily.tsv,60750,Sfax,34.72,10.72,23,Medare,https://www.idare-portal.org/data/medare,p,mean,hPa,1887-1-1,1957-5-31,PGC=N | PTC=N | Orig.res=subdaily | Diurnal cycle=N
Sfax,Sfax | Ṣafāqus | Sifaks,MEDARE_Sfax_18860605-19570531_rr_daily.tsv,60750,Sfax,34.72,10.72,23,Medare,https://www.idare-portal.org/data/medare,rr,sum,mm,1886-6-5,1957-5-31,
Sheffield,Sheffield,GHCNd_Sheffield_18830101-20171231_rr_daily.tsv,UKE00105904,SHEFFIELD,53.3808,-1.49,131,GHCN-D,,rr,sum,mm,1883-1-1,2017-12-31,
Sheffield,Sheffield,ECAD_Sheffield_18830102-20241231_ta_daily.tsv,TG_SOUID_107042,Sheffield,53.380556,-1.489444,131,ECA&D,knmi-ecad-assets-prd.s3.amazonaws.com/download/ECA_nonblend_tg.zip,ta,mean,C,1883-1-2,2024-12-31,Mean temperature calculated as average of TN and TX | QC software=dataresqc v1.1.1
Sheffield,Sheffield,MIDAS_Sheffield_18821201-19180630_p_subdaily.tsv,SHEFFIELD,SHEFFIELD,53.381,-1.491,131.0,UKMO MIDAS,DOI 10.5281/zenodo.5940391,p,point,hPa,1882-12-1,1918-6-30,PTC=Y | PGC=?
Sheffield,Sheffield,MIDAS_Sheffield_18821201-19351231_p_subdaily.tsv,SHEFFIELD,SHEFFIELD,53.381,-1.491,131.0,UKMO MIDAS,DOI 10.5281/zenodo.5940391,p,point,hPa,1882-12-1,1935-12-31,PTC=Y | PGC=?
Shenkursk,Shenkursk,GHCNd_Shenkursk_18841201-20180630_rr_daily.tsv,RSM00022768,SHENKURSK,62.1,42.9,47,GHCN-D,,rr,sum,mm,1884-12-1,2018-6-30,
Shields,Shields | South Shields,WRDv2-2_Shields_18720114-18750331_Tn_daily.tsv,DWRUK_SHIELDS,North Shields,55.01,-1.45,23,DWR_UKMO,DOI 10.5281/zenodo.5940391,Tn,minimum,C,1872-1-14,1875-3-31,
Shields,Shields | South Shields,WRDv2-2_Shields_18610301-18750331_p_subdaily.tsv,DWRUK_SHIELDS,North Shields,55.01,-1.45,30.3,DWR_UKMO,DOI 10.5281/zenodo.5940391,p,point,hPa,1861-3-1,1875-3-31,PTC=Y | PGC=N
Shields,Shields | South Shields,WRDv2-2_Shields_18720114-18750331_Tx_daily.tsv,DWRUK_SHIELDS,North Shields,55.01,-1.45,23,DWR_UKMO,DOI 10.5281/zenodo.5940391,Tx,maximum,C,1872-1-14,1875-3-31,
Shields,Shields | South Shields,WRDv2-2_Shields_18610301-18750331_ta_subdaily.tsv,DWRUK_SHIELDS,North Shields,55.01,-1.45,23,DWR_UKMO,DOI 10.5281/zenodo.5940391,ta,point,C,1861-3-1,1875-3-31,
Shields,Shields | South Shields,WRDv2-2_Shields_18610301-18750331_ta_barometer_subdaily.tsv,DWRUK_SHIELDS,North Shields,55.01,-1.45,23,DWR_UKMO,DOI 10.5281/zenodo.5940391,ta,point,C,1861-3-1,1875-3-31,
Shields,Shields | South Shields,WRDv2-2_Shields_18620327-18750331_rr_daily.tsv,DWRUK_SHIELDS,North Shields,55.01,-1.45,32.2,DWR_UKMO,DOI 10.5281/zenodo.5940391,rr,sum,mm,1862-3-27,1875-3-31,Height=3.35m
Sibiu,Sibiu | Hermannstadt | Nagyszeben | Cibinium | Härmeschtat | Hermestatt,EMULATE_Sibiu_18781014-18811231_p_subdaily.tsv,SIBIU,SIBIU,45.8,24.13,415,EMULATE,DOI 10.5281/zenodo.5940391,p,point,hPa,1878-10-14,1881-12-31,
SidiBelAbbes,Sidi bel Abbès | Bel Abbès | Sīdī Bu-l-ʿAbbās | Sidi bel ɛebbas,MEDARE_Sidi-Bel-Abbes_18800101-19381226_rr_daily.tsv,60520,Sidi-Bel-Abbes,35.2,-0.63,476,Medare,https://www.idare-portal.org/data/medare,rr,sum,mm,1880-1-1,1938-12-26,
Simferopol,Simferpool | Aqmescit,GHCNd_Simferopol_18860701-20190831_rr_daily.tsv,UPM00033946,SIMFEROPOL,44.7,34.1331,181,GHCN-D,,rr,sum,mm,1886-7-1,2019-8-31,
Simferopol,Simferpool | Aqmescit,GHCNd_Simferopol_18860601-20241231_ta_daily.tsv,UPM00033946,Simferopol,44.7,34.1331,181,GHCNd,ncei.noaa.gov/products/land-based-station/global-historical-climatology-network-daily,ta,mean,C,1886-6-1,2024-12-31,QC software=dataresqc v1.1.1
Skagen,Skagen | The Scaw,WRDv2-2_Skagen_18730506-18750331_ta_subdaily.tsv,DWRUK_SKAGEN,Skagen,57.74,10.63,1,DWR_UKMO,DOI 10.5281/zenodo.5940391,ta,point,C,1873-5-6,1875-3-31,
Skagen,Skagen | The Scaw,WRDv2-2_Skagen_18730506-18750331_p_subdaily.tsv,DWRUK_SKAGEN,Skagen,57.74,10.63,1,DWR_UKMO,DOI 10.5281/zenodo.5940391,p,point,hPa,1873-5-6,1875-3-31,PTC=? | PGC=?
Skagen,Skagen | The Scaw,WRDv2-2_Skagen_18730506-18750331_ta_barometer_subdaily.tsv,DWRUK_SKAGEN,Skagen,57.74,10.63,1,DWR_UKMO,DOI 10.5281/zenodo.5940391,ta,point,C,1873-5-6,1875-3-31,
Skudenes,Skudesnaes | Skudeneshavn | Skudenes | Skudeneshamn,WRDv2-2_Skudenes_18660101-18750331_p_subdaily.tsv,DWRUK_SKUDESNAES,Skudesnaes,59.15,5.25,2,DWR_UKMO,DOI 10.5281/zenodo.5940391,p,point,hPa,1866-1-1,1875-3-31,PTC=? | PGC=? | Alias=Skudenes;Skudeseshavn
Skudenes,Skudesnaes | Skudeneshavn | Skudenes | Skudeneshamn,WRDv2-2_Skudenes_18660101-18750331_ta_subdaily.tsv,DWRUK_SKUDESNAES,Skudesnaes,59.15,5.25,2,DWR_UKMO,DOI 10.5281/zenodo.5940391,ta,point,C,1866-1-1,1875-3-31,Alias=Skudenes;Skudeseshavn
Skudenes,Skudesnaes | Skudeneshavn | Skudenes | Skudeneshamn,WRDv2-2_Skudenes_18720104-18750331_ta_barometer_subdaily.tsv,DWRUK_SKUDESNAES,Skudesnaes,59.15,5.25,2,DWR_UKMO,DOI 10.5281/zenodo.5940391,ta,point,C,1872-1-4,1875-3-31,Alias=Skudenes;Skudeseshavn
Sochi,Sochi,ECAD_Sochi_18741013-20190630_ta_daily.tsv,TG_SOUID_117387,Sochi,43.583056,39.766667,57,ECA&D,knmi-ecad-assets-prd.s3.amazonaws.com/download/ECA_nonblend_tg.zip,ta,mean,C,1874-10-13,2019-6-30,QC software=dataresqc v1.1.1
Solothurn,Solothurn | Soledurn | Soleure | Soletta | Soloturn | Salodurum,CHIMES_Solothurn_18260311-18310430_p_subdaily_qc.tsv,SO01_Solothurn,Solothurn,47.20784,7.53746,434,CHIMES,https://doi.org/10.5194/cp-15-1345-2019,p,point,hPa,1826-3-11,1831-4-30,Observer=Franz Joseph Hugi | PTC=Y | PGC=Y | QC software=dataresqc v1.0.3
Solothurn,Solothurn | Soledurn | Soleure | Soletta | Soloturn | Salodurum,CHIMES_Solothurn_18260311-18310430_ta_subdaily_qc.tsv,SO01_Solothurn,Solothurn,47.20784,7.53746,434,CHIMES,https://doi.org/10.5194/cp-15-1345-2019,ta,point,C,1826-3-11,1831-4-30,Observer=Franz Joseph Hugi | QC software=dataresqc v1.0.3
Sonnblick,Sonnblick | Zentralanstalt für Meteorologie und Geodynamik | ZAMG,GHCNd_Sonnblick_19010101-20101231_rr_daily.tsv,AU000015410,SONNBLICK,47.05,12.95,3106,GHCN-D,,rr,sum,mm,1901-1-1,2010-12-31,
Sonnblick,Sonnblick | Zentralanstalt für Meteorologie und Geodynamik | ZAMG,ECAD_Sonnblick_18861001-20240331_ta_daily.tsv,TG_SOUID_236607,Sonnblick,47.053889,12.9575,3109,ECA&D,knmi-ecad-assets-prd.s3.amazonaws.com/download/ECA_nonblend_tg.zip,ta,mean,C,1886-10-1,2024-3-31,Mean temperature calculated as average of TN and TX | QC software=dataresqc v1.1.1
Sorve,Sorve | Sorve Peninsula | Sõrve | Sworbe | Sörve,GHCNd_Sorve_18860801-20151230_rr_daily.tsv,ENE00175055,SORVE,57.9133,22.0578,3,GHCN-D,,rr,sum,mm,1886-8-1,2015-12-30,
Sotchi,Sotchi | Soči,GHCNd_Sotchi_18741001-20131231_rr_daily.tsv,RSM00037099,SOTCHI,43.58,39.77,57,GHCN-D,,rr,sum,mm,1874-10-1,2013-12-31,
Spydeberg,Spydeberg,PALAEO-RA_Spydeberg_17830101-17861231_p_subdaily_qc.tsv,Palatine-Society_Spydberg,Spydeberg,59.62,11.0778,110,PALAEO-RA,,p,point,hPa,1783-1-1,1786-12-31,Observer=Wilse | PGC=Y | PTC=N | Instrument=Palatine Society | QC software=dataresqc v1.1.1
Spydeberg,Spydeberg,PALAEO-RA_Spydeberg_17830104-17861231_w_subdaily.tsv,Palatine-Society_Spydberg,Spydberg,59.62,11.0778,110,PALAEO-RA,,w,point,0-4,1783-1-4,1786-12-31,Observer=Wilse
Spydeberg,Spydeberg,PALAEO-RA_Spydeberg_17830101-17861231_dd_subdaily_qc.tsv,Palatine-Society_Spydberg,Spydberg,59.62,11.0778,110,PALAEO-RA,,dd,point,degree,1783-1-1,1786-12-31,Observer=Wilse | QC software=dataresqc v1.1.1
Spydeberg,Spydeberg,PALAEO-RA_Spydeberg_17830101-17861231_ta_subdaily_qc.tsv,Palatine-Society_Spydberg,Spydeberg,59.62,11.0778,110,PALAEO-RA,,ta,point,C,1783-1-1,1786-12-31,Observer=Wilse | Instrument=Palatine Society | QC software=dataresqc v1.1.1
StGallen,St.Gallen. St. Gallen | Sanggale | Sankt Gallen | San Gallo | Saint-Gall | Sogn Gagl,CHIMES_StGallen_18130101-18530607_p_subdaily_qc.tsv,SG01_StGallen,St. Gallen,47.4245,9.37853,676,CHIMES,https://doi.org/10.5194/cp-15-1345-2019,p,point,hPa,1813-1-1,1853-6-7,"Observer=Daniel Meyer,Naturforschende Gesellschaft St. Gallen | PTC=Y | PGC=Y | QC software=dataresqc v1.0.3"
StGallen,St.Gallen. St. Gallen | Sanggale | Sankt Gallen | San Gallo | Saint-Gall | Sogn Gagl,CHIMES_StGallen_18130101-18530607_ta_subdaily_qc.tsv,SG01_StGallen,St. Gallen,47.4245,9.37853,676,CHIMES,https://doi.org/10.5194/cp-15-1345-2019,ta,point,C,1813-1-1,1853-6-7,"Observer=Daniel Meyer,Naturforschende Gesellschaft St. Gallen | QC software=dataresqc v1.0.3"
StPetersburg,St Petersburg | Saint Petersburg | St. Petersburg | Pertrograd | Leningrad,PALAEO-RA_StPetersburg_18050110-18211231_ta_subdaily_qc.tsv,Europe_StPetersburg,St. Petersburg,59.93,30.27,5,PALAEO-RA,https://www.prlib.ru/en/item/903296,ta,point,C,1805-1-10,1821-12-31,QC software=dataresqc v1.1.1
StPetersburg,St Petersburg | Saint Petersburg | St. Petersburg | Pertrograd | Leningrad,PALAEO-RA_StPetersburg_17821230-17930111_p_subdaily_qc.tsv,Palatine-Society_StPetersburg,St. Petersburg,59.93,30.27,5,PALAEO-RA,https://www.prlib.ru/en/item/903296,p,point,hPa,1782-12-30,1793-1-11,Observer=Euler | PGC=Y | PTC=N | Instrument=Palatine Society | QC software=dataresqc v1.1.0
StPetersburg,St Petersburg | Saint Petersburg | St. Petersburg | Pertrograd | Leningrad,PALAEO-RA_StPetersburg_18050110-18211231_p_subdaily_qc.tsv,Europe_StPetersburg,St. Petersburg,59.93,30.27,5,PALAEO-RA,https://www.prlib.ru/en/item/903296,p,point,hPa,1805-1-10,1821-12-31,PGC=Y | PTC=N | QC software=dataresqc v1.1.0
StPetersburg,St Petersburg | Saint Petersburg | St. Petersburg | Pertrograd | Leningrad,PALAEO-RA_StPetersburg_17821230-17930111_ta_subdaily_qc.tsv,Palatine-Society_StPetersburg,St. Petersburg,59.93,30.27,5,PALAEO-RA,https://www.prlib.ru/en/item/903296,ta,point,C,1782-12-30,1793-1-11,Observer=Euler | Instrument=Palatine Society | QC software=dataresqc v1.1.0
StPetersburg,St Petersburg | Saint Petersburg | St. Petersburg | Pertrograd | Leningrad,CRU_StPetersburg_18500101-20001231_p_daily_qc.tsv,WMO-26063,St.Petersburg,59.93,27.96,6,CRU,https://sites.uea.ac.uk/cru/,p,mean,hPa,1850-1-1,2000-12-31,PGC=N | PTC=N
StPetersburg,St Petersburg | Saint Petersburg | St. Petersburg | Pertrograd | Leningrad,GHCNd_StPetersburg_18810101-20241231_ta_daily.tsv,RSM00026063,StPetersburg,59.9667,30.3,3,GHCNd,ncei.noaa.gov/products/land-based-station/global-historical-climatology-network-daily,ta,mean,C,1881-1-1,2024-12-31,QC software=dataresqc v1.1.1
StPetersburg,St Petersburg | Saint Petersburg | St. Petersburg | Pertrograd | Leningrad,GHCNd_St-Petersburg_18810101-20190731_rr_daily.tsv,RSM00026063,ST. PETERSBURG,59.9667,30.3,3,GHCN-D,,rr,sum,mm,1881-1-1,2019-7-31,
StPetersburg,St Petersburg | Saint Petersburg | St. Petersburg | Pertrograd | Leningrad,PALAEO-RA_StPetersburg_17821230-17930111_dd_subdaily_qc.tsv,Palatine-Society_StPetersburg,St. Petersburg,59.93,30.27,5,PALAEO-RA,https://www.prlib.ru/en/item/903296,dd,point,degree,1782-12-30,1793-1-11,Observer=Euler | QC software=dataresqc v1.1.1
StPetersburg,St Petersburg | Saint Petersburg | St. Petersburg | Pertrograd | Leningrad,IMPROVE_StPetersburg_17430304-18791231_ta_daily_qc.tsv,IMPROVE_StPetersburg,St Petersburg,59.9667,30.3,3,IMPROVE,https://www.prlib.ru/en/item/903296,ta,mean,C,1743-3-4,1879-12-31,QC software=dataresqc v1.1.0
StZeno,StZeno | San Zeno | Saint Zeno,PALAEO-RA_StZeno_17810101-17811229_w_subdaily.tsv,Palatine-Society_StZeno,St. Zeno,47.733333,12.883333,480,PALAEO-RA,,w,point,0-4,1781-1-1,1781-12-29,
StZeno,StZeno | San Zeno | Saint Zeno,PALAEO-RA_StZeno_17810101-17811231_p_subdaily_qc.tsv,Palatine-Society_StZeno,St. Zeno,47.733333,12.883333,480,PALAEO-RA,,p,point,hPa,1781-1-1,1781-12-31,PGC=Y | PTC=Y | Instrument=Palatine Society | QC software=dataresqc v1.1.1
StZeno,StZeno | San Zeno | Saint Zeno,PALAEO-RA_StZeno_17810101-17811229_dd_subdaily_qc.tsv,Palatine-Society_StZeno,St. Zeno,47.733333,12.883333,480,PALAEO-RA,,dd,point,degree,1781-1-1,1781-12-29,QC software=dataresqc v1.1.1
StZeno,StZeno | San Zeno | Saint Zeno,PALAEO-RA_StZeno_17810101-17811231_ta_subdaily_qc.tsv,Palatine-Society_StZeno,St. Zeno,47.733333,12.883333,480,PALAEO-RA,,ta,point,C,1781-1-1,1781-12-31,Instrument=Palatine Society | QC software=dataresqc v1.1.1
Stensele,Stensele,ECAD_Stensele_18600501-20041217_ta_daily.tsv,TG_SOUID_137076,Stensele,65.066667,17.166389,325,ECA&D,knmi-ecad-assets-prd.s3.amazonaws.com/download/ECA_nonblend_tg.zip,ta,mean,C,1860-5-1,2004-12-17,"Mean temperature calculated as weighted average of TN, TX and observations at 06, 12 and 18 UT (5 values) | QC software=dataresqc v1.1.1"
Stockholm,Stockholm,PALAEO-RA_Stockholm_17830101-17921231_p_subdaily_qc.tsv,Palatine-Society_Stockholm,Stockholm,59.342,18.0575,44,PALAEO-RA,,p,point,hPa,1783-1-1,1792-12-31,Observer=Nicander|PGC=Y|PTC=Y|Instrument=Palatine Society|QC software=dataresqc v1.1.0
Stockholm,Stockholm,PALAEO-RA_Stockholm_17830101-17921231_ta_subdaily_qc.tsv,Palatine-Society_Stockholm,Stockholm,59.342,18.0575,44,PALAEO-RA,,ta,point,C,1783-1-1,1792-12-31,Observer=Nicander | QC software=dataresqc v1.1.1
Stockholm,Stockholm,WRDv2-2_Stockholm_18730506-18750331_ta_subdaily.tsv,DWRUK_STOCKHOLM,Stockholm Observatory,59.341704,18.05489,26,DWR_UKMO,DOI 10.5281/zenodo.5940391,ta,point,C,1873-5-6,1875-3-31,
Stockholm,Stockholm,IMPROVE_Stockholm_17560101-18801231_p_daily_qc.tsv,IMPROVE_Stockholm,Stockholm,59.35,18.05,44,IMPROVE,https://link.springer.com/book/10.1007/978-94-010-0371-1,p,mean,hPa,1756-1-1,1880-12-31,PGC=Y | QC software=dataresqc v1.1.1
Stockholm,Stockholm,WRDv2-2_Stockholm_18730506-18750330_ta_barometer_subdaily.tsv,DWRUK_STOCKHOLM,Stockholm Observatory,59.341704,18.05489,26,DWR_UKMO,DOI 10.5281/zenodo.5940391,ta,point,C,1873-5-6,1875-3-30,
Stockholm,Stockholm,IMPROVE_Stockholm_17560101-18801231_ta_daily_qc.tsv,IMPROVE_Stockholm,Stockholm,59.35,18.05,44,IMPROVE,https://link.springer.com/book/10.1007/978-94-010-0371-1,ta,mean,C,1756-1-1,1880-12-31,QC software=dataresqc v1.1.1
Stockholm,Stockholm,ECAD_Stockholm_17560101-20240331_ta_daily.tsv,TG_SOUID_100030/TG_SOUID_136122,Stockholm,59.35,18.05,44,ECA&D,knmi-ecad-assets-prd.s3.amazonaws.com/download/ECA_nonblend_tg.zip,ta,mean,C,1756-1-1,2024-3-31,"Mean temperature calculated as weighted average of TN, TX and observations at 06, 12 and 18 UT (5 values) | QC software=dataresqc v1.1.1"
Stockholm,Stockholm,WRDv2-2_Stockholm_18730506-18750331_p_subdaily.tsv,DWRUK_STOCKHOLM,Stockholm Observatory,59.341704,18.05489,26,DWR_UKMO,DOI 10.5281/zenodo.5940391,p,point,hPa,1873-5-6,1875-3-31,PTC=? | PGC=?
Stonyhurst,Stonyhurst | Stonyhurst Observatory,WRDv2-2_Stonyhurst_18740101-18831231_p_subdaily.tsv,STONYHURST,Stonyhurst Observatory,53.85,-2.4667,109,UK-HOURLY-BOOKS,https://github.com/ed-hawkins/weather-rescue-data/tree/master/hourly_uk,p,point,hPa,1874-1-1,1883-12-31,"Transcription project led by Lisa Alexander, converted by Jiahao Gu and Ed Hawkins"
Stonyhurst,Stonyhurst | Stonyhurst Observatory,MIDAS_Stonyhurst_18840101-19581031_p_subdaily.tsv,STONYHURST,STONYHURST,53.845,-2.47,115.0,UKMO MIDAS,DOI 10.5281/zenodo.5940391,p,point,hPa,1884-1-1,1958-10-31,PTC=Y | PGC=?
Stornoway,Stornoway | Steòrnabhagh,WRDv2-2_Stornoway_18730101-18750331_ta_barometer_subdaily.tsv,DWRUK_STORNOWAY,Stornoway,58.21,-6.39,34,DWR_UKMO,DOI 10.5281/zenodo.5940391,ta,point,C,1873-1-1,1875-3-31,Alias=Lews Castle
Stornoway,Stornoway | Steòrnabhagh,WRDv2-2_Stornoway_18730101-18750331_Tx_daily.tsv,DWRUK_STORNOWAY,Stornoway,58.21,-6.39,34,DWR_UKMO,DOI 10.5281/zenodo.5940391,Tx,maximum,C,1873-1-1,1875-3-31,Alias=Lews Castle
Stornoway,Stornoway | Steòrnabhagh,WRDv2-2_Stornoway_18730101-18750331_p_subdaily.tsv,DWRUK_STORNOWAY,Stornoway,58.21,-6.39,34,DWR_UKMO,DOI 10.5281/zenodo.5940391,p,point,hPa,1873-1-1,1875-3-31,PTC=Y | PGC=N | Alias=Lews Castle
Stornoway,Stornoway | Steòrnabhagh,CRU_Stornoway_18721201-18811231_p_daily_qc.tsv,WMO-3026,Stornoway,58.22,-6.32,21,CRU,https://sites.uea.ac.uk/cru/,p,mean,hPa,1872-12-1,1881-12-31,PGC=N | PTC=N
Stornoway,Stornoway | Steòrnabhagh,WRDv2-2_Stornoway_18730101-18750331_Tn_daily.tsv,DWRUK_STORNOWAY,Stornoway,58.21,-6.39,34,DWR_UKMO,DOI 10.5281/zenodo.5940391,Tn,minimum,C,1873-1-1,1875-3-31,Alias=Lews Castle
Stornoway,Stornoway | Steòrnabhagh,WRDv2-2_Stornoway_18730101-18750331_ta_subdaily.tsv,DWRUK_STORNOWAY,Stornoway,58.21,-6.39,34,DWR_UKMO,DOI 10.5281/zenodo.5940391,ta,point,C,1873-1-1,1875-3-31,Alias=Lews Castle
Stornoway,Stornoway | Steòrnabhagh,WRDv2-2_Stornoway_18730101-18750331_rr_daily.tsv,DWRUK_STORNOWAY,Stornoway,58.21,-6.39,34,DWR_UKMO,DOI 10.5281/zenodo.5940391,rr,sum,mm,1873-1-1,1875-3-31,Alias=Lews Castle
Stornoway,Stornoway | Steòrnabhagh,EMULATE_Stornoway_18721201-18811231_p_subdaily.tsv,STORNOWAY,STORNOWAY,58.2,-6.3,34,EMULATE,DOI 10.5281/zenodo.5940391,p,point,hPa,1872-12-1,1881-12-31,
Strasbourg,Strasbourg | Strossburi | Straßburg,PALAEO-RA_Strasbourg_17691002-17720131_p_subdaily_qc.tsv,Europe_Strasbourg,Strasbourg,48.583,7.75,142,PALAEO-RA,,p,point,hPa,1769-10-2,1772-1-31,PTC=N | PGC=Y | QC software=dataresqc v1.1.0
Strasbourg,Strasbourg | Strossburi | Straßburg,WRDv2-2_Strasbourg_18690515-18700522_p_subdaily.tsv,DWRUK_STRASBOURG,Strasbourg,48.58,7.77,147,DWR_UKMO,DOI 10.5281/zenodo.5940391,p,point,hPa,1869-5-15,1870-5-22,PTC=? | PGC=?
Strasbourg,Strasbourg | Strossburi | Straßburg,WRDv2-2_Strasbourg_18680103-18700810_ta_subdaily.tsv,DWRUK_STRASBOURG,Strasbourg,48.58,7.77,147,DWR_UKMO,DOI 10.5281/zenodo.5940391,ta,point,C,1868-1-3,1870-8-10,
Strasbourg,Strasbourg | Strossburi | Straßburg,PALAEO-RA_Strasbourg_17691004-17720131_ta_subdaily_qc.tsv,Europe_Strasbourg,Strasbourg,48.583,7.75,142,PALAEO-RA,,ta,point,C,1769-10-4,1772-1-31,QC software=dataresqc v1.1.1
Stromsfoss,Stromsfoss sluser | Strømsfoss | Stromsfoss,GHCNd_Stromsfoss-Sluse_18830101-20190730_rr_daily.tsv,NOE00109858,STROMSFOSS SLUSE,59.3006,11.6606,113,GHCN-D,,rr,sum,mm,1883-1-1,2019-7-30,
Stroud,Stroud,WeaR_Stroud_17881101-17881231_ta_daily.tsv,Stroud,Stroud,51.75,-2.22,63,WeaR,DOI: 10.5194/cp-18-2545-2022,ta,mean,C,1788-11-1,1788-12-31,Observer=Hughes
Stykkisholmur,Stykkishólmur | Stykkisholmur,CRU_Stykkisholmur_18740101-20021231_p_daily_qc.tsv,WMO-4013,Stykkisholmur,65.08,-22.73,8,CRU,https://sites.uea.ac.uk/cru/,p,mean,hPa,1874-1-1,2002-12-31,PGC=N | PTC=N
Sumburgh,Sumburgh | Sumburgh Airport,WRDv2-2_Sumburgh_18720115-18750108_p_subdaily.tsv,DWRUK_SUMBURGH,Sumburgh Head (Dunrossness),59.9341,-1.29033,4,DWR_UKMO,DOI 10.5281/zenodo.5940391,p,point,hPa,1872-1-15,1875-1-8,PTC=Y | PGC=N | Alias=Sumburgh Head;Vatchlie
Sumburgh,Sumburgh | Sumburgh Airport,WRDv2-2_Sumburgh_18720115-18750108_ta_barometer_subdaily.tsv,DWRUK_SUMBURGH,Sumburgh Head (Dunrossness),59.9341,-1.29033,4,DWR_UKMO,DOI 10.5281/zenodo.5940391,ta,point,C,1872-1-15,1875-1-8,Alias=Sumburgh Head;Vatchlie
Sumburgh,Sumburgh | Sumburgh Airport,WRDv2-2_Sumburgh_18720115-18750108_rr_daily.tsv,DWRUK_SUMBURGH,Sumburgh Head (Dunrossness),59.9341,-1.29033,4,DWR_UKMO,DOI 10.5281/zenodo.5940391,rr,sum,mm,1872-1-15,1875-1-8,Alias=Sumburgh Head;Vatchlie
Sumburgh,Sumburgh | Sumburgh Airport,WRDv2-2_Sumburgh_18720115-18750108_Tn_daily.tsv,DWRUK_SUMBURGH,Sumburgh Head (Dunrossness),59.9341,-1.29033,4,DWR_UKMO,DOI 10.5281/zenodo.5940391,Tn,minimum,C,1872-1-15,1875-1-8,Alias=Sumburgh Head;Vatchlie
Sumburgh,Sumburgh | Sumburgh Airport,WRDv2-2_Sumburgh_18720115-18750108_ta_subdaily.tsv,DWRUK_SUMBURGH,Sumburgh Head (Dunrossness),59.9341,-1.29033,4,DWR_UKMO,DOI 10.5281/zenodo.5940391,ta,point,C,1872-1-15,1875-1-8,Alias=Sumburgh Head;Vatchlie
Sumburgh,Sumburgh | Sumburgh Airport,WRDv2-2_Sumburgh_18720115-18750108_Tx_daily.tsv,DWRUK_SUMBURGH,Sumburgh Head (Dunrossness),59.9341,-1.29033,4,DWR_UKMO,DOI 10.5281/zenodo.5940391,Tx,maximum,C,1872-1-15,1875-1-8,Alias=Sumburgh Head;Vatchlie
Surgut,Surgut | Sərhanł | Sörkut,GHCNd_Surgut_18841201-19840930_rr_daily.tsv,RSM00023849,SURGUT,61.25,73.5,55,GHCN-D,,rr,sum,mm,1884-12-1,1984-9-30,
Sutz,Sutz | Sutz-Lattrigen,GCOS_Sutz_17850101-18021231_ta_subdaily_qc.tsv,Sutz,Sutz,47.103882,7.217036,447,https://doi.pangaea.de/10.1594/PANGAEA.948258,,ta,point,C,1785-1-1,1802-12-31,Observer=Sprüngli | QC software=dataresqc v1.1.1
Sutz,Sutz | Sutz-Lattrigen,GCOS_Sutz_17850101-18021231_p_subdaily_qc.tsv,Sutz,Sutz,47.103882,7.217036,447,GCOS,https://doi.pangaea.de/10.1594/PANGAEA.948258,p,point,hPa,1785-1-1,1802-12-31,Observer=Sprüngli | PGC=Y | PTC=N | QC software=dataresqc v1.1.1
Syktyvkar,Syktyvkar | Syktywkar,GHCNd_Syktyvkar_18880401-20190430_rr_daily.tsv,RSM00023804,SYKTYVKAR,61.6667,50.8667,116,GHCN-D,,rr,sum,mm,1888-4-1,2019-4-30,
Tallinn,Tallinn,GHCNd_Tallinn_18700701-20151230_rr_daily.tsv,ENE00175051,TALLINN,59.3981,24.6028,33,GHCN-D,,rr,sum,mm,1870-7-1,2015-12-30,
Tartu,Tartu | Dorpat | Dörpt | Derpt,GHCNd_Tartu_18651201-19961230_rr_daily.tsv,ENE00175063,TARTU,58.3,26.7331,58,GHCN-D,,rr,sum,mm,1865-12-1,1996-12-30,
Tashkent,Tashkent | Toshkent,GHCNd_Tashkent_18810101-20061231_rr_daily.tsv,UZM00038457,TASHKENT,41.27,69.2694,477,GHCN-D,,rr,sum,mm,1881-1-1,2006-12-31,
Tbilisi,Tbilisi | Tiflis,GHCNd_Tbilisi_18810101-19921231_rr_daily.tsv,GG000037545,TBILISI,41.68,44.95,448,GHCN-D,,rr,sum,mm,1881-1-1,1992-12-31,
Tbilisi,Tbilisi | Tiflis,GHCNd_Tbilisi_18810101-20241231_ta_daily.tsv,GG000037545,Tbilisi,41.68,44.95,448,GHCNd,ncei.noaa.gov/products/land-based-station/global-historical-climatology-network-daily,ta,mean,C,1881-1-1,2024-12-31,QC software=dataresqc v1.1.1
Tbilisi,Tbilisi | Tiflis,CRU_Tiflis_18500101-19901231_p_daily_qc.tsv,WMO-37549,Tiflis,41.68,44.95,409,CRU,https://sites.uea.ac.uk/cru/,p,mean,hPa,1850-1-1,1990-12-31,PGC=N | PTC=N
Tebessa,Tébessa | Tebessa | Tibissa | Tbessa | Tibesti,MEDARE_Tebessa_18790101-19381228_rr_daily.tsv,60475,Tebessa,35.42,8.12,863,Medare,https://www.idare-portal.org/data/medare,rr,sum,mm,1879-1-1,1938-12-28,
Tebessa,Tébessa | Tebessa | Tibissa | Tbessa | Tibesti,MEDARE_Tebessa_60475_18790101-19381229_p_daily.tsv,60475,Tebessa,35.42,8.12,863,Medare,https://www.idare-portal.org/data/medare,p,mean,hPa,1879-1-1,1938-12-29,PGC=N | PTC=N | Orig.res=subdaily | Diurnal cycle=N
Tegerfelden,Tegerfelden,CHIMES_Tegerfelden_18430101-18531231_ta_subdaily_qc.tsv,AG02_Tegerfelden,Tegerfelden,47.559,8.285,364,CHIMES,https://doi.org/10.5194/cp-15-1345-2019,ta,point,C,1843-1-1,1853-12-31,Observer=Heinrich Cornelius Sutermeister | QC software=dataresqc v1.0.3
Tegernsee,Tegernsee,PALAEO-RA_Tegernsee_17880101-17881231_ta_daily_qc.tsv,Palatine-Society_Tegernsee,Tegernsee,47.716667,11.766667,740,PALAEO-RA,,ta,mean,C,1788-1-1,1788-12-31,"Observer=Gotthardo, Donaubauer, Magold | QC software=dataresqc v1.1.1"
Tegernsee,Tegernsee,PALAEO-RA_Tegernsee_17810101-17861231_p_subdaily_qc.tsv,Palatine-Society_Tegernsee,Tegernsee,47.716667,11.766667,740,PALAEO-RA,,p,point,hPa,1781-1-1,1786-12-31,"Observer=Gotthardo, Donaubauer, Magold | PGC=Y | PTC=Y | Instrument=Palatine Society | QC software=dataresqc v1.1.0"
Tegernsee,Tegernsee,PALAEO-RA_Tegernsee_17810101-17881231_dd_subdaily_qc.tsv,Palatine-Society_Tegernsee,Tegernsee,47.716667,11.766667,740,PALAEO-RA,,dd,point,degree,1781-1-1,1788-12-31,"Observer=Gotthardo, Donaubauer, Magold | QC software=dataresqc v1.1.1"
Tegernsee,Tegernsee,PALAEO-RA_Tegernsee_17810101-17881231_w_subdaily.tsv,Palatine-Society_Tegernsee,Tegernsee,47.716667,11.766667,740,PALAEO-RA,,w,point,0-4,1781-1-1,1788-12-31,"Observer=Gotthardo, Donaubauer, Magold"
Tegernsee,Tegernsee,PALAEO-RA_Tegernsee_17880101-17881231_p_daily_qc.tsv,Palatine-Society_Tegernsee,Tegernsee,47.716667,11.766667,740,PALAEO-RA,,p,mean,hPa,1788-1-1,1788-12-31,"Observer=Gotthardo, Donaubauer, Magold | PGC=Y | PTC=Y | Instrument=Palatine Society | QC software=dataresqc v1.1.1"
Tegernsee,Tegernsee,PALAEO-RA_Tegernsee_17810101-17861231_ta_subdaily_qc.tsv,Palatine-Society_Tegernsee,Tegernsee,47.716667,11.766667,740,PALAEO-RA,,ta,point,C,1781-1-1,1786-12-31,"Observer=Gotthardo, Donaubauer, Magold | Instrument=Palatine Society | QC software=dataresqc v1.1.1"
Tenerife,Tenerife,EMULATE_Tenerife_18560830-18570930_p_subdaily.tsv,TENERIFE,TENERIFE,28.29,-16.63,unknown,EMULATE,DOI 10.5281/zenodo.5940391,p,point,hPa,1856-8-30,1857-9-30,
Thurso,Thurso | Inbhir Theòrsa | Thursa,WRDv2-2_Thurso_18700210-18750331_ta_subdaily.tsv,DWRUK_THURSO,Thurso,58.59,-3.52,25,DWR_UKMO,DOI 10.5281/zenodo.5940391,ta,point,C,1870-2-10,1875-3-31,
Thurso,Thurso | Inbhir Theòrsa | Thursa,WRDv2-2_Thurso_18700210-18750331_p_subdaily.tsv,DWRUK_THURSO,Thurso,58.59,-3.52,25,DWR_UKMO,DOI 10.5281/zenodo.5940391,p,point,hPa,1870-2-10,1875-3-31,PTC=Y | PGC=N
Thurso,Thurso | Inbhir Theòrsa | Thursa,WRDv2-2_Thurso_18720104-18750331_ta_barometer_subdaily.tsv,DWRUK_THURSO,Thurso,58.59,-3.52,25,DWR_UKMO,DOI 10.5281/zenodo.5940391,ta,point,C,1872-1-4,1875-3-31,
Thurso,Thurso | Inbhir Theòrsa | Thursa,WRDv2-2_Thurso_18700210-18750331_rr_daily.tsv,DWRUK_THURSO,Thurso,58.59,-3.52,25,DWR_UKMO,DOI 10.5281/zenodo.5940391,rr,sum,mm,1870-2-10,1875-3-31,
Thurso,Thurso | Inbhir Theòrsa | Thursa,WRDv2-2_Thurso_18720114-18750331_Tn_daily.tsv,DWRUK_THURSO,Thurso,58.59,-3.52,25,DWR_UKMO,DOI 10.5281/zenodo.5940391,Tn,minimum,C,1872-1-14,1875-3-31,
Thurso,Thurso | Inbhir Theòrsa | Thursa,WRDv2-2_Thurso_18720114-18750331_Tx_daily.tsv,DWRUK_THURSO,Thurso,58.59,-3.52,25,DWR_UKMO,DOI 10.5281/zenodo.5940391,Tx,maximum,C,1872-1-14,1875-3-31,
TiziOuzou,Tizi Ouzou | Thizi Wezzu | Tizi Wezzu | Tīzī Wuzū,UERRA_TiziOuzou_18790101-19381229_w_subdaily.tsv,ALG0060395,TiziOuzou,36.72,4.05,222,Ashcroft,doi.org/10.5194/essd-10-1613-2018-supplement,w,point,m/s,1879-1-1,1938-12-29,QC software=dataresqc v1.1.1
TiziOuzou,Tizi Ouzou | Thizi Wezzu | Tizi Wezzu | Tīzī Wuzū,MEDARE_Tizi-Ouzou_18790104-19381228_rr_daily.tsv,60395,Tizi_Ouzou,36.72,4.05,222,Medare,https://www.idare-portal.org/data/medare,rr,sum,mm,1879-1-4,1938-12-28,
TiziOuzou,Tizi Ouzou | Thizi Wezzu | Tizi Wezzu | Tīzī Wuzū,UERRA_TiziOuzou_18790101-19381229_ta_subdaily.tsv,ALG0060395,TiziOuzou,36.72,4.05,222,Ashcroft,doi.org/10.5194/essd-10-1613-2018-supplement,ta,point,C,1879-1-1,1938-12-29,QC software=dataresqc v1.1.1
TiziOuzou,Tizi Ouzou | Thizi Wezzu | Tizi Wezzu | Tīzī Wuzū,MEDARE_TiziOuzou_60395_18790101-19381230_p_daily.tsv,60395,Tizi_Ouzou,36.72,4.05,222,Medare,https://www.idare-portal.org/data/medare,p,mean,hPa,1879-1-1,1938-12-30,PGC=N | PTC=N | Orig.res=subdaily | Diurnal cycle=N
TiziOuzou,Tizi Ouzou | Thizi Wezzu | Tizi Wezzu | Tīzī Wuzū,UERRA_TiziOuzou_18790101-19381229_dd_subdaily.tsv,ALG0060395,TiziOuzou,36.72,4.05,222,Ashcroft,doi.org/10.5194/essd-10-1613-2018-supplement,dd,point,degree,1879-1-1,1938-12-29,QC software=dataresqc v1.1.1
Tobolsk,Tobolsk,GHCNd_Tobolsk_18840701-20131231_rr_daily.tsv,RSM00028275,TOBOLSK,58.15,68.25,49,GHCN-D,,rr,sum,mm,1884-7-1,2013-12-31,
Torshavn,Torshavn | Feroe | Tórshavn | Thorshavn,CRU_Torshavn_18740101-20021231_p_daily_qc.tsv,WMO-6011,Torshavn,62.02,-6.77,55,CRU,https://sites.uea.ac.uk/cru/,p,mean,hPa,1874-1-1,2002-12-31,PGC=N | PTC=N
Totma,Tot-Ma | Totma,GHCNd_Tot-Ma_18830801-20131231_rr_daily.tsv,RSM00027051,TOT-MA,59.97,42.75,134,GHCN-D,,rr,sum,mm,1883-8-1,2013-12-31,
Toulon,Toulon | Tolon | Touloun,WRDv2-2_Toulon_18680417-18750331_ta_subdaily.tsv,DWRUK_TOULON,Toulon,43.0524,5.85483,132,DWR_UKMO,DOI 10.5281/zenodo.5940391,ta,point,C,1868-4-17,1875-3-31,Alias=Cap Sicie
Toulon,Toulon | Tolon | Touloun,WRDv2-2_Toulon_18680417-18750331_rr_daily.tsv,DWRUK_TOULON,Toulon,43.05253,5.85574,132,DWR_UKMO,DOI 10.5281/zenodo.5940391,rr,sum,mm,1868-4-17,1875-3-31,Alias=Cap Sicie
Toulon,Toulon | Tolon | Touloun,WRDv2-2_Toulon_18720115-18750331_Tn_daily.tsv,DWRUK_TOULON,Toulon,43.0524,5.85483,132,DWR_UKMO,DOI 10.5281/zenodo.5940391,Tn,minimum,C,1872-1-15,1875-3-31,Alias=Cap Sicie
Toulon,Toulon | Tolon | Touloun,WRDv2-2_Toulon_18720115-18750331_ta_barometer_subdaily.tsv,DWRUK_TOULON,Toulon,43.0524,5.85483,132,DWR_UKMO,DOI 10.5281/zenodo.5940391,ta,point,C,1872-1-15,1875-3-31,Alias=Cap Sicie
Toulon,Toulon | Tolon | Touloun,WRDv2-2_Toulon_18720115-18750331_Tx_daily.tsv,DWRUK_TOULON,Toulon,43.0524,5.85483,132,DWR_UKMO,DOI 10.5281/zenodo.5940391,Tx,maximum,C,1872-1-15,1875-3-31,Alias=Cap Sicie
Toulon,Toulon | Tolon | Touloun,EMULATE_Toulon_18680503-18811231_p_subdaily.tsv,TOULON,TOULON,43.12,5.93,132,EMULATE,DOI 10.5281/zenodo.5940391,p,point,hPa,1868-5-3,1881-12-31,
Toulon,Toulon | Tolon | Touloun,WRDv2-2_Toulon_18680503-18750331_p_subdaily.tsv,DWRUK_TOULON,Toulon,43.0524,5.85483,132,DWR_UKMO,DOI 10.5281/zenodo.5940391,p,point,hPa,1868-5-3,1875-3-31,PTC=? | PGC=? | Alias=Cap Sicie
Tranebjerg,Tranebjerg,GHCNd_Tranebjerg_18721201-20010731_rr_daily.tsv,DA000027080,TRANEBJERG,55.85,10.6,11,GHCN-D,,rr,sum,mm,1872-12-1,2001-7-31,
Trieste,Trieste,Raicich-Colucci_Trieste_18410101-20181231_p_daily_qc.tsv,Trieste,Trieste,45.6464,13.764,`2,"Raicich, Fabio; Colucci, Renato R (2021): Daily mean-sea-level atmospheric pressure from 1841 to 2018 at Trieste, Italy [dataset]",https://doi.org/10.1594/PANGAEA.926896,p,mean,hPa,1841-1-1,2018-12-31,PTC=Y | PGC=Y | QC software=dataresqc v1.1.1
TroitskoPechorsk,Troicko-Pecherskoe | Troitsko-Pechorsk | Tróicko-Pečórsk | Myldin | Myldïn,GHCNd_Troicko-Pecherskoe_18880201-20190430_rr_daily.tsv,RSM00023711,TROICKO-PECHERSKOE,62.7,56.2,135,GHCN-D,,rr,sum,mm,1888-2-1,2019-4-30,
Tromso,Tromsø | Tromso | Tromsö | Romsa | Tromssa,METNO_Tromso_18750901-19261230_p_subdaily.tsv,Tromsø,Tromsø,69.652,18.95,38.0,frost.met.no,DOI 10.5281/zenodo.5940391,p,point,hPa,1875-9-1,1926-12-30,PTC=Y | PGC=? | Station number SN90440
Trondheim,Trondheim | Tråante,PALAEO-RA_Trondheim_17620101-17641231_dd_subdaily_qc.tsv,Trondheim,Trondheim,63.430515,10.395053,113,PALAEO-RA,,dd,point,degree,1762-1-1,1764-12-31,QC software=dataresqc v1.1.1
Trondheim,Trondheim | Tråante,PALAEO-RA_Trondheim_17620101-17641231_p_subdaily_qc.tsv,Trondheim,Trondheim,63.430515,10.395053,113,PALAEO-RA,,p,point,hPa,1762-1-1,1764-12-31,PGC=Y | PTC=Y | QC software=dataresqc v1.1.1
Trondheim,Trondheim | Tråante,METNO_Trondheim_18700601-19270330_p_subdaily.tsv,Trondheim,Trondheim,63.4319,10.4146,58.0,frost.met.no,DOI 10.5281/zenodo.5940391,p,point,hPa,1870-6-1,1927-3-30,PTC=Y | PGC=? | Station number SN68150
Trondheim,Trondheim | Tråante,WeaR_Trondheim_17881101-17890228_p_daily.tsv,Trondheim,Trøndheim,55.95,10.41,25,WeaR,DOI: 10.5194/cp-18-2545-2022,p,mean,hPa,1788-11-1,1789-2-28,Observer=D.C.Fester | PGC=Y | PTC=N/Unknown
Trondheim,Trondheim | Tråante,WeaR_Trondheim_17881101-17890228_ta_daily.tsv,Trondheim,Trøndheim,64.45,10.42,13,WeaR,https://www.nb.no/search?mediatype=aviser&fromDate=17880927&toDate=17890319&counties=Trøndelag,ta,mean,C,1788-11-1,1789-2-28,Observer=D.C.Fester
Trondheim,Trondheim | Tråante,PALAEO-RA_Trondheim_17620101-17641231_ta_subdaily_qc.tsv,Trondheim,Trondheim,63.430515,10.395053,113,PALAEO-RA,,ta,point,C,1762-1-1,1764-12-31,QC software=dataresqc v1.1.1
Tuebingen,Tuebingen | Tubingen | Tübingen | Dibenga,PALAEO-RA_Tuebingen_16910701-16941231_p_subdaily.tsv,Europe_Tuebingen_1,Tuebingen,48.521636,9.057645,341,PALAEO-RA,,p,point,unknown,1691-7-1,1694-12-31,Observer=Camerarius
Tuebingen,Tuebingen | Tubingen | Tübingen | Dibenga,PALAEO-RA_Tuebingen_16910701-16940630_ta_subdaily_qc.tsv,Europe_Tuebingen_1,Tübingen,48.521636,9.057645,341,PALAEO-RA,,ta,point,C,1691-7-1,1694-6-30,Observer=Camerarius | QC software=dataresqc v1.1.1
Tunis,Tunis | Tūnis,MEDARE_Tunis_18860308-19381228_rr_daily.tsv,60715,Tunis,36.8,10.17,36,Medare,https://www.idare-portal.org/data/medare,rr,sum,mm,1886-3-8,1938-12-28,
Turin,Torino | Turin,SMI_Turin_18570801-20091231_Tx_daily_qc.tsv,Turin,Turin,45.071,7.686,276,SMI,,Tx,max,C,1857-8-1,2009-12-31,QC software=dataresqc v1.1.1
Turin,Torino | Turin,SMI_Turin_19540101-20091231_p_daily_qc.tsv,Turin,Turin,45.071,7.686,287,SMI,,p,mean,hPa,1954-1-1,2009-12-31,Observatory=Caselle Aeroporto (AM-ENAV) | Pressure (average of 8 synoptic measurements) reduced to 0 C and to sea level | QC software=dataresqc v1.1.1
Turin,Torino | Turin,SMI_Turin_17530101-18651130_ta_subdaily_qc.tsv,Turin,Turin,45.068,7.684,282,SMI,,ta,point,C,1753-1-1,1865-11-30,QC software=dataresqc v1.1.1
Turin,Torino | Turin,SMI_Turin_17920101-19531231_p_subdaily_qc.tsv,Turin,Turin,45.071,7.686,280.9,SMI,,p,point,hPa,1792-1-1,1953-12-31,"Observatory= unspecified (17920101-18650630), Castello del Valentino (18650701-18651130), Palazzo Madama (18651201-19171031, 19171111-19181231), Moncalieri Collegio Carlo Alberto (19171101-19171110, 19190101-19531231) | PGC=Y | QC software=dataresqc v1.1.1"
Turin,Torino | Turin,SMI_Turin_18020601-20091231_rr_daily_qc.tsv,Turin,Turin,45.071,7.686,276,SMI,,rr,sum,mm,1802-6-1,2009-12-31,"Observatory= unspecified (1802.06.01-1865.06.30), Palazzo Civico (1865.07.01-1866.02.20), Palazzo Madama (1866.02.21-1919.02.28), Monte dei Cappuccini (1919.03.01-1927.05.31), via Gropello [Uff. Idrogr. del Po] (1927.06.01-1936.08.31), corso Inghilterra [Uff. Idrogr. del Po] (1936.09.01-1961.02.28), corso Bolzano [Uff. Idrogr. del Po] (1961.03.01-2006.12.31), Consolata [ARPA Piemonte] (2007.01.01-2009.12.31) | QC software=dataresqc v1.1.1"
Turin,Torino | Turin,SMI_Turin_18570210-20091231_Tn_daily_qc.tsv,Turin,Turin,45.071,7.686,276,SMI,,Tn,min,C,1857-2-10,2009-12-31,QC software=dataresqc v1.1.1
Turkestan,Turkestan | Türkestan | Turkistan | Türkistan,GHCNd_Turkestan_18820401-20051231_rr_daily.tsv,KZ000038198,TURKESTAN,43.27,68.22,206,GHCN-D,,rr,sum,mm,1882-4-1,2005-12-31,
Turku,Turku | Åbo,WeaR_Turku_17881101-17890228_ta_daily.tsv,Turku,Turku,60.45,22.28,10,WeaR,DOI: 10.5194/cp-18-2545-2022,ta,mean,C,1788-11-1,1789-2-28,Observer=Planman | QC software=dataresqc v1.1.0
Turku,Turku | Åbo,WeaR_Turku_17881101-17890228_p_daily.tsv,Turku,Turku,60.45,22.28,10,WeaR,DOI: 10.5194/cp-18-2545-2022,p,mean,hPa,1788-11-1,1789-2-28,Observer=Planman | PGC=Y | PTC=Y
Tuttlingen,Tuttlingen | Duttlinga,GHCNd_Tuttlingen_18880201-20171031_rr_daily.tsv,GME00129502,TUTTLINGEN,48.0092,8.8189,649,GHCN-D,,rr,sum,mm,1888-2-1,2017-10-31,
Uccle,Uccle | Ukkel,GHCNd_Uccle_18800201-20160531_rr_daily.tsv,BE000006447,UCCLE,50.8,4.35,104,GHCN-D,,rr,sum,mm,1880-2-1,2016-5-31,
Uetliberg,Uetliberg | Ütliberg | Uto,CHIMES_Uetliberg_18520201-18630930_Tn_daily_qc.tsv,ZH04_Uetliberg,Uetliberg,47.34974,8.49077,870,CHIMES,https://doi.org/10.5194/cp-15-1345-2019,Tn,min,C,1852-2-1,1863-9-30,Observer=Friedrich Beyel | QC software=dataresqc v1.1.1
Uetliberg,Uetliberg | Ütliberg | Uto,CHIMES_Uetliberg_18410801-18631130_p_subdaily_qc.tsv,ZH04_Uetliberg,Uetliberg,47.34974,8.49077,870,CHIMES,https://doi.org/10.5194/cp-15-1345-2019,p,point,hPa,1841-8-1,1863-11-30,Observer=Friedrich Beyel | PTC=Y | PGC=Y | QC software=dataresqc v1.0.3
Uetliberg,Uetliberg | Ütliberg | Uto,CHIMES_Uetliberg_18410801-18631130_ta_subdaily_qc.tsv,ZH04_Uetliberg,Uetliberg,47.34974,8.49077,870,CHIMES,https://doi.org/10.5194/cp-15-1345-2019,ta,point,C,1841-8-1,1863-11-30,Observer=Friedrich Beyel | QC software=dataresqc v1.0.3
Uetliberg,Uetliberg | Ütliberg | Uto,CHIMES_Uetliberg_18631001-18631130_rr_daily_qc.tsv,ZH04_Uetliberg,Uetliberg,47.34974,8.49077,870,CHIMES,https://doi.org/10.5194/cp-15-1345-2019,rr,sum,mm,1863-10-1,1863-11-30,Observer=Friedrich Beyel | QC software=dataresqc v1.1.1
Ulm,Ulm,PALAEO-RA_Ulm_17100923-17140320_ta_daily_qc.tsv,Europe_Ulm,Ulm,48.401082,9.987608,478,PALAEO-RA,,ta,mean,C,1710-9-23,1714-3-20,Observer=Algoewer | Orig.res=subdaily | Diurnal cycle=N | QC software=dataresqc v1.1.1
Ulm,Ulm,PALAEO-RA_Ulm_17150324-17210305_rr_daily_qc.tsv,Europe_Ulm,Ulm,48.401082,9.987608,478,PALAEO-RA,,rr,sum,mm,1715-3-24,1721-3-5,Observer=Algoewer | QC software=dataresqc v1.1.1
Uman,Uman | Humań,GHCNd_Uman_18850901-20121231_rr_daily.tsv,UPM00033587,UMAN,48.77,30.23,214,GHCN-D,,rr,sum,mm,1885-9-1,2012-12-31,
Umea,Umea | Umeå | Ubmeje | Uumaja,ECAD_Umea_18581101-19790930_ta_daily.tsv,TG_SOUID_136902,Umea,63.83,20.28,14,ECA&D,knmi-ecad-assets-prd.s3.amazonaws.com/download/ECA_nonblend_tg.zip,ta,mean,C,1858-11-1,1979-9-30,"Mean temperature calculated as weighted average of TN, TX and observations at 06, 12 and 18 UT (5 values) | QC software=dataresqc v1.1.1"
Upminster,Upminster,PALAEO-RA_Upminster_Lenke_17090108-17090115_ta_daily.tsv,Lenke-Upminster,Upminster,43.2965,5.36978,44,"Untersuchung der ältesten Temperaturmessungen mit Hilfe des strengen Winters 1708-1709, Walter Lenke",,ta,point,C,1709-1-8,1709-1-15,coords=approx
Upminster,Upminster,PALAEO-RA_Upminster_16970701-16971231_rr_subdaily.tsv,Upminster in Essex,Upminster,51.55591,0.248894,19,DWD / philosophical transactions of the royal society (Klima vor dem 18. Jahrhundert.) / PALAEO-RA,,rr,point,unknown,1697-7-1,1697-12-31,
Upminster,Upminster,PALAEO-RA_Upminster_17080111-17090110_rr_daily_qc.tsv,Europe_Upminster,Upminster,51.555914,0.248894,19,PALAEO-RA,,rr,sum,mm,1708-1-11,1709-1-10,Observer=Derham | QC software=dataresqc v1.1.0
Upminster,Upminster,PALAEO-RA_Upminster_17080111-17090110_p_subdaily_qc.tsv,Europe_Upminster,Upminster,51.55591,0.248894,19,PALAEO-RA,,p,point,hPa,1708-1-11,1709-1-10,Observer=Derham | PTC=N | PGC=Y | QC software=dataresqc v1.1.1
Upminster,Upminster,PALAEO-RA_Upminster_16970701-16971231_p_subdaily.tsv,Upminster in Essex,Upminster,51.55591,0.248894,19,DWD / philosophical transactions of the royal society (Klima vor dem 18. Jahrhundert.) / PALAEO-RA,,p,point,hPa,1697-7-1,1697-12-31,PTC=N | PGC=Y
Uppsala,Uppsala | Upsala,IMPROVE_Uppsala_17220112-18701231_p_daily_qc.tsv,IMPROVE_Uppsala,Uppsala,59.8605,17.6407,15,IMPROVE,https://link.springer.com/book/10.1007/978-94-010-0371-1,p,mean,hPa,1722-1-12,1870-12-31,PGC=Y | QC software=dataresqc v1.1.0
Uppsala,Uppsala | Upsala,IMPROVE_Uppsala_17220112-18701231_ta_daily_qc.tsv,IMPROVE_Uppsala,Uppsala,59.8605,17.6407,15,IMPROVE,https://link.springer.com/book/10.1007/978-94-010-0371-1,ta,mean,C,1722-1-12,1870-12-31,QC software=dataresqc v1.1.0
Uppsala,Uppsala | Upsala,CRU_Uppsala_18500101-19981231_p_daily_qc.tsv,WMO-2458,Uppsala,59.86,17.63,13,CRU,https://sites.uea.ac.uk/cru/,p,mean,hPa,1850-1-1,1998-12-31,PGC=N | PTC=N
Urjupinsk,Urjupinsk | Uryupinsk,GHCNd_Urjupinsk_18810101-20190331_rr_daily.tsv,RSM00034240,URJUPINSK,50.8,42.0,110,GHCN-D,,rr,sum,mm,1881-1-1,2019-3-31,
Utrecht,Utrecht,KNMI_Utrecht155_18501201-18961231_p_subdaily_qc.tsv,KNMI-155_Utrecht,Utrecht155,52.09,5.12,5,KNMI,https://www.knmi.nl/nederland-nu/klimatologie/daggegevens/antieke-waarnemingen,p,point,hPa,1850-12-1,1896-12-31,PTC=Y | PGC=Y | QC software=dataresqc v1.1.1
Utrecht,Utrecht,KNMI_Utrecht_18501201-18961231_ta_subdaily_qc.tsv,KNMI-155_Utrecht,Utrecht,52.09,5.12,5,KNMI,https://www.knmi.nl/nederland-nu/klimatologie/daggegevens/antieke-waarnemingen,ta,point,C,1850-12-1,1896-12-31,QC software=dataresqc v1.1.1
Utrecht,Utrecht,KNMI_Utrecht_18360101-18461231_dd_subdaily_qc.tsv,KNMI-43_Utrecht,Utrecht,52.09,5.12,5,KNMI,https://www.knmi.nl/nederland-nu/klimatologie/daggegevens/antieke-waarnemingen,dd,point,degree,1836-1-1,1846-12-31,Observer=Prof. PJI de Fremery | QC software=dataresqc v1.1.1
Utrecht,Utrecht,KNMI_Utrecht155_18481201-18961231_dd_subdaily_qc.tsv,KNMI-155_Utrecht,Utrecht155,52.09,5.12,5,KNMI,https://www.knmi.nl/nederland-nu/klimatologie/daggegevens/antieke-waarnemingen,dd,point,degree,1848-12-1,1896-12-31,QC software=dataresqc v1.1.1
Utrecht,Utrecht,KNMI_Utrecht43_17280101-17391231_ta_subdaily_qc.tsv,KNMI-43_Utrecht,Utrecht43,52.09,5.12,5,KNMI,https://www.knmi.nl/nederland-nu/klimatologie/daggegevens/antieke-waarnemingen,ta,point,C,1728-1-1,1739-12-31,QC software=dataresqc v1.1.1
Utrecht,Utrecht,KNMI_Utrecht43_17280101-17391231_p_subdaily_qc.tsv,KNMI-43_Utrecht,Utrecht43,52.09,5.12,5,KNMI,https://www.knmi.nl/nederland-nu/klimatologie/daggegevens/antieke-waarnemingen,p,point,hPa,1728-1-1,1739-12-31,QC software=dataresqc v1.1.1
Utrecht,Utrecht,Cornes_Utrecht-DeBilt_18510101-18961231_p_subdaily_qc.tsv,2,Utrecht,52.083,5.133,5,"Cornes, R. C., Jones, P. D., Brandsma, T., Cendrier, D., & Jourdain, S. (2024). The London, Paris and De Bilt sub‐daily pressure series. Geoscience Data Journal, 11(3), 330-341.",https://doi.org/10.1002/gdj3.226,p,point,hPa,1851-1-1,1896-12-31,PTC=Y | PGC=Y | QC software=dataresqc v1.1.1
Utrecht,Utrecht,KNMI_Utrecht_18501201-18961231_Tn_daily_qc.tsv,KNMI-155_Utrecht,Utrecht,52.09,5.12,5,KNMI,https://www.knmi.nl/nederland-nu/klimatologie/daggegevens/antieke-waarnemingen,Tn,min,C,1850-12-1,1896-12-31,QC software=dataresqc v1.1.1
Utrecht,Utrecht,KNMI_Utrecht43_17280105-17391226_rr_subdaily_qc.tsv,KNMI-43_Utrecht,Utrecht43,52.09,5.12,5,KNMI,https://www.knmi.nl/nederland-nu/klimatologie/daggegevens/antieke-waarnemingen,rr,point,mm,1728-1-5,1739-12-26,QC software=dataresqc v1.1.1
Utrecht,Utrecht,KNMI_Utrecht155_18501201-18961231_rr_subdaily_qc.tsv,KNMI-155_Utrecht,Utrecht155,52.09,5.12,5,KNMI,https://www.knmi.nl/nederland-nu/klimatologie/daggegevens/antieke-waarnemingen,rr,point,mm,1850-12-1,1896-12-31,QC software=dataresqc v1.1.1
Utrecht,Utrecht,KNMI_Utrecht155_18501201-18961231_rh_subdaily_qc.tsv,KNMI-155_Utrecht,Utrecht155,52.09,5.12,5,KNMI,https://www.knmi.nl/nederland-nu/klimatologie/daggegevens/antieke-waarnemingen,rh,point,%,1850-12-1,1896-12-31,QC software=dataresqc v1.1.1
Utrecht,Utrecht,KNMI_Utrecht_18360101-18461231_p_subdaily_qc.tsv,KNMI-43_Utrecht,Utrecht,52.09,5.12,5,KNMI,https://www.knmi.nl/nederland-nu/klimatologie/daggegevens/antieke-waarnemingen,p,point,hPa,1836-1-1,1846-12-31,PTC=Y | PGC=Y | Observer=Prof. PJI de Fremery | QC software=dataresqc v1.1.1
Utrecht,Utrecht,KNMI_Utrecht_18501201-18961231_Tx_daily_qc.tsv,KNMI-155_Utrecht,Utrecht,52.09,5.12,5,KNMI,https://www.knmi.nl/nederland-nu/klimatologie/daggegevens/antieke-waarnemingen,Tx,max,C,1850-12-1,1896-12-31,QC software=dataresqc v1.1.1
Utrecht,Utrecht,KNMI_Utrecht_18360101-18461231_ta_subdaily_qc.tsv,KNMI-43_Utrecht,Utrecht,52.09,5.12,5,KNMI,https://www.knmi.nl/nederland-nu/klimatologie/daggegevens/antieke-waarnemingen,ta,point,C,1836-1-1,1846-12-31,Observer=Prof. PJI de Fremery | QC software=dataresqc v1.1.1
Utrecht,Utrecht,KNMI_Utrecht43_17280101-17391231_dd_subdaily_qc.tsv,KNMI-43_Utrecht,Utrecht43,52.09,5.12,5,KNMI,https://www.knmi.nl/nederland-nu/klimatologie/daggegevens/antieke-waarnemingen,dd,point,degree,1728-1-1,1739-12-31,QC software=dataresqc v1.1.1
Utrecht,Utrecht,KNMI_Utrecht155_18501201-18961231_ta_subdaily_qc.tsv,KNMI-155_Utrecht,Utrecht155,52.09,5.12,5,KNMI,https://www.knmi.nl/nederland-nu/klimatologie/daggegevens/antieke-waarnemingen,ta,point,C,1850-12-1,1896-12-31,QC software=dataresqc v1.1.1
Utzenstorf,Utzenstorf,CHIMES_Utzenstorf_18340101-18401231_ta_subdaily_qc.tsv,BE08_Utzenstorf,Utzenstorf,47.127,7.557,474,CHIMES,https://doi.org/10.5194/cp-15-1345-2019,ta,point,C,1834-1-1,1840-12-31,Observer=Rudolf Ludwig Fankhauser | QC software=dataresqc v1.1.1
Utzenstorf,Utzenstorf,CHIMES_Utzenstorf_18340101-18401231_p_subdaily_qc.tsv,BE08_Utzenstorf,Utzenstorf,47.127,7.557,474,CHIMES,https://doi.org/10.5194/cp-15-1345-2019,p,point,hPa,1834-1-1,1840-12-31,Observer=Rudolf Ludwig Fankhauser | PTC=N | PGC=Y | QC software=dataresqc v1.1.1
Vaexjoe,Vaexjoe | Växjö,GHCNd_Vaexjoe_18600101-20190630_rr_daily.tsv,SWE00100003,VAEXJOE,56.8667,14.8,166,GHCN-D,,rr,sum,mm,1860-1-1,2019-6-30,
Valdesevilla,Valdesevilla,EMOSSv2_Valdesevilla_18800612-18830722_dd_daily_qc.tsv,BAVALD1,Extremadura-Valdesevilla,37.871581,-6.522527,660,"Vaquero, José Manuel; Bravo-Paredes, Nieves; Obregón, María Angeles; Sánchez-Carrasco, Víctor Manuel; Valente, Maria Antónia; Trigo, Ricardo M; Domínguez-Castro, Fernando; Montero-Martín, Javier; Vaquero-Martínez, Javier; Antón, Manuel; García, José Agustín; Gallego, María Cruz (2020): Early meteorological records from BAALAN1 (1866). PANGAEA.",https://doi.pangaea.de/10.1594/PANGAEA.925805,dd,point,degree,1880-6-12,1883-7-22,"orig.coords=38.700000,-6.829167 | QC software=dataresqc v1.1.1"
Valdesevilla,Valdesevilla,EMOSSv2_Valdesevilla_18800612-18830721_ta_daily_qc.tsv,BAVALD1,Extremadura-Valdesevilla,37.871581,-6.522527,660,"Vaquero, José Manuel; Bravo-Paredes, Nieves; Obregón, María Angeles; Sánchez-Carrasco, Víctor Manuel; Valente, Maria Antónia; Trigo, Ricardo M; Domínguez-Castro, Fernando; Montero-Martín, Javier; Vaquero-Martínez, Javier; Antón, Manuel; García, José Agustín; Gallego, María Cruz (2020): Early meteorological records from BAALAN1 (1866). PANGAEA.",https://doi.pangaea.de/10.1594/PANGAEA.925805,ta,point,C,1880-6-12,1883-7-21,"orig.coords=38.700000,-6.829167 | QC software=dataresqc v1.1.1"
Valdesevilla,Valdesevilla,EMOSSv2_Valdesevilla_18800612-18830721_p_daily_qc.tsv,BAVALD1,Extremadura-Valdesevilla,37.871581,-6.522527,660,"Vaquero, José Manuel; Bravo-Paredes, Nieves; Obregón, María Angeles; Sánchez-Carrasco, Víctor Manuel; Valente, Maria Antónia; Trigo, Ricardo M; Domínguez-Castro, Fernando; Montero-Martín, Javier; Vaquero-Martínez, Javier; Antón, Manuel; García, José Agustín; Gallego, María Cruz (2020): Early meteorological records from BAALAN1 (1866). PANGAEA.",https://doi.pangaea.de/10.1594/PANGAEA.925805,p,point,hPa,1880-6-12,1883-7-21,"orig.coords=38.700000,-6.829167 | QC software=dataresqc v1.1.1"
Valencia,Valencia | València,DominguezCastro_Valencia_17900629-18611230_ta_subdaily_qc.tsv,Valencia,DominguezCastro_Valencia,39.47,-0.38,25,Dominguez_Castro_2014,https://docta.ucm.es/entities/publication/b26dac98-5ffe-482c-9419-2f94168cc7eb,ta,point,C,1790-6-29,1861-12-30,QC software=dataresqc v1.1.1
Valencia,Valencia | València,DominguezCastro_Valencia_17900629-18611230_p_subdaily_qc.tsv,Valencia,DominguezCastro_Valencia,39.47,-0.38,25,Dominguez_Castro_2014,https://docta.ucm.es/entities/publication/b26dac98-5ffe-482c-9419-2f94168cc7eb,p,point,hPa,1790-6-29,1861-12-30,QC software=dataresqc v1.1.1
Valencia,Valencia | València,DominguezCastro_Valencia_17900629-18611230_dd_subdaily_qc.tsv,Valencia,DominguezCastro_Valencia,39.47,-0.38,25,Dominguez_Castro_2014,https://docta.ucm.es/entities/publication/b26dac98-5ffe-482c-9419-2f94168cc7eb,dd,point,degree,1790-6-29,1861-12-30,QC software=dataresqc v1.1.1
ValenciaDelVentoso,Valencia del Ventoso,EMOSSv2_Valencia-del-Ventoso_18820101-18831130_dd_subdaily_qc.tsv,BAVVEN1,Extremadura-Valencia_del_Ventoso,38.265278,-6.474444,500,"Vaquero, José Manuel; Bravo-Paredes, Nieves; Obregón, María Angeles; Sánchez-Carrasco, Víctor Manuel; Valente, Maria Antónia; Trigo, Ricardo M; Domínguez-Castro, Fernando; Montero-Martín, Javier; Vaquero-Martínez, Javier; Antón, Manuel; García, José Agustín; Gallego, María Cruz (2020): Early meteorological records from BAALAN1 (1866). PANGAEA.",https://doi.pangaea.de/10.1594/PANGAEA.925805,dd,point,degree,1882-1-1,1883-11-30,QC software=dataresqc v1.1.1
ValenciaDelVentoso,Valencia del Ventoso,EMOSSv2_Valencia-del-Ventoso_18820101-18831130_p_subdaily.tsv,BAVVEN1,Extremadura-Valencia_del_Ventoso,38.265278,-6.474444,500,"Vaquero, José Manuel; Bravo-Paredes, Nieves; Obregón, María Angeles; Sánchez-Carrasco, Víctor Manuel; Valente, Maria Antónia; Trigo, Ricardo M; Domínguez-Castro, Fernando; Montero-Martín, Javier; Vaquero-Martínez, Javier; Antón, Manuel; García, José Agustín; Gallego, María Cruz (2020): Early meteorological records from BAALAN1 (1866). PANGAEA.",https://doi.pangaea.de/10.1594/PANGAEA.925805,p,point,arbitrary units,1882-1-1,1883-11-30,
ValenciaDelVentoso,Valencia del Ventoso,EMOSSv2_Valencia-del-Ventoso_18820101-18831130_Tn_daily_qc.tsv,BAVVEN1,Extremadura-Valencia_del_Ventoso,38.265278,-6.474444,500,"Vaquero, José Manuel; Bravo-Paredes, Nieves; Obregón, María Angeles; Sánchez-Carrasco, Víctor Manuel; Valente, Maria Antónia; Trigo, Ricardo M; Domínguez-Castro, Fernando; Montero-Martín, Javier; Vaquero-Martínez, Javier; Antón, Manuel; García, José Agustín; Gallego, María Cruz (2020): Early meteorological records from BAALAN1 (1866). PANGAEA.",https://doi.pangaea.de/10.1594/PANGAEA.925805,Tn,minimum,C,1882-1-1,1883-11-30,QC software=dataresqc v1.1.1
ValenciaDelVentoso,Valencia del Ventoso,EMOSSv2_Valencia-del-Ventoso_18820101-18831130_Tx_daily_qc.tsv,BAVVEN1,Extremadura-Valencia_del_Ventoso,38.265278,-6.474444,500,"Vaquero, José Manuel; Bravo-Paredes, Nieves; Obregón, María Angeles; Sánchez-Carrasco, Víctor Manuel; Valente, Maria Antónia; Trigo, Ricardo M; Domínguez-Castro, Fernando; Montero-Martín, Javier; Vaquero-Martínez, Javier; Antón, Manuel; García, José Agustín; Gallego, María Cruz (2020): Early meteorological records from BAALAN1 (1866). PANGAEA.",https://doi.pangaea.de/10.1594/PANGAEA.925805,Tx,maximum,C,1882-1-1,1883-11-30,QC software=dataresqc v1.1.1
ValenciaDelVentoso,Valencia del Ventoso,EMOSSv2_Valencia-del-Ventoso_18820101-18831130_rr_daily_qc.tsv,BAVVEN1,Extremadura-Valencia_del_Ventoso,38.265278,-6.474444,500,"Vaquero, José Manuel; Bravo-Paredes, Nieves; Obregón, María Angeles; Sánchez-Carrasco, Víctor Manuel; Valente, Maria Antónia; Trigo, Ricardo M; Domínguez-Castro, Fernando; Montero-Martín, Javier; Vaquero-Martínez, Javier; Antón, Manuel; García, José Agustín; Gallego, María Cruz (2020): Early meteorological records from BAALAN1 (1866). PANGAEA.",https://doi.pangaea.de/10.1594/PANGAEA.925805,rr,sum,mm,1882-1-1,1883-11-30,QC software=dataresqc v1.1.1
Valentia,Valentia | Valentia Island | Dairbhre,WRDv2-2_Valentia_18620108-18750331_rr_daily_qc.tsv,DWRUK_VALENTIA,Valentia Observatory,51.938331,-10.241007,3.4,DWR_UKMO,DOI 10.5281/zenodo.5940391,rr,sum,mm,1862-1-8,1875-3-31,QC software=dataresqc v1.1.1
Valentia,Valentia | Valentia Island | Dairbhre,ILMMT_Valentia_Caherciveen_18920312-19201231_Tn_daily_qc.tsv,ILMMT-Valentia_Caherciveen,Valentia_Caherciveen,51.939,-10.244,14,"Mateus, C., Potito, A., & Curley, M. (2020). Reconstruction of a long‐term historical daily maximum and minimum air temperature network dataset for Ireland (1831‐1968). Geoscience Data Journal, 7(2), 102-115.",https://www.edepositireland.ie/entities/publication/7271837d-dbe6-463f-b103-422f42a15446,Tn,minimum,C,1892-3-12,1920-12-31,Observer=Westwood House Staff (1892-1920) | Instrument=Stevenson Screen | Location=Station moved to mainland (Caherciveen) | Note=Max temp to PRECEDING day until Feb 1912 | QC software=dataresqc v1.1.1
Valentia,Valentia | Valentia Island | Dairbhre,ILMMT_Valentia_Island_18501019-18920311_Tn_daily_qc.tsv,ILMMT-Valentia_Island,Valentia_Island,51.925,-10.285,9,"Mateus, C., Potito, A., & Curley, M. (2020). Reconstruction of a long‐term historical daily maximum and minimum air temperature network dataset for Ireland (1831‐1968). Geoscience Data Journal, 7(2), 102-115.",https://www.edepositireland.ie/entities/publication/7271837d-dbe6-463f-b103-422f42a15446,Tn,minimum,C,1850-10-19,1892-3-11,"Observer=Revenue House (1850-1892) | Instrument=North Wall ScreenLocation=Knightstwon, Valentia Island | Note=Max temp to PRECEDING day until Feb 1912 | QC software=dataresqc v1.1.1"
Valentia,Valentia | Valentia Island | Dairbhre,WRDv2-2_Valentia_18610301-18750331_p_subdaily.tsv,DWRUK_VALENTIA,Valentia Observatory,51.938331,-10.241007,18.9,DWR_UKMO,DOI 10.5281/zenodo.5940391,p,point,hPa,1861-3-1,1875-3-31,PTC=Y | PGC=N
Valentia,Valentia | Valentia Island | Dairbhre,CRU_Valentia_18610101-18921231_p_daily_qc.tsv,WMO-3953,Valentia,51.93,-10.25,14,CRU,https://sites.uea.ac.uk/cru/,p,mean,hPa,1861-1-1,1892-12-31,PGC=N | PTC=N
Valentia,Valentia | Valentia Island | Dairbhre,ILMMT_Valentia_Caherciveen_18920312-19201231_Tx_daily_qc.tsv,ILMMT-Valentia_Caherciveen,Valentia_Caherciveen,51.939,-10.244,14,"Mateus, C., Potito, A., & Curley, M. (2020). Reconstruction of a long‐term historical daily maximum and minimum air temperature network dataset for Ireland (1831‐1968). Geoscience Data Journal, 7(2), 102-115.",https://www.edepositireland.ie/entities/publication/7271837d-dbe6-463f-b103-422f42a15446,Tx,maximum,C,1892-3-12,1920-12-31,Observer=Westwood House Staff (1892-1920) | Instrument=Stevenson Screen | Location=Station moved to mainland (Caherciveen) | Note=Max temp to PRECEDING day until Feb 1912 | QC software=dataresqc v1.1.1
Valentia,Valentia | Valentia Island | Dairbhre,WRDv2-2_Valentia_18610301-18750331_ta_subdaily.tsv,DWRUK_VALENTIA,Valentia Observatory,51.938331,-10.241007,39,DWR_UKMO,DOI 10.5281/zenodo.5940391,ta,point,C,1861-3-1,1875-3-31,
Valentia,Valentia | Valentia Island | Dairbhre,WRDv2-2_Valentia_18610301-18750331_ta_barometer_subdaily.tsv,DWRUK_VALENTIA,Valentia Observatory,51.938331,-10.241007,39,DWR_UKMO,DOI 10.5281/zenodo.5940391,ta,point,C,1861-3-1,1875-3-31,
Valentia,Valentia | Valentia Island | Dairbhre,WRDv2-2_Valentia_18720114-18750331_Tn_daily_qc.tsv,DWRUK_VALENTIA,Valentia,51.938331,-10.241007,39,DWR_UKMO,DOI 10.5281/zenodo.5940391,Tn,minimum,C,1872-1-14,1875-3-31,QC software=dataresqc v1.1.1
Valentia,Valentia | Valentia Island | Dairbhre,ILMMT_Valentia_Island_18501019-18920311_Tx_daily_qc.tsv,ILMMT-Valentia_Island,Valentia_Island,51.925,-10.285,9,"Mateus, C., Potito, A., & Curley, M. (2020). Reconstruction of a long‐term historical daily maximum and minimum air temperature network dataset for Ireland (1831‐1968). Geoscience Data Journal, 7(2), 102-115.",https://www.edepositireland.ie/entities/publication/7271837d-dbe6-463f-b103-422f42a15446,Tx,maximum,C,1850-10-19,1892-3-11,"Observer=Revenue House (1850-1892) | Instrument=North Wall ScreenLocation=Knightstwon, Valentia Island | Note=Max temp to PRECEDING day until Feb 1912 | QC software=dataresqc v1.1.1"
Valentia,Valentia | Valentia Island | Dairbhre,WRDv2-2_Valentia_UK-hourly-books_18740101-18861231_p_subdaily_qc.tsv,VALENTIA,Valencia Observatory,51.9167,-10.3,7,UK-HOURLY-BOOKS,https://github.com/ed-hawkins/weather-rescue-data/tree/master/hourly_uk,p,point,hPa,1874-1-1,1886-12-31,"Transcription project led by Lisa Alexander, converted by Jiahao Gu and Ed Hawkins | QC software=dataresqc v1.1.1"
Valentia,Valentia | Valentia Island | Dairbhre,WRDv2-2_Valentia_18720114-18750331_Tx_daily_qc.tsv,DWRUK_VALENTIA,Valentia,51.938331,-10.241007,39,DWR_UKMO,DOI 10.5281/zenodo.5940391,Tx,maximum,C,1872-1-14,1875-3-31,QC software=dataresqc v1.1.1
Vardo,Vardø | Vardo | Vardøradio | Vardo Radio | MET Norway Station Vardo Radio,METNO_Vardøradio_18670701-19661231_p_subdaily.tsv,Vardø radio,Vardø radio,70.3707,31.0962,10.0,frost.met.no,DOI 10.5281/zenodo.5940391,p,point,hPa,1867-7-1,1966-12-31,PTC=Y | PGC=? | Station number SN98550
Vasilevici,Vasilevici | Vasilevo | Vasilevo Belediyesi,GHCNd_Vasilevici_18810101-20241231_ta_daily.tsv,BOM00033038,Vasilevici,52.25,29.8331,142,GHCNd,ncei.noaa.gov/products/land-based-station/global-historical-climatology-network-daily,ta,mean,C,1881-1-1,2024-12-31,QC software=dataresqc v1.1.1
Vasilevici,Vasilevici | Vasilevo | Vasilevo Belediyesi,GHCNd_Vasilevici_18810101-20090531_rr_daily.tsv,BOM00033038,VASILEVICI,52.25,29.8331,142,GHCN-D,,rr,sum,mm,1881-1-1,2009-5-31,
VelikieLuki,Velikie Luki | Welikije Luki ,GHCNd_Velikie-Luki_18810101-20190831_rr_daily.tsv,RSM00026477,VELIKIE LUKI,56.35,30.6167,97,GHCN-D,,rr,sum,mm,1881-1-1,2019-8-31,
Vendome,Vendome | Vendôme,MeteoFrance_Vendome_18510101-18591031_p_subdaily.tsv,VENDOME_BG1,VENDOME_BG1,47.7933,1.0667,82.0,Meteo-France,DOI 10.5281/zenodo.5940391,p,point,hPa,1851-1-1,1859-10-31,PTC=? | PGC=? | MF Station number 41269002 | Department 41
Vendome,Vendome | Vendôme,MeteoFrance_Vendome_18560701-18761130_p_subdaily.tsv,VENDOME,VENDOME,47.8267,1.0543,115.0,Meteo-France,DOI 10.5281/zenodo.5940391,p,point,hPa,1856-7-1,1876-11-30,PTC=? | PGC=? | MF Station number 41269001 | Department 41
Venice,Venice | Venezia | Venedig | Venesia,Camuffo_Venezia_17510101-17691231_ta_noon_qc.tsv,Venezia,Venice,45.44,12.33,1,"Camuffo, D., della Valle, A., & Becherini, F. (2025). Temperature and Pressure Observations by Tommaso Temanza from 1751 to 1769 in Venice, Italy. Climate, 13(10), 217.",https://doi.org/10.3390/cli13100217,ta,point,C,1751-1-1,1769-12-31,Observer=Tommaso Temanza | PGC=N | exact location unknown | QC software=dataresqc v1.1.1
Venice,Venice | Venezia | Venedig | Venesia,Camuffo_Venezia_17510101-17590430_p_noon_qc.tsv,Venezia,Venice,45.44,12.33,1,"Camuffo, D., della Valle, A., & Becherini, F. (2025). Temperature and Pressure Observations by Tommaso Temanza from 1751 to 1769 in Venice, Italy. Climate, 13(10), 217.",https://doi.org/10.3390/cli13100217,p,point,hPa,1751-1-1,1759-4-30,"Observer=Tommaso Temanza | Instrumet=Amontons thermometer (1751-1759), Réaumur thermometer (1761-1769) | exact location unknown | QC software=dataresqc v1.1.1"
Ventspils,Ventspils | Windau | Vǟnta,GHCNd_Ventspils_18810101-19990331_rr_daily.tsv,LG000026314,VENTSPILS,57.4,21.533,3,GHCN-D,,rr,sum,mm,1881-1-1,1999-3-31,
Verdun,Verdun | Wirten | Virten | Verden | Verden an der Maas | Verdun-sur-Meuse,MeteoFrance_Verdun_18641201-18691130_p_subdaily.tsv,VERDUN,VERDUN,49.1633,5.3917,225.0,Meteo-France,DOI 10.5281/zenodo.5940391,p,point,hPa,1864-12-1,1869-11-30,PTC=? | PGC=? | MF Station number 55545004 | Department 55
Versailles,Versailles,MeteoFrance_Versailles_18460901-18730910_p_subdaily.tsv,VERSAILLES_BG,VERSAILLES_BG,48.8067,2.1367,137.0,Meteo-France,DOI 10.5281/zenodo.5940391,p,point,hPa,1846-9-1,1873-9-10,PTC=? | PGC=? | MF Station number 78646004 | Department 78
Versailles,Versailles,MeteoFrance_Versailles_18650801-19330409_p_subdaily.tsv,VERSAILLES_EN,VERSAILLES_EN,48.8057,2.1465,133.0,Meteo-France,DOI 10.5281/zenodo.5940391,p,point,hPa,1865-8-1,1933-4-9,PTC=? | PGC=? | MF Station number 78646007 | Department 78
Vestervig,Vestervig,GHCNd_Vestervig_18740101-20181231_rr_daily.tsv,DA000021100,VESTERVIG,56.7667,8.3167,18,GHCN-D,,rr,sum,mm,1874-1-1,2018-12-31,
Vestervig,Vestervig,CRU_Vestervig_18740101-19951231_p_daily_qc.tsv,WMO-6051,Vestervig,56.77,8.32,19,CRU,https://sites.uea.ac.uk/cru/,p,mean,hPa,1874-1-1,1995-12-31,PGC=N | PTC=N
Vevey,Vevey | Vevê | Vivis,CHIMES_Vevey_18051201-18400815_p_subdaily_qc.tsv,VD01_Vevey,Vevey,46.46015,6.84447,378,CHIMES,https://doi.org/10.5194/cp-15-1345-2019,p,point,hPa,1805-12-1,1840-8-15,Observer=Nicod-Delon | PTC=N | PGC=Y | QC software=dataresqc v1.0.3
Vevey,Vevey | Vevê | Vivis,CHIMES_Vevey_18051201-18400815_ta_subdaily_qc.tsv,VD01_Vevey,Vevey,46.46015,6.84447,378,CHIMES,https://doi.org/10.5194/cp-15-1345-2019,ta,point,C,1805-12-1,1840-8-15,Observer=Nicod-Delon | QC software=dataresqc v1.1.1
Vienna,Vienna | Viena | Wien | Wean,WeaR_Vienna_17881101-17890228_p_daily.tsv,Vienna,Vienna,48.21,16.36,160,WeaR,DOI: 10.5194/cp-18-2545-2022,p,mean,hPa,1788-11-1,1789-2-28,Observer=G.E.Kletten | PGC=Y | PTC=N/Unknown
Vienna,Vienna | Viena | Wien | Wean,PALAEO-RA_Vienna_17090321-17170420_ta_subdaily.tsv,Europe_Vienna_1,Vienna,48.208174,16.373819,198,PALAEO-RA,,ta,point,unknown,1709-3-21,1717-4-20,Observer=Beintema van Peima
Vienna,Vienna | Viena | Wien | Wean,CAP9WT_Vienna_18150101-20231230_p_daily.tsv,WIE,Vienna,48.249,16.356,198,"Pfister, L., Wilhelm, L., Brugnara, Y., Imfeld, N., & Brönnimann, S. (2024). Weather type reconstruction using machine learning approaches. EGUsphere, 2024, 1-33.",https://doi.org/10.5194/wcd-6-571-2025,p,mean,hPa,1815-1-1,2023-12-30,PTC=Y | PGC=Y | homogenized=Y | gap_filled=Y | QC=Y
Vienna,Vienna | Viena | Wien | Wean,WeaR_Vienna_17881101-17890228_ta_daily.tsv,Vienna,Vienna,48.21,16.36,160,WeaR,DOI: 10.5194/cp-18-2545-2022,ta,mean,C,1788-11-1,1789-2-28,Observer=G.E.Kletten
Vienna,Vienna | Viena | Wien | Wean,PALAEO-RA_Vienna_17090321-17170320_p_daily_qc.tsv,Europe_Vienna_1,Vienna,48.208174,16.373819,198,PALAEO-RA,,p,point,hPa,1709-3-21,1717-3-20,Observer=Beintema van Peima | PTC=N | PGC=Y | QC software=dataresqc v1.1.1
Vienna,Vienna | Viena | Wien | Wean,ECAD_Vienna_HoheWarte_18550201-20240331_ta_daily.tsv,TG_SOUID_235424,WienHoheWarte,48.248056,16.355833,198,ECA&D,knmi-ecad-assets-prd.s3.amazonaws.com/download/ECA_nonblend_tg.zip,ta,mean,C,1855-2-1,2024-3-31,Mean temperature calculated as average of TN and TX | QC software=dataresqc v1.1.1
Vilnius,Vilnius | Vilna | Wilno | Wilna,GHCNd_Vilnius_18810101-19990831_rr_daily.tsv,LH000026730,VILNIUS,54.6331,25.1,156,GHCN-D,,rr,sum,mm,1881-1-1,1999-8-31,
Vilnius,Vilnius | Vilna | Wilno | Wilna,CRU_Wilna_18670101-19901231_p_daily_qc.tsv,WMO-26730,Wilna,54.68,25.3,156,CRU,https://sites.uea.ac.uk/cru/,p,mean,hPa,1867-1-1,1990-12-31,PGC=N | PTC=N
Vilnius,Vilnius | Vilna | Wilno | Wilna,Przybylak_Vilnius_17770116-18830228_ta_daily_qc.tsv,Vilnius,Przybylak_Vilnius,54.69,25.28,104,"Wahlen E., 1887, Wahre Tagesmittel und Tagliche Variation der Temperatur, an 18 Stationen des Russischen Reiches, Dritter Supplementband zum Repertorium für Meteorologie, Kaiserliche Academie der Wissenschaften, St. Petersburg.",,ta,day,C,1777-1-16,1883-2-28,coords=approx | QC software=dataresqc v1.1.1
Visby,Wisby | Visby,WRDv2-2_Visby_18730506-18750331_ta_barometer_subdaily.tsv,DWRUK_WISBY,Wisby,57.63341,18.283333,23,DWR_UKMO,DOI 10.5281/zenodo.5940391,ta,point,C,1873-5-6,1875-3-31,alias=Visby
Visby,Wisby | Visby,WRDv2-2_Visby_18730506-18750331_ta_subdaily.tsv,DWRUK_WISBY,Wisby,57.63341,18.283333,23,DWR_UKMO,DOI 10.5281/zenodo.5940391,ta,point,C,1873-5-6,1875-3-31,alias=Visby
Visby,Wisby | Visby,WRDv2-2_Visby_18730506-18750331_p_subdaily.tsv,DWRUK_WISBY,Wisby,57.63341,18.283333,23,DWR_UKMO,DOI 10.5281/zenodo.5940391,p,point,hPa,1873-5-6,1875-3-31,PTC=? | PGC=? | alias=Visby
Visby,Wisby | Visby,CRU_Visby_18600101-20021231_p_daily_qc.tsv,WMO-2591,Visby,57.63,18.28,47,CRU,https://sites.uea.ac.uk/cru/,p,mean,hPa,1860-1-1,2002-12-31,PGC=N | PTC=N
Vladikavkaz,Vladikavkaz | Ordzhonikidze | Dzaudzhikau | Buro | Wladikawkas,GHCNd_Vladikavkaz_18810101-20171231_rr_daily.tsv,RSM00037228,VLADIKAVKAZ,43.05,44.65,668,GHCN-D,,rr,sum,mm,1881-1-1,2017-12-31,
Vlissingen,Vlissingen | Vissingen | Vlissienge,KNMI_Vlissingen_17680101-17731231_ta_subdaily_qc.tsv,KNMI-54_Vlissingen,Vlissingen,51.453667,3.570912,1,KNMI,https://www.knmi.nl/nederland-nu/klimatologie/daggegevens/antieke-waarnemingen,ta,point,C,1768-1-1,1773-12-31,QC software=dataresqc v1.1.1
Vlissingen,Vlissingen | Vissingen | Vlissienge,KNMI_Vlissingen2_18541202-19051231_dd_subdaily_qc.tsv,KNMI-54_Vlissingen,Vlissingen2,52.453667,4.570913,1,KNMI,https://www.knmi.nl/nederland-nu/klimatologie/daggegevens/antieke-waarnemingen,dd,point,degree,1854-12-2,1905-12-31,QC software=dataresqc v1.1.1
Vlissingen,Vlissingen | Vissingen | Vlissienge,KNMI_Vlissingen2_18541201-19031231_p_subdaily_qc.tsv,KNMI-54_Vlissingen,Vlissingen2,52.453667,4.570913,1,KNMI,https://www.knmi.nl/nederland-nu/klimatologie/daggegevens/antieke-waarnemingen,p,point,hPa,1854-12-1,1903-12-31,PTC=Y | PGC=Y | QC software=dataresqc v1.1.1
Vlissingen,Vlissingen | Vissingen | Vlissienge,KNMI_Vlissingen2_18541201-19051231_rh_subdaily_qc.tsv,KNMI-54_Vlissingen,Vlissingen2,52.453667,4.570913,1,KNMI,https://www.knmi.nl/nederland-nu/klimatologie/daggegevens/antieke-waarnemingen,rh,point,%,1854-12-1,1905-12-31,QC software=dataresqc v1.1.1
Vlissingen,Vlissingen | Vissingen | Vlissienge,KNMI_Vlissingen_17680101-17731231_dd_subdaily_qc.tsv,KNMI-54_Vlissingen,Vlissingen,51.453667,3.570912,1,KNMI,https://www.knmi.nl/nederland-nu/klimatologie/daggegevens/antieke-waarnemingen,dd,point,degree,1768-1-1,1773-12-31,QC software=dataresqc v1.1.1
Vlissingen,Vlissingen | Vissingen | Vlissienge,KNMI_Vlissingen2_18541201-19051231_ta_subdaily_qc.tsv,KNMI-54_Vlissingen,Vlissingen2,52.453667,4.570913,1,KNMI,https://www.knmi.nl/nederland-nu/klimatologie/daggegevens/antieke-waarnemingen,ta,point,C,1854-12-1,1905-12-31,QC software=dataresqc v1.1.1
Vlissingen,Vlissingen | Vissingen | Vlissienge,KNMI_Vlissingen2_18550114-19051231_rr_subdaily.tsv,KNMI-54_Vlissingen,Vlissingen2,52.453667,4.570913,1,KNMI,https://www.knmi.nl/nederland-nu/klimatologie/daggegevens/antieke-waarnemingen,rr,point,mm,1855-1-14,1905-12-31,QC software=dataresqc v1.1.1
Vlissingen,Vlissingen | Vissingen | Vlissienge,KNMI_Vlissingen_17680101-17731231_p_subdaily_qc.tsv,KNMI-54_Vlissingen,Vlissingen,51.453667,3.570912,1,KNMI,https://www.knmi.nl/nederland-nu/klimatologie/daggegevens/antieke-waarnemingen,p,point,hPa,1768-1-1,1773-12-31,PTC=Y | PGC=Y | QC software=dataresqc v1.1.1
Vytegra,Vytegra | Wytegra,GHCNd_Vytegra_18810101-20180630_rr_daily.tsv,RSM00022837,VYTEGRA,61.0167,36.45,55,GHCN-D,,rr,sum,mm,1881-1-1,2018-6-30,
Waldenburg,Waldenburg | Wolbeg | Wolberg | Waldebug | Waldeburg,PALAEO-RA_Waldenburg_17760101-17900831_p_subdaily_qc.tsv,GCOS_Waldenburg,Waldenburg,47.385911,7.748753,500,PALAEO-RA,,p,point,hPa,1776-1-1,1790-8-31,approximate coordinates | obs.times=unknown | PGC=Y | PTC=N | QC software=dataresqc v1.1.1
Waldenburg,Waldenburg | Wolbeg | Wolberg | Waldebug | Waldeburg,PALAEO-RA_Waldenburg_17760101-17900831_ta_subdaily_qc.tsv,GCOS_Waldenburg,Waldenburg,47.385911,7.748753,500,PALAEO-RA,,ta,point,C,1776-1-1,1790-8-31,approximate coordinates | obs.times=unknown | Instrument=Micheli du Crest thermometer | conversion=(orig-12)/4 | QC software=dataresqc v1.1.1
Wangerooge,Wangerooge | Wangeroog | Wangeróoch,GHCNd_Wangerooge_18850601-20190531_rr_daily.tsv,GME00129874,WANGEROOGE,53.7883,7.9075,3,GHCN-D,,rr,sum,mm,1885-6-1,2019-5-31,
Waren,Waren | Waren-Muritz | Waren-Müritz | Waren an der Müritz,DWD_Waren-Muritz_18890701-19230802_p_subdaily.tsv,Waren-Muritz,Waren-Muritz,53.5212,12.6816,67.0,DWD,DOI 10.5281/zenodo.5940391,p,point,hPa,1889-7-1,1923-8-2,"PTC=? | PGC=? | DWD Station number 05349 | Coords=(53.5212,12.6816,67.0m,18890701-18941121); (53.5146,12.6985,74.0m,18941122-19230802)"
Warsaw,Warsaw | Warszawa,PALAEO-RA_Warsaw_17250101-17281231_dd_daily_qc.tsv,Warsaw,Warsaw,52.229676,21.012229,124,PALAEO-RA,,dd,point,degree,1725-1-1,1728-12-31,QC software=dataresqc v1.1.1
Warsaw,Warsaw | Warszawa,PALAEO-RA_Warsaw_17250101-17281231_p_daily_qc.tsv,Europe_Warsaw,Warsaw,52.229676,21.012229,124,PALAEO-RA,,p,point,hPa,1725-1-1,1728-12-31,Observer=Erndtel | PTC=N | PGC=Y | QC software=dataresqc v1.1.1
Warsaw,Warsaw | Warszawa,Przybylak_Warsaw_17600701-18821231_ta_daily_qc.tsv,Warsaw,Przybylak_Warsaw,52.23,21.0,124,"Wahlen E., 1887, Wahre Tagesmittel und Tagliche Variation der Temperatur, an 18 Stationen des Russischen Reiches, Dritter Supplementband zum Repertorium für Meteorologie, Kaiserliche Academie der Wissenschaften, St. Petersburg.",,ta,day,C,1760-7-1,1882-12-31,QC software=dataresqc v1.1.1
Weissenburg,Weissenburg | Weißenburg in Bayern | Weißenburg i.Bay. | Weißenburg im Nordgau | Weißenburg am Sand | Weissenburg-Emetzheim,DWD_Weissenburg_18790101-19200929_p_subdaily.tsv,Weissenburg-Emetzheim,Weissenburg-Emetzheim,49.029,10.9741,422.6,DWD,DOI 10.5281/zenodo.5940391,p,point,hPa,1879-1-1,1920-9-29,PTC=? | PGC=? | DWD Station number 05440
Weissenstein,Weissenstein,CHIMES_Weissenstein_18280901-18310430_p_subdaily_qc.tsv,SO02_Weissenstein,Weissenstein,47.25193,7.50909,1282,CHIMES,https://doi.org/10.5194/cp-15-1345-2019,p,point,hPa,1828-9-1,1831-4-30,Observer=Zschokke | PTC=Y | PGC=Y | QC software=dataresqc v1.0.3
Weissenstein,Weissenstein,CHIMES_Weissenstein_18280901-18310430_ta_subdaily_qc.tsv,SO02_Weissenstein,Weissenstein,47.25193,7.50909,1282,CHIMES,https://doi.org/10.5194/cp-15-1345-2019,ta,point,C,1828-9-1,1831-4-30,Observer=Zschokke | QC software=dataresqc v1.0.3
Wertheim,Wertheim | Wertheim-Eichel | Wärde,DWD_Wertheim_18681020-19641231_p_subdaily.tsv,Wertheim-Eichel,Wertheim-Eichel,49.7606,9.5125,146.0,DWD,DOI 10.5281/zenodo.5940391,p,point,hPa,1868-10-20,1964-12-31,PTC=? | PGC=? | DWD Station number 05498
West-Terschelling,West-Terschelling,GHCNd_West-Terschelling_18760101-20190630_rr_daily.tsv,NLE00100496,WEST TERSCHELLING,53.3667,5.2167,7,GHCN-D,,rr,sum,mm,1876-1-1,2019-6-30,
Weymouth,Weymouth,WRDv2-2_Weymouth_18620725-18681231_ta_subdaily.tsv,DWRUK_WEYMOUTH,Weymouth,50.61,-2.45,36,DWR_UKMO,DOI 10.5281/zenodo.5940391,ta,point,C,1862-7-25,1868-12-31,
Weymouth,Weymouth,WRDv2-2_Weymouth_18620725-18631231_ta_barometer_subdaily.tsv,DWRUK_WEYMOUTH,Weymouth,50.61,-2.45,36,DWR_UKMO,DOI 10.5281/zenodo.5940391,ta,point,C,1862-7-25,1863-12-31,
Weymouth,Weymouth,WRDv2-2_Weymouth_18620725-18681231_rr_daily.tsv,DWRUK_WEYMOUTH,Weymouth,50.61,-2.45,36,DWR_UKMO,DOI 10.5281/zenodo.5940391,rr,sum,mm,1862-7-25,1868-12-31,
Weymouth,Weymouth,WRDv2-2_Weymouth_18620725-18681231_p_subdaily.tsv,DWRUK_WEYMOUTH,Weymouth,50.61,-2.45,36,DWR_UKMO,DOI 10.5281/zenodo.5940391,p,point,hPa,1862-7-25,1868-12-31,PTC=Y | PGC=N
Wick,Wick | Inbhir Ùige | Week,WRDv2-2_Wick_18700101-18750331_ta_subdaily.tsv,DWRUK_WICK,Wick,58.442519,-3.090779,33,DWR_UKMO,DOI 10.5281/zenodo.5940391,ta,point,C,1870-1-1,1875-3-31,"Coords=(58.442,-3.094,33m,18700101-18720626); (58.442519,-3.090779,33m,18720627-18750331)"
Wick,Wick | Inbhir Ùige | Week,WRDv2-2_Wick_18720114-18750331_Tn_daily.tsv,DWRUK_WICK,Wick,58.442519,-3.090779,33,DWR_UKMO,DOI 10.5281/zenodo.5940391,Tn,minimum,C,1872-1-14,1875-3-31,"Coords=(58.442,-3.094,33m,18720114-18720626); (58.442519,-3.090779,33m,18720627-18750331)"
Wick,Wick | Inbhir Ùige | Week,WRDv2-2_Wick_18720114-18750331_Tx_daily.tsv,DWRUK_WICK,Wick,58.442519,-3.090779,33,DWR_UKMO,DOI 10.5281/zenodo.5940391,Tx,maximum,C,1872-1-14,1875-3-31,"Coords=(58.442,-3.094,33m,18720114-18720626); (58.442519,-3.090779,33m,18720627-18750331)"
Wick,Wick | Inbhir Ùige | Week,WRDv2-2_Wick_18700101-18750331_p_subdaily.tsv,DWRUK_WICK,Wick,58.442519,-3.090779,8.2,DWR_UKMO,DOI 10.5281/zenodo.5940391,p,point,hPa,1870-1-1,1875-3-31,"PTC=Y | PGC=N | Coords=(58.442,-3.094,33m,18700101-18720608); (58.442519,-3.090779,8.2m,18720627-18750331)"
Wick,Wick | Inbhir Ùige | Week,WRDv2-2_Wick_18700101-18750331_rr_daily.tsv,DWRUK_WICK,Wick,58.442519,-3.090779,24.4,DWR_UKMO,DOI 10.5281/zenodo.5940391,rr,sum,mm,1870-1-1,1875-3-31,"Coords=(58.442,-3.094,33m,18700101-18720626); (58.442519,-3.090779,24.4m,18720627-18750331)"
Wick,Wick | Inbhir Ùige | Week,WRDv2-2_Wick_18720104-18750331_ta_barometer_subdaily.tsv,DWRUK_WICK,Wick,58.442519,-3.090779,33,DWR_UKMO,DOI 10.5281/zenodo.5940391,ta,point,C,1872-1-4,1875-3-31,"Coords=(58.442,-3.094,33m,18720104-18720626); (58.442519,-3.090779,33m,18720627-18750331)"
Winterswijk,Winterswijk | Winterswik | Winterswiek | Wenters,GHCNd_Winterswijk_18800701-20190630_rr_daily.tsv,NLE00100505,WINTERSWIJK,51.9831,6.7,34,GHCN-D,,rr,sum,mm,1880-7-1,2019-6-30,
Winterthur,Winterthur | Winterthour | Vitudurum | Winti ,CHIMES_Winterthur_Unknown_18080701-18160430_p_subdaily_qc.tsv,ZH03_Winterthur_Unknown,Winterthur,47.496,8.73,470,CHIMES,https://doi.org/10.5194/cp-15-1345-2019,p,point,hPa,1808-7-1,1816-4-30,Observer=Unknown | PTC=Y | PGC=Y | QC software=dataresqc v1.0.3
Winterthur,Winterthur | Winterthour | Vitudurum | Winti ,CHIMES_Winterthur_Furrer_18571101-18670228_p_subdaily_qc.tsv,ZH03_Winterthur_Furrer,Winterthur,47.49922,8.72897,443,CHIMES,https://doi.org/10.5194/cp-15-1345-2019,p,point,hPa,1857-11-1,1867-2-28,Observer=Furrer | PTC=Y | PGC=Y | QC software=dataresqc v1.0.3
Winterthur,Winterthur | Winterthour | Vitudurum | Winti ,CHIMES_Winterthur_Furrer_18610101-18640225_Tn_daily_qc.tsv,ZH03_Winterthur_Furrer,Winterthur,47.49922,8.72897,443,CHIMES,https://doi.org/10.5194/cp-15-1345-2019,Tn,min,C,1861-1-1,1864-2-25,Observer=Furrer | QC software=dataresqc v1.1.1
Winterthur,Winterthur | Winterthour | Vitudurum | Winti ,CHIMES_Winterthur_Unknown_18080701-18160430_ta_subdaily_qc.tsv,ZH03_Winterthur_Unknown,Winterthur,47.496,8.73,470,CHIMES,https://doi.org/10.5194/cp-15-1345-2019,ta,point,C,1808-7-1,1816-4-30,Observer=Unknown | QC software=dataresqc v1.0.3
Winterthur,Winterthur | Winterthour | Vitudurum | Winti ,GCOS_Winterthur_18571101-18670227_ta_subdaily_qc.tsv,Winterthur,Winterthur,47.49922,8.72897,443,GCOS,https://doi.pangaea.de/10.1594/PANGAEA.948258,ta,point,C,1857-11-1,1867-2-27,Observer=Furrer | QC software=dataresqc v1.1.0
Winterthur,Winterthur | Winterthour | Vitudurum | Winti ,GCOS_Winterthur_18571101-18661127_dd_subdaily_qc.tsv,Winterthur,Winterthur,47.49922,8.72897,443,GCOS,https://doi.pangaea.de/10.1594/PANGAEA.948258,dd,point,degree,1857-11-1,1866-11-27,Observer=Furrer | QC software=dataresqc v1.1.1
Winterthur,Winterthur | Winterthour | Vitudurum | Winti ,CHIMES_Winterthur_Furrer_18610101-18640103_Tx_daily_qc.tsv,ZH03_Winterthur_Furrer,Winterthur,47.49922,8.72897,443,CHIMES,https://doi.org/10.5194/cp-15-1345-2019,Tx,max,C,1861-1-1,1864-1-3,Observer=Furrer | QC software=dataresqc v1.1.1
Wittenberg,Wittenberg | Lutherstadt Wittenberg,PALAEO-RA_Wittenberg_17280320-17290321_ta_subdaily.tsv,Europe_Wittenberg_1,Wittenberg,51.866667,12.8,72,PALAEO-RA,,ta,point,unknown,1728-3-20,1729-3-21,Observer=Weidler
Wittenberg,Wittenberg | Lutherstadt Wittenberg,PALAEO-RA_Wittenberg_17280320-17290321_rr_daily_qc.tsv,Europe_Wittenberg_1,Wittenberg,51.866667,12.8,72,PALAEO-RA,,rr,sum,mm,1728-3-20,1729-3-21,Observer=Weidler | QC software=dataresqc v1.1.1
Wittenberg,Wittenberg | Lutherstadt Wittenberg,PALAEO-RA_Wittenberg_17280320-17290321_dd_subdaily_qc.tsv,Europe_Wittenberg_1,Wittenberg,51.866667,12.8,72,PALAEO-RA,,dd,point,degree,1728-3-20,1729-3-21,Observer=Weidler | QC software=dataresqc v1.1.1
Wittenberg,Wittenberg | Lutherstadt Wittenberg,PALAEO-RA_Wittenberg_17280320-17290321_p_subdaily_qc.tsv,Europe_Wittenberg_1,Wittenberg,51.866667,12.8,72,PALAEO-RA,,p,point,hPa,1728-3-20,1729-3-21,Observer=Weidler | PTC=N | PGC=Y | QC software=dataresqc v1.1.1
Wittenberg,Wittenberg | Lutherstadt Wittenberg,PALAEO-RA_Wittenberg_17280320-17290321_w_subdaily.tsv,Europe_Wittenberg_1,Wittenberg,51.866667,12.8,72,PALAEO-RA,,w,point,0-4,1728-3-20,1729-3-21,Observer=Weidler
Woburn,Woburn,MIDAS_Woburn_18980901-19301231_p_subdaily.tsv,WOBURN,WOBURN,52.014,-0.596,89.0,UKMO MIDAS,DOI 10.5281/zenodo.5940391,p,point,hPa,1898-9-1,1930-12-31,PTC=Y | PGC=?
Wrixum,Wrixum Fohr | Wraksem | Wrixum | Vriksum,GHCNd_Wrixum-Fohr_18870701-20190531_rr_daily.tsv,GME00130630,WRIXUM/FOHR,54.6942,8.5281,8,GHCN-D,,rr,sum,mm,1887-7-1,2019-5-31,
Wuerzburg,Wurzburg | Wuerzburg | Würzburg | Wirzburg | Herbipolis | Wörtzburch,PALAEO-RA_Wuerzburg_17810101-17861231_p_subdaily_qc.tsv,Palatine-Society_Wuerzburg,Würzburg,49.8,9.933333,200,PALAEO-RA,,p,point,hPa,1781-1-1,1786-12-31,Observer=Egel | PGC=Y | PTC=Y | Instrument=Palatine Society | QC software=dataresqc v1.1.0
Wuerzburg,Wurzburg | Wuerzburg | Würzburg | Wirzburg | Herbipolis | Wörtzburch,PALAEO-RA_Wuerzburg_17810101-17881231_dd_subdaily_qc.tsv,Palatine-Society_Wuerzburg,Würzburg,49.8,9.933333,200,PALAEO-RA,,dd,point,degree,1781-1-1,1788-12-31,Observer=Egel | QC software=dataresqc v1.1.1
Wuerzburg,Wurzburg | Wuerzburg | Würzburg | Wirzburg | Herbipolis | Wörtzburch,PALAEO-RA_Wuerzburg_17810101-17861231_ta_subdaily_qc.tsv,Palatine-Society_Wuerzburg,Würzburg,49.8,9.933333,200,PALAEO-RA,,ta,point,C,1781-1-1,1786-12-31,Observer=Egel | Instrument=Palatine Society | QC software=dataresqc v1.1.0
Wuerzburg,Wurzburg | Wuerzburg | Würzburg | Wirzburg | Herbipolis | Wörtzburch,PALAEO-RA_Wuerzburg_17880101-17881231_ta_daily_qc.tsv,Palatine-Society_Wuerzburg,Würzburg,49.8,9.933333,200,PALAEO-RA,,ta,mean,C,1788-1-1,1788-12-31,Observer=Egel | QC software=dataresqc v1.1.1
Wuerzburg,Wurzburg | Wuerzburg | Würzburg | Wirzburg | Herbipolis | Wörtzburch,DWD_Wurzburg_18800101-19530131_p_subdaily.tsv,Wurzburg-Physikalisches-Inst,Wurzburg-Physikalisches-Inst,49.7995,9.928,175.0,DWD,DOI 10.5281/zenodo.5940391,p,point,hPa,1880-1-1,1953-1-31,PTC=? | PGC=? | DWD Station number 05707
Wuerzburg,Wurzburg | Wuerzburg | Würzburg | Wirzburg | Herbipolis | Wörtzburch,PALAEO-RA_Wuerzburg_17880101-17881231_p_daily_qc.tsv,Palatine-Society_Wuerzburg,Würzburg,49.8,9.933333,200,PALAEO-RA,,p,mean,hPa,1788-1-1,1788-12-31,Observer=Egel | PGC=Y | PTC=Y | Instrument=Palatine Society | QC software=dataresqc v1.1.1
Yalta,Yalta | Jalta,GHCNd_Yalta_18810101-19990630_rr_daily.tsv,UPM00033990,YALTA,44.483,34.167,72,GHCN-D,,rr,sum,mm,1881-1-1,1999-6-30,
Yarmouth,Yarmouth | Great Yarmouth,WRDv2-2_Yarmouth_18610301-18750331_ta_subdaily.tsv,DWRUK_YARMOUTH,Yarmouth,52.603617,1.736098,2,DWR_UKMO,DOI 10.5281/zenodo.5940391,ta,point,C,1861-3-1,1875-3-31,
Yarmouth,Yarmouth | Great Yarmouth,WRDv2-2_Yarmouth_18610301-18750331_ta_barometer_subdaily.tsv,DWRUK_YARMOUTH,Yarmouth,52.603617,1.736098,2,DWR_UKMO,DOI 10.5281/zenodo.5940391,ta,point,C,1861-3-1,1875-3-31,
Yarmouth,Yarmouth | Great Yarmouth,WRDv2-2_Yarmouth_18611219-18750331_rr_daily.tsv,DWRUK_YARMOUTH,Yarmouth,52.603617,1.736098,2.7,DWR_UKMO,DOI 10.5281/zenodo.5940391,rr,sum,mm,1861-12-19,1875-3-31,
Yarmouth,Yarmouth | Great Yarmouth,WRDv2-2_Yarmouth_18720114-18750331_Tn_daily.tsv,DWRUK_YARMOUTH,Yarmouth,52.603617,1.736098,2,DWR_UKMO,DOI 10.5281/zenodo.5940391,Tn,minimum,C,1872-1-14,1875-3-31,
Yarmouth,Yarmouth | Great Yarmouth,WRDv2-2_Yarmouth_18720114-18750331_Tx_daily.tsv,DWRUK_YARMOUTH,Yarmouth,52.603617,1.736098,2,DWR_UKMO,DOI 10.5281/zenodo.5940391,Tx,maximum,C,1872-1-14,1875-3-31,
Yarmouth,Yarmouth | Great Yarmouth,WRDv2-2_Yarmouth_18610301-18750331_p_subdaily.tsv,DWRUK_YARMOUTH,Yarmouth,52.603617,1.736098,5.5,DWR_UKMO,DOI 10.5281/zenodo.5940391,p,point,hPa,1861-3-1,1875-3-31,PTC=Y | PGC=N
Yekaterinburg,Ekaterinburg | Yekaterinburg | Sverdlovsk,GHCNd_Ekaterinburg_18810101-20190430_rr_daily.tsv,RSM00028440,EKATERINBURG,56.8331,60.6331,281,GHCN-D,,rr,sum,mm,1881-1-1,2019-4-30,
Yelatma,Elatma | Yelatma,GHCNd_Elatma_18860101-20180228_rr_daily.tsv,RSM00027648,ELATMA,54.95,41.7667,136,GHCN-D,,rr,sum,mm,1886-1-1,2018-2-28,
Yerevan,Yerevan | Erevan,GHCNd_Yerevan_18850601-20031031_ta_daily.tsv,AM000037789,Yerevan,40.2,44.5,1113,GHCNd,ncei.noaa.gov/products/land-based-station/global-historical-climatology-network-daily,ta,mean,C,1885-6-1,2003-10-31,QC software=dataresqc v1.1.1
Yerevan,Yerevan | Erevan,GHCNd_Yerevan_18850601-20050930_rr_daily.tsv,AM000037789,YEREVAN,40.2,44.5,1113,GHCN-D,,rr,sum,mm,1885-6-1,2005-9-30,
Ylitornio,Ylitornio | Övertorneå | Badje-Duortnus | Pajetuárnus,Bolzern_Ylitornio_18030508-18221231_ta_noon_qc.tsv,Ylitornio,Ylitornio,66.319266,23.67097,55,Bolzern,,ta,mean,C,1803-5-8,1822-12-31,QC software=dataresqc v1.1.1
Ylitornio,Ylitornio | Övertorneå | Badje-Duortnus | Pajetuárnus,Helama-et-al_Ylitornio_18001001-18381231_rr_daily.tsv,Ylitornio,Ylitornio,66.319266,23.67097,55,"Helama, S., Holopainen, J., Timonen, M., Ogurtsov, M. G., Lindholm, M., Meriläinen, J., Eronen, M. (2004). Comparison of living-tree and subfossil ringwidths with summer temperatures","Holopainen, J. (2006): Reconstructions of past climates from documentary and natural sources in Finland since the 18th century. Ph.D. dissertation. Publications of the Department of Geology D9, Yliopistopaino, Helsinki, 33 pp.",rr,sum,unknown,1800-10-1,1838-12-31,
Ylitornio,Ylitornio | Övertorneå | Badje-Duortnus | Pajetuárnus,Helama-et-al_Ylitornio_18001001-18381231_ta_subdaily_qc.tsv,Ylitornio,Ylitornio,66.319266,23.67097,55,"Helama, S., Holopainen, J., Timonen, M., Ogurtsov, M. G., Lindholm, M., Meriläinen, J., Eronen, M. (2004). Comparison of living-tree and subfossil ringwidths with summer temperatures","Holopainen, J. (2006): Reconstructions of past climates from documentary and natural sources in Finland since the 18th century. Ph.D. dissertation. Publications of the Department of Geology D9, Yliopistopaino, Helsinki, 33 pp.",ta,point,C,1800-10-1,1838-12-31,Observer=Johan Portin | QC software=dataresqc v1.1.1
Ylitornio,Ylitornio | Övertorneå | Badje-Duortnus | Pajetuárnus,Bolzern_Ylitornio_18070101-18071231_ta_daily_qc.tsv,Ylitornio,Ylitornio,66.319266,23.67097,55,Bolzern,,ta,mean,C,1807-1-1,1807-12-31,QC software=dataresqc v1.1.1
Ylitornio,Ylitornio | Övertorneå | Badje-Duortnus | Pajetuárnus,Helama-et-al_Ylitornio_18020103-18381231_dd_subdaily_qc.tsv,Ylitornio,Ylitornio,66.319266,23.67097,55,"Helama, S., Holopainen, J., Timonen, M., Ogurtsov, M. G., Lindholm, M., Meriläinen, J., Eronen, M. (2004). Comparison of living-tree and subfossil ringwidths with summer temperatures","Holopainen, J. (2006): Reconstructions of past climates from documentary and natural sources in Finland since the 18th century. Ph.D. dissertation. Publications of the Department of Geology D9, Yliopistopaino, Helsinki, 33 pp.",dd,point,degree,1802-1-3,1838-12-31,Observer=Johan Portin | QC software=dataresqc v1.1.1
Ylitornio,Ylitornio | Övertorneå | Badje-Duortnus | Pajetuárnus,Helama-et-al_Ylitornio_18001001-18251231_p_subdaily.tsv,Ylitornio,Ylitornio,66.319266,23.67097,55,"Helama, S., Holopainen, J., Timonen, M., Ogurtsov, M. G., Lindholm, M., Meriläinen, J., Eronen, M. (2004). Comparison of living-tree and subfossil ringwidths with summer temperatures","Holopainen, J. (2006): Reconstructions of past climates from documentary and natural sources in Finland since the 18th century. Ph.D. dissertation. Publications of the Department of Geology D9, Yliopistopaino, Helsinki, 33 pp.",p,point,unknown mercury inches,1800-10-1,1825-12-31,Observer=Johan Portin | Instrumet=unknown barometer similar to Academyof Turku
York,York,WRDv2-2_York_18720822-18750331_p_subdaily.tsv,DWRUK_YORK,York,53.96118,-1.08768,16.2,DWR_UKMO,DOI 10.5281/zenodo.5940391,p,point,hPa,1872-8-22,1875-3-31,PTC=Y | PGC=N | alias=Yorkshire Museum
York,York,WRDv2-2_York_18720822-18750331_ta_subdaily.tsv,DWRUK_YORK,York,53.96118,-1.08768,21,DWR_UKMO,DOI 10.5281/zenodo.5940391,ta,point,C,1872-8-22,1875-3-31,Alias=Yorkshire Museum | Height=1.3m
York,York,WRDv2-2_York_18720822-18750331_rr_daily.tsv,DWRUK_YORK,York,53.96118,-1.08768,16.2,DWR_UKMO,DOI 10.5281/zenodo.5940391,rr,sum,mm,1872-8-22,1875-3-31,alias=Yorkshire Museum
York,York,WRDv2-2_York_18720822-18750331_ta_barometer_subdaily.tsv,DWRUK_YORK,York,53.96118,-1.08768,21,DWR_UKMO,DOI 10.5281/zenodo.5940391,ta,point,C,1872-8-22,1875-3-31,Alias=Yorkshire Museum | Height=1.3m
York,York,WRDv2-2_York_18720822-18750331_Tx_daily.tsv,DWRUK_YORK,York,53.96118,-1.08768,21,DWR_UKMO,DOI 10.5281/zenodo.5940391,Tx,maximum,C,1872-8-22,1875-3-31,Alias=Yorkshire Museum | Height=1.4m
York,York,WRDv2-2_York_18720822-18750331_Tn_daily.tsv,DWRUK_YORK,York,53.96118,-1.08768,21,DWR_UKMO,DOI 10.5281/zenodo.5940391,Tn,minimum,C,1872-8-22,1875-3-31,Alias=Yorkshire Museum | Height=1.4m
Zafra,Zafra,EMOSSv2_Zafra_18260626-18270827_ta_subdaily_qc.tsv,BAZAFR1,Extremadura-Zafra,38.433333,-6.429167,508,"Vaquero, José Manuel; Bravo-Paredes, Nieves; Obregón, María Angeles; Sánchez-Carrasco, Víctor Manuel; Valente, Maria Antónia; Trigo, Ricardo M; Domínguez-Castro, Fernando; Montero-Martín, Javier; Vaquero-Martínez, Javier; Antón, Manuel; García, José Agustín; Gallego, María Cruz (2020): Early meteorological records from BAALAN1 (1866). PANGAEA.",https://doi.pangaea.de/10.1594/PANGAEA.925805,ta,point,C,1826-6-26,1827-8-27,QC software=dataresqc v1.1.1
Zagan,Zagan | Żagań | Sagan | Saganum,PALAEO-RA_Zagan_17810101-17921231_p_subdaily_qc.tsv,Palatine-Society_Zagan,Zagan,51.6151,15.3233,116,PALAEO-RA,,p,point,hPa,1781-1-1,1792-12-31,"Observer=Preuss | PGC=Y | PTC=Y | Instrument=Palatine Society | orig.coords=(51.37,15.19) | QC software=dataresqc v1.1.0"
Zagan,Zagan | Żagań | Sagan | Saganum,PALAEO-RA_Zagan_17810101-17921231_w_subdaily.tsv,Palatine-Society_Zagan,Zagan,51.6151,15.3233,116,PALAEO-RA,,w,point,0-4,1781-1-1,1792-12-31,"Observer=Preuss | orig.coords=(51.37,15.19)"
Zagan,Zagan | Żagań | Sagan | Saganum,PALAEO-RA_Zagan_17810101-17921231_ta_subdaily_qc.tsv,Palatine-Society_Zagan,Zagan,51.6151,15.3233,116,PALAEO-RA,,ta,point,C,1781-1-1,1792-12-31,"Observer=Preuss | Instrument=Palatine Society | orig.coords=(51.37,15.19) | QC software=dataresqc v1.1.0"
Zagan,Zagan | Żagań | Sagan | Saganum,PALAEO-RA_Zagan_17820101-17921231_fs_subdaily_qc.tsv,Palatine-Society_Zagan,Zagan,51.6151,15.3233,116,PALAEO-RA,,fs,sum,cm,1782-1-1,1792-12-31,"Observer=Preuss | orig.coords=(51.37,15.19) | QC software=dataresqc v1.1.1"
Zagan,Zagan | Żagań | Sagan | Saganum,PALAEO-RA_Zagan_17810101-17921231_dd_subdaily_qc.tsv,Palatine-Society_Zagan,Zagan,51.6151,15.3233,116,PALAEO-RA,,dd,point,degree,1781-1-1,1792-12-31,"Observer=Preuss | orig.coords=51.37,15.19 | QC software=dataresqc v1.1.1"
Zagan,Zagan | Żagań | Sagan | Saganum,PALAEO-RA_Zagan_17810101-17921231_rr_subdaily_qc.tsv,Palatine-Society_Zagan,Zagan,51.6151,15.3233,116,PALAEO-RA,,rr,sum,mm,1781-1-1,1792-12-31,"Observer=Preuss | orig.coords=(51.37,15.19) | QC software=dataresqc v1.1.1"
Zagreb,Zagreb | Grab Zagreb,CAP9WT_Zagreb_18611201-20210831_p_daily.tsv,ZAG,Zagreb,45.82,15.98,156,"Pfister, L., Wilhelm, L., Brugnara, Y., Imfeld, N., & Brönnimann, S. (2024). Weather type reconstruction using machine learning approaches. EGUsphere, 2024, 1-33.",https://doi.org/10.5194/wcd-6-571-2025,p,mean,hPa,1861-12-1,2021-8-31,PTC=Y | PGC=N | homogenized=Y | gap_filled=Y | QC=Y
Zagreb,Zagreb | Grab Zagreb,GHCNd_Zagreb-Gric_18611201-20190731_rr_daily.tsv,HR000142360,ZAGREB-GRIC,45.8167,15.9781,157,GHCN-D,,rr,sum,mm,1861-12-1,2019-7-31,
Zagreb,Zagreb | Grab Zagreb,ECAD_Zagreb_18611201-20211231_ta_daily.tsv,TG_SOUID_100060,ZagrebGric,45.816667,15.978056,157,ECA&D,knmi-ecad-assets-prd.s3.amazonaws.com/download/ECA_nonblend_tg.zip,ta,mean,C,1861-12-1,2021-12-31,"Mean temperature calculated as average of 07, 14, 21, 21 CET | QC software=dataresqc v1.1.1"
Zeitz,Zeitz | Žič,PALAEO-RA_Zeitz_Lenke_17090101-17090314_ta_daily.tsv,Lenke-Zeitz,Zeitz,43.2965,5.36978,44,"Untersuchung der ältesten Temperaturmessungen mit Hilfe des strengen Winters 1708-1709, Walter Lenke",,ta,point,C,1709-1-1,1709-3-14,coords=approx
Zemetchino,Zametchino | Zemetchino,GHCNd_Zametchino_18810101-20190831_rr_daily.tsv,RSM00027857,ZAMETCHINO,53.5,42.62,131,GHCN-D,,rr,sum,mm,1881-1-1,2019-8-31,
Zitenice,Zitenice | Žitenice | Schüttenitz,Brugnara_Zitenice_18010625-18181231_p_subdaily_qc.tsv,Zitenice,Brug_Zitenice,50.55,14.16,223,Yuri Brugnara,,p,point,hPa,1801-6-25,1818-12-31,QC software=dataresqc v1.1.1
Zitenice,Zitenice | Žitenice | Schüttenitz,Brugnara_Zitenice_17900101-18181231_ta_subdaily_qc.tsv,Zitenice,Brug_Zitenice,50.55,14.16,223,Yuri Brugnara,,ta,point,C,1790-1-1,1818-12-31,QC software=dataresqc v1.1.1
Zug,Zug | Zùùg | Zoug | Zugo | Tugium,CHIMES_Zug_18430601-18731231_ta_subdaily_qc.tsv,ZG01_Zug,Zug,47.16589,8.51537,424,CHIMES,https://doi.org/10.5194/cp-15-1345-2019,ta,point,C,1843-6-1,1873-12-31,Observer=Michael Müller? | QC software=dataresqc v1.0.3
Zurich,Zurich | Zuric | Zürich | Züri,PALAEO-RA_Zurich_Muralt_17600101-17930413_ta_subdaily_qc.tsv,GCOS_Zurich_Muralt,Zurich,47.37162,8.54398,418,PALAEO-RA,,ta,point,C,1760-1-1,1793-4-13,Observer=Muralt | QC software=dataresqc v1.1.0
Zurich,Zurich | Zuric | Zürich | Züri,PALAEO-RA_Zurich_Muralt_17600101-17930413_p_subdaily_qc.tsv,GCOS_Zurich_Muralt,Zurich,47.37162,8.54398,418,PALAEO-RA,,p,point,hPa,1760-1-1,1793-4-13,Observer=Muralt | PGC=Y | PTC=N | QC software=dataresqc v1.1.1
Zurich,Zurich | Zuric | Zürich | Züri,CHIMES_Zurich_Ulrich_18360101-18521231_ta_subdaily_qc.tsv,ZH01_Zurich_Ulrich,Zürich,47.37,8.474,420,CHIMES,https://doi.org/10.5194/cp-15-1345-2019,ta,point,C,1836-1-1,1852-12-31,Observer=Melchior Ulrich | QC software=dataresqc v1.0.3
Zurich,Zurich | Zuric | Zürich | Züri,GCOS_Zurich_Bruegger_18600701-18610331_Tn_daily_qc.tsv,Zurich_Bruegger,Zürich,47.371011,8.533664,420,GCOS,https://doi.org/10.1594/PANGAEA.948258,Tn,min,C,1860-7-1,1861-3-31,Observer=Brügger | QC software=dataresqc v1.1.1
Zurich,Zurich | Zuric | Zürich | Züri,PALAEO-RA_Zurich_Escher_18160601-18161226_rrt_subdaily.tsv,GCOS_Zurich_Escher,Zurich,47.37162,8.54398,427,PALAEO-RA,,rrt,point,coded,1816-6-1,1816-12-26,Observer=Escher
Zurich,Zurich | Zuric | Zürich | Züri,PALAEO-RA_Zurich_Muralt_17810103-17930408_rrt_subdaily.tsv,GCOS_Zurich_Muralt,Zurich,47.37162,8.54398,418,PALAEO-RA,,rrt,point,coded,1781-1-3,1793-4-8,Observer=Muralt
Zurich,Zurich | Zuric | Zürich | Züri,PALAEO-RA_Zurich_Hirzel_17700101-17861231_p_subdaily_qc.tsv,GCOS_Zurich_Hirzel,Zurich,47.37162,8.54398,418,PALAEO-RA,,p,point,hPa,1770-1-1,1786-12-31,Observer=Hirzel | PGC=Y | PTC=N | QC software=dataresqc v1.1.0
Zurich,Zurich | Zuric | Zürich | Züri,GCOS_Zurich_Weiss_18231201-18350818_ta_subdaily_qc.tsv,Zurich_Weiss,Zürich,47.36898,8.54502,425,GCOS,https://doi.pangaea.de/10.1594/PANGAEA.948258,ta,point,C,1823-12-1,1835-8-18,Observer=Weiss | Address=Haus zum Bracken | QC software=dataresqc v1.1.0
Zurich,Zurich | Zuric | Zürich | Züri,GCOS_Zurich_Hirzel_17610101-17861231_ta_subdaily_qc.tsv,Zurich_Hirzel,Zürich,47.37209,8.54034,420,GCOS,https://doi.org/10.1594/PANGAEA.948258,ta,point,C,1761-1-1,1786-12-31,Observer=Hirzel | QC software=dataresqc v1.1.0
Zurich,Zurich | Zuric | Zürich | Züri,PALAEO-RA_Zurich_Hornig_18511020-18520430_dd_subdaily_qc.tsv,GCOS_Zurich_Hornig,Zurich,47.37162,8.54398,418,PALAEO-RA,,dd,point,degree,1851-10-20,1852-4-30,Observer=Hornig | QC software=dataresqc v1.1.1
Zurich,Zurich | Zuric | Zürich | Züri,GCOS_Zurich_Scheuchzer_17080101-17301231_p_subdaily_qc.tsv,Zurich_Scheuchzer,Zürich,47.37162,8.54398,418,GCOS,,p,point,hPa,1708-1-1,1730-12-31,Observer=Johann Jakob Scheuchzer | PTC=N | PGC=Y | QC software=dataresqc v1.0.3
Zurich,Zurich | Zuric | Zürich | Züri,CHIMES_Zurich_Scheuchzer_17180101-17300630_ta_subdaily.tsv,Zürich,ZH01_Zurich_Scheuchzer,47.37162,8.54398,418,CHIMES,https://doi.org/10.5194/cp-15-1345-2019,ta,point,unknown,1718-1-1,1730-6-30,Observer=Johann Jakob Scheuchzer
Zurich,Zurich | Zuric | Zürich | Züri,PALAEO-RA_Zurich_Hornig_18511020-18520430_ta_subdaily_qc.tsv,GCOS_Zurich_Hornig,Zurich,47.37162,8.54398,418,PALAEO-RA,,ta,point,C,1851-10-20,1852-4-30,Observer=Hornig | QC software=dataresqc v1.1.1
Zurich,Zurich | Zuric | Zürich | Züri,PALAEO-RA_Zurich_Scheuchzer_17310201-17330620_p_subdaily_qc.tsv,GCOS_Zurich_Scheuchzer,Zurich,47.37162,8.54398,418,PALAEO-RA,,p,point,hPa,1731-2-1,1733-6-20,Observer=Johann Jakob Scheuchzer | PTC=N | PGC=Y | QC software=dataresqc v1.1.1
Zurich,Zurich | Zuric | Zürich | Züri,PALAEO-RA_Zurich_Feer_18070101-18271231_rh_subdaily_qc.tsv,GCOS_Zurich_Feer,Zurich,47.37162,8.54398,418,PALAEO-RA,,rh,point,%,1807-1-1,1827-12-31,Observer=Feer | QC software=dataresqc v1.1.0
Zurich,Zurich | Zuric | Zürich | Züri,PALAEO-RA_Zurich_Feer_18070101-18271224_rrt_subdaily.tsv,GCOS_Zurich_Feer,Zurich,47.37162,8.54398,418,PALAEO-RA,,rrt,point,coded,1807-1-1,1827-12-24,Observer=Feer
Zurich,Zurich | Zuric | Zürich | Züri,PALAEO-RA_Zurich_Hirzel_17950101-18020930_ta_subdaily_qc.tsv,GCOS_Zurich_Hirzel,Zurich,47.37162,8.54398,418,PALAEO-RA,,ta,point,C,1795-1-1,1802-9-30,Observer=Hirzel | QC software=dataresqc v1.1.1
Zurich,Zurich | Zuric | Zürich | Züri,CHIMES_Zurich_Ulrich_18360101-18521231_p_subdaily_qc.tsv,ZH01_Zurich_Ulrich,Zürich,47.37,8.474,420,CHIMES,https://doi.org/10.5194/cp-15-1345-2019,p,point,hPa,1836-1-1,1852-12-31,Observer=Melchior Ulrich | PTC=Y | PGC=Y | QC software=dataresqc v1.0.3
Zurich,Zurich | Zuric | Zürich | Züri,CHIMES_Zurich_Unknown_17610101-17610729_p_subdaily.tsv,ZH01_Zurich_Unknown,Zürich,47.37162,8.54398,418,CHIMES,https://doi.org/10.5194/cp-15-1345-2019,p,point,hPa,1761-1-1,1761-7-29,Observer=Unknown | PTC=N | PGC=Y
Zurich,Zurich | Zuric | Zürich | Züri,PALAEO-RA_Zurich_Hirzel_17700101-17861226_dd_subdaily_qc.tsv,GCOS_Zurich_Hirzel,Zurich,47.37162,8.54398,418,PALAEO-RA,,dd,point,degree,1770-1-1,1786-12-26,Observer=Hirzel | QC software=dataresqc v1.1.1
Zurich,Zurich | Zuric | Zürich | Züri,PALAEO-RA_Zurich_SNG_18300614-18320331_dd_subdaily_qc.tsv,GCOS_Zurich_SNG,Zurich,47.37162,8.54398,418,PALAEO-RA,,dd,point,degree,1830-6-14,1832-3-31,"Observer=Horner,Meyer,Paur,Nucheler | QC software=dataresqc v1.1.1"
Zurich,Zurich | Zuric | Zürich | Züri,PALAEO-RA_Zurich_Escher_18160601-18161231_ta_subdaily_qc.tsv,GCOS_Zurich_Escher,Zurich,47.37162,8.54398,427,PALAEO-RA,,ta,point,C,1816-6-1,1816-12-31,Observer=Escher | QC software=dataresqc v1.1.1
Zurich,Zurich | Zuric | Zürich | Züri,GCOS_Zurich_NGZ_18490101-18511231_ta_daily_qc.tsv,Zurich_NGZ,Zürich,47.37212,8.55008,442,GCOS,https://doi.pangaea.de/10.1594/PANGAEA.948258,ta,mean,C,1849-1-1,1851-12-31,"Obs.times=9AM,9PM | QC software=dataresqc v1.1.1"
Zurich,Zurich | Zuric | Zürich | Züri,GCOS_Zurich_Bruegger_18600701-18660414_ta_subdaily_qc.tsv,Zurich_Bruegger,Zürich,47.371011,8.533664,420,GCOS,https://doi.org/10.1594/PANGAEA.948258,ta,point,C,1860-7-1,1866-4-14,Observer=Brügger | QC software=dataresqc v1.1.0
Zurich,Zurich | Zuric | Zürich | Züri,CHIMES_Zurich_Bruegger_18600901-18630427_p_subdaily.tsv,ZH01_Zurich_Bruegger,Zürich,47.371,8.534,420,CHIMES,https://doi.org/10.5194/cp-15-1345-2019,p,point,hPa,1860-9-1,1863-4-27,Observer=Christian Gregor Brügger | PTC=Y | PGC=Y
Zurich,Zurich | Zuric | Zürich | Züri,CHIMES_Zurich_Ulrich_18360101-18481231_Tx_daily_qc.tsv,ZH01_Zurich_Ulrich,Zürich,47.37,8.474,420,CHIMES,https://doi.org/10.5194/cp-15-1345-2019,Tx,maximum,C,1836-1-1,1848-12-31,Observer=Melchior Ulrich | QC software=dataresqc v1.0.3
Zurich,Zurich | Zuric | Zürich | Züri,PALAEO-RA_Zurich_Hofmeister_18380101-18411231_dd_subdaily_qc.tsv,GCOS_Zurich_Hofmeister,Zurich,47.37162,8.54398,418,PALAEO-RA,,dd,point,degree,1838-1-1,1841-12-31,Observer=Hofmeister | QC software=dataresqc v1.1.1
Zurich,Zurich | Zuric | Zürich | Züri,PALAEO-RA_Zurich_SNG_18300614-18320331_w_subdaily.tsv,GCOS_Zurich_SNG,Zurich,47.37162,8.54398,418,PALAEO-RA,,w,point,0-3,1830-6-14,1832-3-31,"Observer=Horner,Meyer,Paur,Nucheler"
Zurich,Zurich | Zuric | Zürich | Züri,PALAEO-RA_Zurich_Hornig_18511023-18511222_Tx_subdaily_qc.tsv,GCOS_Zurich_Hornig,Zurich,47.37162,8.54398,418,PALAEO-RA,,Tx,max,C,1851-10-23,1851-12-22,Observer=Hornig | QC software=dataresqc v1.1.1
Zurich,Zurich | Zuric | Zürich | Züri,PALAEO-RA_Zurich_Horner_18120610-18350818_p_subdaily_qc.tsv,GCOS_Zurich_Horner,Zurich,47.37,8.538,410,PALAEO-RA,,p,point,hPa,1812-6-10,1835-8-18,Observer=Horner | PGC=Y | PTC=Y | Instrument=Cistern barometer | QC software=dataresqc v1.1.0
Zurich,Zurich | Zuric | Zürich | Züri,GCOS_Zurich_Unknown_17610101-17610728_ta_subdaily_qc.tsv,Zurich_Unknown,Zürich,47.374,8.541,425,GCOS,https://doi.pangaea.de/10.1594/PANGAEA.948258,ta,point,C,1761-1-1,1761-7-28,QC software=dataresqc v1.1.1
Zurich,Zurich | Zuric | Zürich | Züri,CHIMES_Zurich_Scheuchzer_17080101-17300630_rr_subdaily_qc.tsv,ZH01_Zurich_Scheuchzer,Zürich,47.37162,8.54398,418,CHIMES,https://doi.org/10.5194/cp-15-1345-2019,rr,sum,mm,1708-1-1,1730-6-30,Observer=Johann Jakob Scheuchzer | QC software=dataresqc v1.1.1
Zurich,Zurich | Zuric | Zürich | Züri,CAP9WT_Zurich_SMA_17630101-20201231_p_daily.tsv,SMA,Zurich,47.738,8.566,555,"Pfister, L., Wilhelm, L., Brugnara, Y., Imfeld, N., & Brönnimann, S. (2024). Weather type reconstruction using machine learning approaches. EGUsphere, 2024, 1-33.",https://doi.org/10.5194/wcd-6-571-2025,p,mean,hPa,1763-1-1,2020-12-31,PTC=Y | PGC=N | homogenized=Y | gap_filled=Y | QC=Y
Zurich,Zurich | Zuric | Zürich | Züri,GCOS_Zurich_Bruegger_18600701-18610331_Tx_daily_qc.tsv,Zurich_Bruegger,Zürich,47.371011,8.533664,420,GCOS,https://doi.org/10.1594/PANGAEA.948258,Tx,max,C,1860-7-1,1861-3-31,Observer=Brügger | QC software=dataresqc v1.1.1
Zurich,Zurich | Zuric | Zürich | Züri,PALAEO-RA_Zurich_Feer_18070113-18271231_dd_subdaily_qc.tsv,GCOS_Zurich_Feer,Zurich,47.37162,8.54398,418,PALAEO-RA,,dd,point,degree,1807-1-13,1827-12-31,Observer=Feer | QC software=dataresqc v1.1.1
Zurich,Zurich | Zuric | Zürich | Züri,PALAEO-RA_Zurich_Horner_18170301-18330809_dd_subdaily_qc.tsv,GCOS_Zurich_Horner,Zurich,47.37,8.538,410,PALAEO-RA,,dd,point,degree,1817-3-1,1833-8-9,Observer=Horner | QC software=dataresqc v1.1.1
Zurich,Zurich | Zuric | Zürich | Züri,PALAEO-RA_Zurich_SNG_18300614-18320331_ta_subdaily_qc.tsv,GCOS_Zurich_SNG,Zurich,47.37162,8.54398,418,PALAEO-RA,,ta,point,C,1830-6-14,1832-3-31,"Observer=Horner,Meyer,Paur,Nucheler | QC software=dataresqc v1.1.1"
Zurich,Zurich | Zuric | Zürich | Züri,PALAEO-RA_Zurich_SNG_18300614-18320331_p_subdaily_qc.tsv,GCOS_Zurich_SNG,Zurich,47.37162,8.54398,418,PALAEO-RA,,p,point,hPa,1830-6-14,1832-3-31,"Observer=Horner,Meyer,Paur,Nucheler | PGC=Y | PTC=Y | QC software=dataresqc v1.1.1"
Zurich,Zurich | Zuric | Zürich | Züri,PALAEO-RA_Zurich_Escher_18160601-18161231_p_subdaily_qc.tsv,GCOS_Zurich_Escher,Zurich,47.37162,8.54398,427,PALAEO-RA,,p,point,hPa,1816-6-1,1816-12-31,Observer=Escher | PGC=Y | PTC=Y | QC software=dataresqc v1.1.1
Zurich,Zurich | Zuric | Zürich | Züri,PALAEO-RA_Zurich_Escher_18160601-18161231_dd_subdaily_qc.tsv,GCOS_Zurich_Escher,Zurich,47.37162,8.54398,427,PALAEO-RA,,dd,point,degree,1816-6-1,1816-12-31,Observer=Escher | QC software=dataresqc v1.1.1
Zurich,Zurich | Zuric | Zürich | Züri,PALAEO-RA_Zurich_Horner_18320611-18341108_ta_barometer_subdaily_qc.tsv,GCOS_Zurich_Horner,Zurich,47.37,8.538,410,PALAEO-RA,,ta,point,C,1832-6-11,1834-11-8,Observer=Horner | QC software=dataresqc v1.1.1
Zurich,Zurich | Zuric | Zürich | Züri,PALAEO-RA_Zurich_Horner_18120204-18350818_ta_subdaily_qc.tsv,GCOS_Zurich_Horner,Zurich,47.37,8.538,410,PALAEO-RA,,ta,point,C,1812-2-4,1835-8-18,Observer=Horner | QC software=dataresqc v1.1.0
Zurich,Zurich | Zuric | Zürich | Züri,PALAEO-RA_Zurich_SNG_18300620-18320331_rh_subdaily_qc.tsv,GCOS_Zurich_SNG,Zurich,47.37162,8.54398,418,PALAEO-RA,,rh,point,%,1830-6-20,1832-3-31,"Observer=Horner,Meyer,Paur,Nucheler | QC software=dataresqc v1.1.1"
Zurich,Zurich | Zuric | Zürich | Züri,PALAEO-RA_Zurich_Horner_18250626-18311102_rh_subdaily_qc.tsv,GCOS_Zurich_Horner,Zurich,47.37,8.538,410,PALAEO-RA,,rh,point,%,1825-6-26,1831-11-2,Observer=Horner | QC software=dataresqc v1.1.1
Zurich,Zurich | Zuric | Zürich | Züri,CHIMES_Zurich_Ott_17560713-17691006_p_subdaily_qc.tsv,ZH01_Zurich_Ott,Zürich,47.399,8.531,470,CHIMES,https://doi.org/10.5194/cp-15-1345-2019,p,point,hPa,1756-7-13,1769-10-6,Observer=Johann Jakob Ott | PTC=N | PGC=Y | QC software=dataresqc v1.1.1
Zurich,Zurich | Zuric | Zürich | Züri,PALAEO-RA_Zurich_Hofmeister_18340910-18411231_ta_subdaily_qc.tsv,GCOS_Zurich_Hofmeister,Zurich,47.37162,8.54398,418,PALAEO-RA,,ta,point,C,1834-9-10,1841-12-31,Observer=Hofmeister | QC software=dataresqc v1.1.0
Zurich,Zurich | Zuric | Zürich | Züri,CHIMES_Zurich_Scheuchzer_17180101-17281231_dd_subdaily_qc.tsv,Zürich,ZH01_Zurich_Scheuchzer,47.37162,8.54398,418,CHIMES,https://doi.org/10.5194/cp-15-1345-2019,dd,point,degree,1718-1-1,1728-12-31,Observer=Johann Jakob Scheuchzer | QC software=dataresqc v1.1.1
Zurich,Zurich | Zuric | Zürich | Züri,PALAEO-RA_Zurich_SNG_18300615-18320330_rrt_subdaily.tsv,GCOS_Zurich_SNG,Zurich,47.37162,8.54398,418,PALAEO-RA,,rrt,point,coded,1830-6-15,1832-3-30,"Observer=Horner,Meyer,Paur,Nucheler"
Zurich,Zurich | Zuric | Zürich | Züri,PALAEO-RA_Zurich_Weiss_18231201-18240625_dd_subdaily_qc.tsv,GCOS_Zurich_Weiss,Zurich,47.37162,8.54398,418,PALAEO-RA,,dd,point,degree,1823-12-1,1824-6-25,Observer=Weiss | QC software=dataresqc v1.1.1
Zurich,Zurich | Zuric | Zürich | Züri,PALAEO-RA_Zurich_Horner_18270102-18311224_rrt_subdaily.tsv,GCOS_Zurich_Horner,Zurich,47.37,8.538,410,PALAEO-RA,,rrt,point,coded,1827-1-2,1831-12-24,Observer=Horner
Zurich,Zurich | Zuric | Zürich | Züri,PALAEO-RA_Zurich_Hornig_18511024-18520430_Tn_subdaily_qc.tsv,GCOS_Zurich_Hornig,Zurich,47.37162,8.54398,418,PALAEO-RA,,Tn,min,C,1851-10-24,1852-4-30,Observer=Hornig | QC software=dataresqc v1.1.1
Zurich,Zurich | Zuric | Zürich | Züri,PALAEO-RA_Zurich_Feer_18070101-18271231_p_subdaily_qc.tsv,GCOS_Zurich_Feer,Zurich,47.37162,8.54398,418,PALAEO-RA,,p,point,hPa,1807-1-1,1827-12-31,Observer=Feer | PGC=Y | PTC=Y | QC software=dataresqc v1.1.0
Zurich,Zurich | Zuric | Zürich | Züri,PALAEO-RA_Zurich_Weiss_18231203-18240627_rrt_subdaily.tsv,GCOS_Zurich_Weiss,Zurich,47.37162,8.54398,418,PALAEO-RA,,rrt,point,coded,1823-12-3,1824-6-27,Observer=Weiss
Zurich,Zurich | Zuric | Zürich | Züri,PALAEO-RA_Zurich_Muralt_17600101-17930413_dd_subdaily_qc.tsv,GCOS_Zurich_Muralt,Zurich,47.37162,8.54398,418,PALAEO-RA,,dd,point,degree,1760-1-1,1793-4-13,Observer=Muralt | QC software=dataresqc v1.1.1
Zurich,Zurich | Zuric | Zürich | Züri,PALAEO-RA_Zurich_Horner_18270102-18311231_w_subdaily.tsv,GCOS_Zurich_Horner,Zurich,47.37,8.538,410,PALAEO-RA,,w,point,0-3,1827-1-2,1831-12-31,Observer=Horner
Zurich,Zurich | Zuric | Zürich | Züri,PALAEO-RA_Zurich_Escher_18160601-18161231_rh_subdaily_qc.tsv,GCOS_Zurich_Escher,Zurich,47.37162,8.54398,427,PALAEO-RA,,rh,point,%,1816-6-1,1816-12-31,Observer=Escher | QC software=dataresqc v1.1.1
Zurich,Zurich | Zuric | Zürich | Züri,PALAEO-RA_Zurich_Feer_18070101-18271231_ta_subdaily_qc.tsv,GCOS_Zurich_Feer,Zurich,47.37162,8.54398,418,PALAEO-RA,,ta,point,C,1807-1-1,1827-12-31,Observer=Feer | QC software=dataresqc v1.1.0
Zurich,Zurich | Zuric | Zürich | Züri,PALAEO-RA_Zurich_Meyer_17610601-17621231_ta_subdaily_qc.tsv,GCOS_Zurich_Meyer,Zurich,47.37162,8.54398,418,PALAEO-RA,,ta,point,C,1761-6-1,1762-12-31,Observer=Meyer | QC software=dataresqc v1.1.0
Zurich,Zurich | Zuric | Zürich | Züri,CHIMES_Zurich_Ulrich_18360101-18521231_Tn_daily_qc.tsv,ZH01_Zurich_Ulrich,Zürich,47.37,8.474,420,CHIMES,https://doi.org/10.5194/cp-15-1345-2019,Tn,minimum,C,1836-1-1,1852-12-31,Observer=Melchior Ulrich | QC software=dataresqc v1.0.3S
Zurich,Zurich | Zuric | Zürich | Züri,GCOS_Zurich_Meyer_17590601-17641231_ta_daily_qc.tsv,Zurich_Meyer,Zürich,47.37396,8.5451,415,GCOS,https://doi.pangaea.de/10.1594/PANGAEA.948258,ta,mean,C,1759-6-1,1764-12-31,Observer=Meyer | QC software=dataresqc v1.1.1
Zurich,Zurich | Zuric | Zürich | Züri,CHIMES_Zurich_Meyer_17590601-17650331_p_daily_qc.tsv,ZH01_Zurich_Meyer,Zürich,47.37629,8.55051,456,CHIMES,https://doi.org/10.5194/cp-15-1345-2019,p,mean,hPa,1759-6-1,1765-3-31,Observer=Johann Conrad Meyer | PTC=N | PGC=Y | QC software=dataresqc v1.1.1
Zurich,Zurich | Zuric | Zürich | Züri,PALAEO-RA_Zurich_Hofmeister_18340910-18411231_p_subdaily_qc.tsv,GCOS_Zurich_Hofmeister,Zurich,47.37162,8.54398,418,PALAEO-RA,,p,point,hPa,1834-9-10,1841-12-31,Observer=Hofmeister | PGC=Y | PTC=Y | QC software=dataresqc v1.1.0
Zurich,Zurich | Zuric | Zürich | Züri,GCOS_Zurich_Weiss_18231201-18350818_p_subdaily_qc.tsv,Zurich_Weiss,Zürich,47.36898,8.54502,425,GCOS,https://doi.pangaea.de/10.1594/PANGAEA.948258,p,point,hPa,1823-12-1,1835-8-18,Observer=Weiss | Address=Haus zum Bracken | PGC=Y | PTC=Y | QC software=dataresqc v1.1.0
Zurich,Zurich | Zuric | Zürich | Züri,PALAEO-RA_Zurich_Meyer_17610601-17621231_p_subdaily_qc.tsv,GCOS_Zurich_Meyer,Zurich,47.37162,8.54398,418,PALAEO-RA,,p,point,hPa,1761-6-1,1762-12-31,Observer=Meyer | PGC=Y | PTC=N | QC software=dataresqc v1.1.1
Zurich,Zurich | Zuric | Zürich | Züri,CHIMES_Zurich_Ulrich_18360101-18521231_rr_daily.tsv,ZH01_Zurich_Ulrich,Zürich,47.37,8.474,420,CHIMES,https://doi.org/10.5194/cp-15-1345-2019,rr,sum,mm,1836-1-1,1852-12-31,Observer=Melchior Ulrich
Zurich,Zurich | Zuric | Zürich | Züri,GCOS_Zurich_Ott_17560713-17690620_ta_subdaily_qc.tsv,Zurich_Ott,Zürich,47.39558,8.53264,460,GCOS,https://doi.pangaea.de/10.1594/PANGAEA.948258,ta,point,C,1756-7-13,1769-6-20,Observer=Ott | QC software=dataresqc v1.1.0
Zurich,Zurich | Zuric | Zürich | Züri,PALAEO-RA_Zurich_Horner_18120204-18250724_p_bis_subdaily_qc.tsv,GCOS_Zurich_Horner,Zurich,47.37,8.538,410,PALAEO-RA,,p,point,hPa,1812-2-4,1825-7-24,Observer=Horner | PGC=Y | PTC=Y | Instrument=Travel barometer | QC software=dataresqc v1.1.0
Zurich,Zurich | Zuric | Zürich | Züri,CHIMES_Zurich_Scheuchzer_17180101-17181231_p_bis_subdaily.tsv,ZH01_Zurich_Scheuchzer,Zürich,47.37162,8.54398,418,CHIMES,https://doi.org/10.5194/cp-15-1345-2019,p,point,hPa,1718-1-1,1718-12-31,Observer=Johann Jakob Scheuchzer | PTC=N | PGC=Y
Zwanenburg,Zwanenburg,Cornes_Zwanenburg_17430101-18501231_p_subdaily_qc.tsv,1,Zwanenburg,52.383,4.75,1,"Richard C. Cornes, Theo Brandsma. The London, Paris and De Bilt sub-daily pressure series. Journal: Geoscience Data Journal, Year: 2023, doi: 10.1002/gdj3.226",https://www.knmi.nl/research/publications/the-london-paris-and-de-bilt-sub-daily-pressure-series,p,point,hPa,1743-1-1,1850-12-31,Note=series used to fill gaps in DeBilt | QC software=dataresqc v1.1.1
Zwanenburg,Zwanenburg,KNMI_Zwanenburg_17380114-18601130_rr_subdaily_qc.tsv,KNMI-Zwanenburg,Zwanenburg,52.32,4.74,1,KNMI,https://www.knmi.nl/nederland-nu/klimatologie/daggegevens/antieke-waarnemingen,rr,point,mm,1738-1-14,1860-11-30,QC software=dataresqc v1.1.1
Zwanenburg,Zwanenburg,KNMI_Zwanenburg_17380101-18601231_dd_subdaily_qc.tsv,KNMI-Zwanenburg,Zwanenburg,52.32,4.74,1,KNMI,https://www.knmi.nl/nederland-nu/klimatologie/daggegevens/antieke-waarnemingen,dd,point,degree,1738-1-1,1860-12-31,QC software=dataresqc v1.1.1
Zwanenburg,Zwanenburg,KNMI_Zwanenburg_17380101-18601231_p_subdaily_qc.tsv,KNMI-Zwanenburg,Zwanenburg,52.32,4.74,1,KNMI,https://www.knmi.nl/nederland-nu/klimatologie/daggegevens/antieke-waarnemingen,p,point,hPa,1738-1-1,1860-12-31,PTC=Y | PGC=Y | QC software=dataresqc v1.1.1
Zwanenburg,Zwanenburg,KNMI_Zwanenburg_17380101-18601231_ta_subdaily_qc.tsv,KNMI-Zwanenburg,Zwanenburg,52.32,4.74,1,KNMI,https://www.knmi.nl/nederland-nu/klimatologie/daggegevens/antieke-waarnemingen,ta,point,C,1738-1-1,1860-12-31,QC software=dataresqc v1.1.1
